id_municipio,nome_municipio,populacao,id_chave,ano,sigla_uf,id_municipio_residencia,total_obitos,total_beneficiarios,taxa_mortalidade,perc_cobertura_saude
1100015,Alta Floresta D'Oeste - RO,21494,110001,2021,RO,1100015.0,195,1123.0,907.2299246301293,5.224713873639155
1100023,Ariquemes - RO,96833,110002,2021,RO,1100023.0,927,6721.0,957.3182695981742,6.940815631034875
1100031,Cabixi - RO,5351,110003,2021,RO,1100031.0,49,159.0,915.7166884694449,2.9714072136049334
1100049,Cacoal - RO,86887,110004,2021,RO,1100049.0,766,8607.0,881.604843072036,9.905969822873386
1100056,Cerejeiras - RO,15890,110005,2021,RO,1100056.0,150,672.0,943.9899307740718,4.229074889867841
1100064,Colorado do Oeste - RO,15663,110006,2021,RO,1100064.0,148,1012.0,944.9019983400372,6.4610866372980915
1100072,Corumbiara - RO,7519,110007,2021,RO,1100072.0,54,80.0,718.1806091235536,1.063971272775635
1100080,Costa Marques - RO,12627,110008,2021,RO,1100080.0,101,207.0,799.8732874000159,1.639344262295082
1100098,Espigão D'Oeste - RO,29414,110009,2021,RO,1100098.0,254,1233.0,863.5343713877745,4.191881417012308
1100106,Guajará-Mirim - RO,39387,110010,2021,RO,1100106.0,384,1715.0,974.9409703709347,4.354228552568106
1100114,Jaru - RO,50591,110011,2021,RO,1100114.0,455,2636.0,899.3694530647745,5.210412919293946
1100122,Ji-Paraná - RO,124333,110012,2021,RO,1100122.0,1250,14015.0,1005.3646256424281,11.272148182702903
1100130,Machadinho D'Oeste - RO,30707,110013,2021,RO,1100130.0,251,585.0,817.40319796789,1.9051030709610186
1100148,Nova Brasilândia D'Oeste - RO,15679,110014,2021,RO,1100148.0,138,672.0,880.1581733528924,4.28598762676191
1100155,Ouro Preto do Oeste - RO,35044,110015,2021,RO,1100155.0,363,2489.0,1035.8406574591943,7.1024997146444475
1100189,Pimenta Bueno - RO,35079,110018,2021,RO,1100189.0,321,3514.0,915.0773967330881,10.01738932124633
1100205,Porto Velho - RO,460434,110020,2021,RO,1100205.0,4126,87935.0,896.1110604342858,19.098285530608077
1100254,Presidente Médici - RO,19327,110025,2021,RO,1100254.0,192,1084.0,993.4288818750971,5.608733895586485
1100262,Rio Crespo - RO,3471,110026,2021,RO,1100262.0,28,53.0,806.6839527513685,1.5269374819936616
1100288,Rolim de Moura - RO,56406,110028,2021,RO,1100288.0,483,3289.0,856.2918838421444,5.830939970925079
1100296,Santa Luzia D'Oeste - RO,7419,110029,2021,RO,1100296.0,61,192.0,822.2132362852135,2.587949858471492
1100304,Vilhena - RO,95832,110030,2021,RO,1100304.0,772,12365.0,805.5764254111363,12.902788212705568
1100320,São Miguel do Guaporé - RO,21635,110032,2021,RO,1100320.0,167,591.0,771.8973884908713,2.7316847700485325
1100338,Nova Mamoré - RO,25444,110033,2021,RO,1100338.0,192,342.0,754.5983335953466,1.3441282817167113
1100346,Alvorada D'Oeste - RO,13117,110034,2021,RO,1100346.0,108,625.0,823.3589997712891,4.76480902645422
1100379,Alto Alegre dos Parecis - RO,11479,110037,2021,RO,1100379.0,102,105.0,888.5791445247844,0.9147138252461017
1100403,Alto Paraíso - RO,16320,110040,2021,RO,1100403.0,123,212.0,753.6764705882354,1.2990196078431373
1100452,Buritis - RO,27992,110045,2021,RO,1100452.0,262,638.0,935.9817090597314,2.2792226350385825
1100502,Novo Horizonte do Oeste - RO,7667,110050,2021,RO,1100502.0,73,139.0,952.1325159775662,1.8129646537107085
1100601,Cacaulândia - RO,4150,110060,2021,RO,1100601.0,43,66.0,1036.144578313253,1.5903614457831325
1100700,Campo Novo de Rondônia - RO,8844,110070,2021,RO,1100700.0,63,65.0,712.3473541383988,0.7349615558570782
1100809,Candeias do Jamari - RO,22310,110080,2021,RO,1100809.0,198,556.0,887.4943971313312,2.492155983863738
1100908,Castanheiras - RO,3233,110090,2021,RO,1100908.0,25,50.0,773.2755954222085,1.546551190844417
1100924,Chupinguaia - RO,9324,110092,2021,RO,1100924.0,72,218.0,772.2007722007722,2.338052338052338
1100940,Cujubim - RO,14863,110094,2021,RO,1100940.0,104,192.0,699.7241472111956,1.291798425620669
1101005,Governador Jorge Teixeira - RO,8001,110100,2021,RO,1101005.0,52,72.0,649.9187601549806,0.8998875140607425
1101104,Itapuã do Oeste - RO,8548,110110,2021,RO,1101104.0,53,719.0,620.0280767430978,8.41132428638278
1101203,Ministro Andreazza - RO,6466,110120,2021,RO,1101203.0,55,183.0,850.6031549644292,2.8301886792452833
1101302,Mirante da Serra - RO,9235,110130,2021,RO,1101302.0,76,204.0,822.9561451001625,2.2089875473741203
1101401,Monte Negro - RO,11548,110140,2021,RO,1101401.0,100,155.0,865.9508139937651,1.342223761690336
1101435,Nova União - RO,6200,110143,2021,RO,1101435.0,54,60.0,870.9677419354838,0.967741935483871
1101450,Parecis - RO,4125,110145,2021,RO,1101450.0,24,69.0,581.8181818181818,1.6727272727272726
1101468,Pimenteiras do Oeste - RO,2156,110146,2021,RO,1101468.0,16,62.0,742.1150278293136,2.87569573283859
1101476,Primavera de Rondônia - RO,3076,110147,2021,RO,1101476.0,23,108.0,747.7243172951885,3.5110533159947983
1101484,São Felipe D'Oeste - RO,5258,110148,2021,RO,1101484.0,34,146.0,646.6337010270064,2.7767211867630275
1101492,São Francisco do Guaporé - RO,16286,110149,2021,RO,1101492.0,121,280.0,742.9694215890948,1.7192680830160876
1101500,Seringueiras - RO,11171,110150,2021,RO,1101500.0,85,156.0,760.8987557067406,1.3964730104735474
1101559,Teixeirópolis - RO,4256,110155,2021,RO,1101559.0,26,82.0,610.9022556390977,1.9266917293233081
1101609,Theobroma - RO,8113,110160,2021,RO,1101609.0,84,70.0,1035.3753235547886,0.8628127696289906
1101708,Urupá - RO,10725,110170,2021,RO,1101708.0,106,303.0,988.3449883449883,2.825174825174825
1101757,Vale do Anari - RO,7788,110175,2021,RO,1101757.0,67,81.0,860.2978941961993,1.0400616332819723
1101807,Vale do Paraíso - RO,6479,110180,2021,RO,1101807.0,52,78.0,802.5929927457942,1.2038894891186913
1200013,Acrelândia - AC,14021,120001,2021,AC,1200013.0,92,547.0,656.1586192140361,3.9012909207617144
1200054,Assis Brasil - AC,8100,120005,2021,AC,1200054.0,59,78.0,728.395061728395,0.962962962962963
1200104,Brasiléia - AC,26000,120010,2021,AC,1200104.0,177,301.0,680.7692307692308,1.1576923076923076
1200138,Bujari - AC,12917,120013,2021,AC,1200138.0,53,138.0,410.3119919485949,1.0683595262057752
1200179,Capixaba - AC,10392,120017,2021,AC,1200179.0,59,63.0,567.7444187836797,0.6062355658198615
1200203,Cruzeiro do Sul - AC,91888,120020,2021,AC,1200203.0,529,1428.0,575.7008532126066,1.5540658192582273
1200252,Epitaciolândia - AC,18757,120025,2021,AC,1200252.0,127,217.0,677.0805565922057,1.1569014234685717
1200302,Feijó - AC,35426,120030,2021,AC,1200302.0,188,289.0,530.6836786540958,0.8157850166544346
1200328,Jordão - AC,9222,120032,2021,AC,1200328.0,12,33.0,130.12361743656476,0.357839947950553
1200336,Mâncio Lima - AC,19294,120033,2021,AC,1200336.0,90,29.0,466.46625894060327,0.1503057945475277
1200344,Manoel Urbano - AC,11996,120034,2021,AC,1200344.0,86,58.0,716.9056352117373,0.4834944981660554
1200351,Marechal Thaumaturgo - AC,17093,120035,2021,AC,1200351.0,56,25.0,327.6194933598549,0.14625870239279237
1200385,Plácido de Castro - AC,16560,120038,2021,AC,1200385.0,99,284.0,597.8260869565217,1.714975845410628
1200393,Porto Walter - AC,10735,120039,2021,AC,1200393.0,31,22.0,288.77503493246394,0.20493712156497437
1200401,Rio Branco - AC,364756,120040,2021,AC,1200401.0,2865,38105.0,785.4565791926657,10.446709581199487
1200427,Rodrigues Alves - AC,14938,120042,2021,AC,1200427.0,69,25.0,461.90922479582275,0.1673584147810952
1200435,Santa Rosa do Purus - AC,6723,120043,2021,AC,1200435.0,42,40.0,624.7211066488176,0.5949724825226833
1200450,Senador Guiomard - AC,21454,120045,2021,AC,1200450.0,166,413.0,773.7484851309779,1.9250489419222523
1200500,Sena Madureira - AC,41343,120050,2021,AC,1200500.0,235,317.0,568.4154512251167,0.7667561618653702
1200609,Tarauacá - AC,43467,120060,2021,AC,1200609.0,242,275.0,556.7441967469574,0.6326638599397244
1200708,Xapuri - AC,18243,120070,2021,AC,1200708.0,99,151.0,542.6739023186975,0.8277147399002358
1200807,Porto Acre - AC,16693,120080,2021,AC,1200807.0,109,95.0,652.9683100700893,0.5691008207032888
1300029,Alvarães - AM,15866,130002,2021,AM,1300029.0,68,10.0,428.58943653094667,0.06302785831337451
1300060,Amaturá - AM,10819,130006,2021,AM,1300060.0,58,21.0,536.0939088640355,0.1941029670024956
1300086,Anamã - AM,9962,130008,2021,AM,1300086.0,42,22.0,421.6020879341498,0.22083918891788798
1300102,Anori - AM,17194,130010,2021,AM,1300102.0,71,55.0,412.9347446783762,0.3198790275677562
1300144,Apuí - AM,20647,130014,2021,AM,1300144.0,91,56.0,440.74199641594424,0.27122584394827337
1300201,Atalaia do Norte - AM,15314,130020,2021,AM,1300201.0,59,33.0,385.2683818727961,0.21548909494580124
1300300,Autazes - AM,41564,130030,2021,AM,1300300.0,208,81.0,500.4330670772784,0.19488018477528632
1300409,Barcelos - AM,18834,130040,2021,AM,1300409.0,96,51.0,509.71647021344376,0.270786874800892
1300508,Barreirinha - AM,31051,130050,2021,AM,1300508.0,178,51.0,573.2504589224179,0.16424591800586133
1300607,Benjamin Constant - AM,37648,130060,2021,AM,1300607.0,180,97.0,478.11304717382063,0.25764980875478116
1300631,Beruri - AM,20718,130063,2021,AM,1300631.0,93,18.0,448.8850275123081,0.08688097306689835
1300680,Boa Vista do Ramos - AM,23785,130068,2021,AM,1300680.0,77,19.0,323.73344544881223,0.07988227874710951
1300706,Boca do Acre - AM,35447,130070,2021,AM,1300706.0,178,100.0,502.15815160662396,0.28211132112731685
1300805,Borba - AM,33080,130080,2021,AM,1300805.0,194,82.0,586.4570737605804,0.2478839177750907
1300839,Caapiranga - AM,13469,130083,2021,AM,1300839.0,49,33.0,363.7983517707328,0.24500705323335067
1300904,Canutama - AM,16869,130090,2021,AM,1300904.0,40,13.0,237.1213468492501,0.07706443772600628
1301001,Carauari - AM,28742,130100,2021,AM,1301001.0,135,192.0,469.69591538515067,0.6680119685477698
1301100,Careiro - AM,30792,130110,2021,AM,1301100.0,233,52.0,756.690049363471,0.16887503247596777
1301159,Careiro da Várzea - AM,19637,130115,2021,AM,1301159.0,80,32.0,407.39420481743645,0.1629576819269746
1301209,Coari - AM,70616,130120,2021,AM,1301209.0,457,442.0,647.1621162342813,0.625920471281296
1301308,Codajás - AM,23549,130130,2021,AM,1301308.0,114,84.0,484.09698925644403,0.35670304471527453
1301407,Eirunepé - AM,33170,130140,2021,AM,1301407.0,188,88.0,566.7772083207718,0.26529996985227616
1301506,Envira - AM,17186,130150,2021,AM,1301506.0,91,33.0,529.500756429652,0.19201675782613756
1301605,Fonte Boa - AM,25871,130160,2021,AM,1301605.0,111,56.0,429.0518340999575,0.2164585829693479
1301654,Guajará - AM,13815,130165,2021,AM,1301654.0,64,13.0,463.26456749909516,0.09410061527325371
1301704,Humaitá - AM,57473,130170,2021,AM,1301704.0,293,527.0,509.8046039009622,0.9169523080402971
1301803,Ipixuna - AM,24311,130180,2021,AM,1301803.0,56,24.0,230.3484019579614,0.09872074369626918
1301852,Iranduba - AM,61163,130185,2021,AM,1301852.0,469,754.0,766.8034596079328,1.2327714467897257
1301902,Itacoatiara - AM,103598,130190,2021,AM,1301902.0,724,2628.0,698.8551902546382,2.5367285082723607
1301951,Itamarati - AM,10937,130195,2021,AM,1301951.0,37,26.0,338.3011794824906,0.2377251531498583
1302009,Itapiranga - AM,10162,130200,2021,AM,1302009.0,68,138.0,669.1596142491636,1.3580003936233025
1302108,Japurá - AM,8858,130210,2021,AM,1302108.0,23,44.0,259.6522917137051,0.4967261232783924
1302207,Juruá - AM,10742,130220,2021,AM,1302207.0,49,34.0,456.153416495997,0.31651461552783466
1302306,Jutaí - AM,25172,130230,2021,AM,1302306.0,93,40.0,369.4581280788177,0.1589067217543302
1302405,Lábrea - AM,45448,130240,2021,AM,1302405.0,203,133.0,446.6643196620313,0.2926421404682274
1302504,Manacapuru - AM,101883,130250,2021,AM,1302504.0,743,625.0,729.2678857120422,0.6134487598519871
1302553,Manaquiri - AM,17107,130255,2021,AM,1302553.0,105,25.0,613.7838311802186,0.14613900742386157
1302603,Manaus - AM,2063689,130260,2021,AM,1302603.0,18728,569030.0,907.5010818006008,27.57343766429922
1302702,Manicoré - AM,53914,130270,2021,AM,1302702.0,249,73.0,461.84664465630453,0.13540082353377603
1302801,Maraã - AM,15529,130280,2021,AM,1302801.0,58,22.0,373.49475175478136,0.14167042307939984
1302900,Maués - AM,61204,130290,2021,AM,1302900.0,338,217.0,552.2514868309261,0.3545519900660088
1303007,Nhamundá - AM,20136,130300,2021,AM,1303007.0,98,15.0,486.6905045689313,0.07449344457687723
1303106,Nova Olinda do Norte - AM,27062,130310,2021,AM,1303106.0,153,54.0,565.3684132732244,0.1995417929199616
1303205,Novo Airão - AM,15761,130320,2021,AM,1303205.0,102,41.0,647.1670579277965,0.2601357781866633
1303304,Novo Aripuanã - AM,23818,130330,2021,AM,1303304.0,98,36.0,411.45352254597367,0.15114619195566378
1303403,Parintins - AM,96372,130340,2021,AM,1303403.0,747,656.0,775.1214045573403,0.6806956377371021
1303502,Pauini - AM,19373,130350,2021,AM,1303502.0,89,25.0,459.4022608785423,0.12904557889846693
1303536,Presidente Figueiredo - AM,30668,130353,2021,AM,1303536.0,209,393.0,681.4921090387375,1.281466023216382
1303569,Rio Preto da Eva - AM,24936,130356,2021,AM,1303569.0,170,133.0,681.7452678857876,0.5333654154635867
1303601,Santa Isabel do Rio Negro - AM,14164,130360,2021,AM,1303601.0,91,11.0,642.4738774357526,0.07766167749223384
1303700,Santo Antônio do Içá - AM,28211,130370,2021,AM,1303700.0,110,58.0,389.9188259898621,0.20559356279465454
1303809,São Gabriel da Cachoeira - AM,51795,130380,2021,AM,1303809.0,329,127.0,635.1964475335458,0.2451974128776909
1303908,São Paulo de Olivença - AM,32967,130390,2021,AM,1303908.0,180,104.0,546.000546000546,0.3154669821336488
1303957,São Sebastião do Uatumã - AM,11670,130395,2021,AM,1303957.0,35,11.0,299.91431019708654,0.09425878320479864
1304005,Silves - AM,11559,130400,2021,AM,1304005.0,65,23.0,562.3323816939181,0.19897915044554026
1304062,Tabatinga - AM,66764,130406,2021,AM,1304062.0,372,331.0,557.1865076987598,0.4957761667964772
1304104,Tapauá - AM,19599,130410,2021,AM,1304104.0,82,19.0,418.3886933006786,0.09694372161844991
1304203,Tefé - AM,73669,130420,2021,AM,1304203.0,400,495.0,542.9692272190474,0.6719244186835711
1304237,Tonantins - AM,19247,130423,2021,AM,1304237.0,77,25.0,400.06234737881226,0.1298903725255884
1304260,Uarini - AM,14431,130426,2021,AM,1304260.0,75,27.0,519.7145034994111,0.18709722125978798
1304302,Urucará - AM,18631,130430,2021,AM,1304302.0,96,45.0,515.2702485105469,0.24153292898931888
1304401,Urucurituba - AM,23945,130440,2021,AM,1304401.0,87,20.0,363.33263729379826,0.08352474420547087
1400027,Amajari - RR,13927,140002,2021,RR,1400027.0,118,30.0,847.2750771881955,0.21540891792920228
1400050,Alto Alegre - RR,21096,140005,2021,RR,1400050.0,199,32.0,943.3067880166856,0.15168752370117558
1400100,Boa Vista - RR,413486,140010,2021,RR,1400100.0,2896,31195.0,700.3864701586027,7.5443908620848115
1400159,Bonfim - RR,13923,140015,2021,RR,1400159.0,89,28.0,639.2300509947569,0.20110608345902461
1400175,Cantá - RR,18682,140017,2021,RR,1400175.0,110,160.0,588.8020554544481,0.8564393533882882
1400209,Caracaraí - RR,20957,140020,2021,RR,1400209.0,185,125.0,882.7599370138855,0.596459416901274
1400233,Caroebe - RR,10656,140023,2021,RR,1400233.0,36,12.0,337.83783783783787,0.11261261261261261
1400282,Iracema - RR,10023,140028,2021,RR,1400282.0,61,12.0,608.6002194951611,0.11972463334331039
1400308,Mucajaí - RR,18095,140030,2021,RR,1400308.0,105,89.0,580.2707930367505,0.49184857695496
1400407,Normandia - RR,13986,140040,2021,RR,1400407.0,57,24.0,407.55040755040756,0.1716001716001716
1400456,Pacaraima - RR,19305,140045,2021,RR,1400456.0,97,126.0,502.4605024605024,0.6526806526806527
1400472,Rorainópolis - RR,32647,140047,2021,RR,1400472.0,173,168.0,529.9108647042607,0.5145955217937329
1400506,São João da Baliza - RR,8858,140050,2021,RR,1400506.0,43,42.0,485.43689320388347,0.4741476631293746
1400605,São Luiz - RR,7315,140060,2021,RR,1400605.0,38,39.0,519.4805194805194,0.5331510594668489
1400704,Uiramutã - RR,13751,140070,2021,RR,1400704.0,99,6.0,719.9476401716239,0.043633190313431755
1500107,Abaetetuba - PA,158188,150010,2021,PA,1500107.0,879,9686.0,555.667939413862,6.123094040003035
1500131,Abel Figueiredo - PA,6136,150013,2021,PA,1500131.0,62,69.0,1010.4302477183833,1.124511082138201
1500206,Acará - PA,59023,150020,2021,PA,1500206.0,242,392.0,410.0096572522576,0.6641478745573759
1500305,Afuá - PA,37765,150030,2021,PA,1500305.0,105,88.0,278.0352177942539,0.23301999205613666
1500347,Água Azul do Norte - PA,18080,150034,2021,PA,1500347.0,99,631.0,547.566371681416,3.49004424778761
1500404,Alenquer - PA,69377,150040,2021,PA,1500404.0,379,485.0,546.2905573893365,0.6990789454718422
1500503,Almeirim - PA,34280,150050,2021,PA,1500503.0,149,2040.0,434.65577596266047,5.950991831971995
1500602,Altamira - PA,126279,150060,2021,PA,1500602.0,900,6825.0,712.7075760815338,5.404699118618297
1500701,Anajás - PA,28011,150070,2021,PA,1500701.0,101,126.0,360.5726321802149,0.4498232837099711
1500800,Ananindeua - PA,478778,150080,2021,PA,1500800.0,3484,93235.0,727.6859003546529,19.473534707108513
1500859,Anapu - PA,31850,150085,2021,PA,1500859.0,205,148.0,643.6420722135008,0.46467817896389324
1500909,Augusto Corrêa - PA,44573,150090,2021,PA,1500909.0,232,179.0,520.494469746259,0.4015884055369842
1500958,Aurora do Pará - PA,23774,150095,2021,PA,1500958.0,118,135.0,496.340540085808,0.5678472280642719
1501006,Aveiro - PA,18290,150100,2021,PA,1501006.0,66,59.0,360.8529250956807,0.3225806451612903
1501105,Bagre - PA,31892,150110,2021,PA,1501105.0,71,44.0,222.6263639784272,0.13796563401479994
1501204,Baião - PA,51641,150120,2021,PA,1501204.0,151,135.0,292.40332294107395,0.26142018938440387
1501253,Bannach - PA,4031,150125,2021,PA,1501253.0,21,10.0,520.9625403125775,0.24807740014884647
1501303,Barcarena - PA,126650,150130,2021,PA,1501303.0,660,20715.0,521.1212001579155,16.356099486774575
1501402,Belém - PA,1303403,150140,2021,PA,1501402.0,11890,409220.0,912.2274538266369,31.396275748943342
1501451,Belterra - PA,18099,150145,2021,PA,1501451.0,136,341.0,751.4227305375988,1.8840819934803028
1501501,Benevides - PA,63567,150150,2021,PA,1501501.0,423,4490.0,665.4396148945208,7.063413406327182
1501576,Bom Jesus do Tocantins - PA,18005,150157,2021,PA,1501576.0,99,202.0,549.8472646487087,1.121910580394335
1501600,Bonito - PA,12622,150160,2021,PA,1501600.0,71,263.0,562.5099033433687,2.0836634447789573
1501709,Bragança - PA,123082,150170,2021,PA,1501709.0,751,1785.0,610.1623308038543,1.4502526770770705
1501725,Brasil Novo - PA,24718,150172,2021,PA,1501725.0,113,186.0,457.156727890606,0.7524880653774577
1501758,Brejo Grande do Araguaia - PA,6783,150175,2021,PA,1501758.0,37,51.0,545.4813504349108,0.7518796992481203
1501782,Breu Branco - PA,45712,150178,2021,PA,1501782.0,263,919.0,575.3412670633531,2.0104130206510322
1501808,Breves - PA,106968,150180,2021,PA,1501808.0,422,851.0,394.5105078154214,0.7955650287936579
1501907,Bujaru - PA,24383,150190,2021,PA,1501907.0,138,121.0,565.9680925234794,0.4962473854734856
1501956,Cachoeira do Piriá - PA,19630,150195,2021,PA,1501956.0,81,43.0,412.6337238920021,0.21905247070809986
1502004,Cachoeira do Arari - PA,23981,150200,2021,PA,1502004.0,92,99.0,383.63704599474585,0.4128268212334765
1502103,Cametá - PA,134184,150210,2021,PA,1502103.0,617,867.0,459.81637154951414,0.6461277052405652
1502152,Canaã dos Carajás - PA,77079,150215,2021,PA,1502152.0,308,25414.0,399.5900310071485,32.97136703901192
1502202,Capanema - PA,70394,150220,2021,PA,1502202.0,538,3558.0,764.2696820751769,5.0544080461402965
1502301,Capitão Poço - PA,56506,150230,2021,PA,1502301.0,297,680.0,525.6079000460128,1.2034120270413762
1502400,Castanhal - PA,192256,150240,2021,PA,1502400.0,1411,15821.0,733.9172769640479,8.229131990679095
1502509,Chaves - PA,20757,150250,2021,PA,1502509.0,33,48.0,158.9825119236884,0.2312472900708195
1502608,Colares - PA,12868,150260,2021,PA,1502608.0,79,50.0,613.9260180292198,0.3885607709045695
1502707,Conceição do Araguaia - PA,44617,150270,2021,PA,1502707.0,412,1660.0,923.4148418764148,3.72055494542439
1502756,Concórdia do Pará - PA,26881,150275,2021,PA,1502756.0,129,347.0,479.89286112867825,1.2908745954391576
1502764,Cumaru do Norte - PA,14036,150276,2021,PA,1502764.0,76,21.0,541.4648047876889,0.14961527500712452
1502772,Curionópolis - PA,19950,150277,2021,PA,1502772.0,174,2382.0,872.1804511278194,11.93984962406015
1502806,Curralinho - PA,33903,150280,2021,PA,1502806.0,113,93.0,333.30383741851756,0.2743120077869215
1502855,Curuá - PA,14117,150285,2021,PA,1502855.0,81,45.0,573.7762980803287,0.31876461004462703
1502905,Curuçá - PA,41262,150290,2021,PA,1502905.0,234,191.0,567.1077504725898,0.46289564247976345
1502939,Dom Eliseu - PA,58484,150293,2021,PA,1502939.0,261,1276.0,446.2759045208946,2.1817933109910403
1502954,Eldorado do Carajás - PA,28192,150295,2021,PA,1502954.0,212,277.0,751.9863791146424,0.9825482406356414
1503002,Faro - PA,8728,150300,2021,PA,1503002.0,65,70.0,744.7296058661778,0.8020164986251146
1503044,Floresta do Araguaia - PA,17898,150304,2021,PA,1503044.0,116,125.0,648.1171080567661,0.6984020560956532
1503077,Garrafão do Norte - PA,24703,150307,2021,PA,1503077.0,141,55.0,570.780876816581,0.22264502287171598
1503093,Goianésia do Pará - PA,26362,150309,2021,PA,1503093.0,147,164.0,557.6208178438661,0.622107579091116
1503101,Gurupá - PA,31786,150310,2021,PA,1503101.0,102,89.0,320.8959919461398,0.2799974831686906
1503200,Igarapé-Açu - PA,35797,150320,2021,PA,1503200.0,283,692.0,790.5690420984998,1.9331228873927984
1503309,Igarapé-Miri - PA,64831,150330,2021,PA,1503309.0,311,617.0,479.7087812929,0.9517052027579399
1503408,Inhangapi - PA,10325,150340,2021,PA,1503408.0,64,79.0,619.8547215496368,0.7651331719128329
1503457,Ipixuna do Pará - PA,30329,150345,2021,PA,1503457.0,170,545.0,560.5196346730851,1.7969600052754788
1503507,Irituia - PA,30955,150350,2021,PA,1503507.0,201,193.0,649.329672104668,0.6234857050557261
1503606,Itaituba - PA,123314,150360,2021,PA,1503606.0,929,12584.0,753.3613377232107,10.204842921322802
1503705,Itupiranga - PA,49754,150370,2021,PA,1503705.0,289,322.0,580.8578204767456,0.6471841459983116
1503754,Jacareacanga - PA,24042,150375,2021,PA,1503754.0,132,82.0,549.0391814324931,0.34106979452624575
1503804,Jacundá - PA,37707,150380,2021,PA,1503804.0,293,479.0,777.0440501763599,1.270321160527223
1503903,Juruti - PA,50881,150390,2021,PA,1503903.0,266,4711.0,522.7884672077986,9.258858906074959
1504000,Limoeiro do Ajuru - PA,29569,150400,2021,PA,1504000.0,105,55.0,355.1016267036423,0.18600561398762216
1504059,Mãe do Rio - PA,34353,150405,2021,PA,1504059.0,248,520.0,721.9165720606643,1.5136960381917153
1504109,Magalhães Barata - PA,8115,150410,2021,PA,1504109.0,61,33.0,751.694393099199,0.4066543438077634
1504208,Marabá - PA,266533,150420,2021,PA,1504208.0,1604,27113.0,601.8016530786057,10.172473952568724
1504307,Maracanã - PA,25971,150430,2021,PA,1504307.0,190,100.0,731.5852296792576,0.38504485772592506
1504406,Marapanim - PA,26573,150440,2021,PA,1504406.0,178,188.0,669.8528581643021,0.7074850412072404
1504422,Marituba - PA,111785,150442,2021,PA,1504422.0,763,5989.0,682.5602719506195,5.357606118888938
1504455,Medicilândia - PA,27094,150445,2021,PA,1504455.0,192,196.0,708.6439802170222,0.7234073964715435
1504505,Melgaço - PA,27881,150450,2021,PA,1504505.0,62,21.0,222.37365948136724,0.07532011046949535
1504604,Mocajuba - PA,27198,150460,2021,PA,1504604.0,177,218.0,650.7831458195456,0.8015295242297228
1504703,Moju - PA,84094,150470,2021,PA,1504703.0,317,758.0,376.9591171783956,0.901372273883987
1504752,Mojuí dos Campos - PA,23501,150475,2021,PA,1504752.0,130,171.0,553.1679502999872,0.7276286115484447
1504802,Monte Alegre - PA,60012,150480,2021,PA,1504802.0,440,677.0,733.1866959941345,1.1281077117909752
1504901,Muaná - PA,45368,150490,2021,PA,1504901.0,137,181.0,301.97496032445775,0.39895961911479455
1504950,Nova Esperança do Piriá - PA,20478,150495,2021,PA,1504950.0,92,56.0,449.2626233030569,0.2734642054888173
1504976,Nova Ipixuna - PA,13955,150497,2021,PA,1504976.0,89,44.0,637.7642422070943,0.31529917592260837
1505007,Nova Timboteua - PA,12806,150500,2021,PA,1505007.0,84,188.0,655.9425269404966,1.468061846009683
1505031,Novo Progresso - PA,33638,150503,2021,PA,1505031.0,218,754.0,648.0765800582674,2.2415125750639158
1505064,Novo Repartimento - PA,60732,150506,2021,PA,1505064.0,343,249.0,564.7763946519133,0.40999802410590797
1505106,Óbidos - PA,52229,150510,2021,PA,1505106.0,334,600.0,639.491470255988,1.1487870723161462
1505205,Oeiras do Pará - PA,33844,150520,2021,PA,1505205.0,120,133.0,354.5680179647796,0.3929795532442974
1505304,Oriximiná - PA,68294,150530,2021,PA,1505304.0,408,6185.0,597.4170498140393,9.056432483087825
1505403,Ourém - PA,17855,150540,2021,PA,1505403.0,118,108.0,660.879305516662,0.6048725847101653
1505437,Ourilândia do Norte - PA,32467,150543,2021,PA,1505437.0,201,3279.0,619.0901530785104,10.099485631564358
1505486,Pacajá - PA,41097,150548,2021,PA,1505486.0,251,194.0,610.7501764119036,0.472053921210794
1505494,Palestina do Pará - PA,6885,150549,2021,PA,1505494.0,45,29.0,653.5947712418301,0.4212055192447349
1505502,Paragominas - PA,105550,150550,2021,PA,1505502.0,622,11021.0,589.2941733775461,10.441496920890573
1505536,Parauapebas - PA,267836,150553,2021,PA,1505536.0,1207,92122.0,450.6489045535328,34.394928239669056
1505551,Pau D'Arco - PA,6931,150555,2021,PA,1505551.0,60,67.0,865.6759486365604,0.9666714759774924
1505601,Peixe-Boi - PA,8285,150560,2021,PA,1505601.0,56,57.0,675.9203379601689,0.687990343995172
1505635,Piçarra - PA,12832,150563,2021,PA,1505635.0,67,29.0,522.1321695760598,0.22599750623441398
1505650,Placas - PA,18668,150565,2021,PA,1505650.0,102,56.0,546.3895436040283,0.2999785729590743
1505700,Ponta de Pedras - PA,24984,150570,2021,PA,1505700.0,115,179.0,460.29458853666347,0.7164585334614153
1505809,Portel - PA,62503,150580,2021,PA,1505809.0,262,244.0,419.17987936579044,0.39038126169943843
1505908,Porto de Moz - PA,40597,150590,2021,PA,1505908.0,131,168.0,322.683942163214,0.4138236815528241
1506005,Prainha - PA,35577,150600,2021,PA,1506005.0,165,85.0,463.7827810102032,0.23891840233858955
1506104,Primavera - PA,10851,150610,2021,PA,1506104.0,83,302.0,764.9064602340799,2.7831536263938808
1506112,Quatipuru - PA,11524,150611,2021,PA,1506112.0,67,109.0,581.3953488372093,0.9458521346754598
1506138,Redenção - PA,85597,150613,2021,PA,1506138.0,764,4677.0,892.5546456067385,5.463976541233921
1506161,Rio Maria - PA,18384,150616,2021,PA,1506161.0,155,672.0,843.124456048738,3.6553524804177546
1506187,Rondon do Pará - PA,53143,150618,2021,PA,1506187.0,301,1451.0,566.3963268915943,2.730369004384397
1506195,Rurópolis - PA,35769,150619,2021,PA,1506195.0,152,199.0,424.9489781654505,0.5563476753613464
1506203,Salinópolis - PA,44772,150620,2021,PA,1506203.0,309,681.0,690.1634950415438,1.521039935674082
1506302,Salvaterra - PA,24129,150630,2021,PA,1506302.0,150,186.0,621.6585851050603,0.7708566455302748
1506351,Santa Bárbara do Pará - PA,21087,150635,2021,PA,1506351.0,135,601.0,640.2048655569782,2.8500972162943996
1506401,Santa Cruz do Arari - PA,7445,150640,2021,PA,1506401.0,39,38.0,523.8415043653459,0.5104096709200806
1506500,Santa Izabel do Pará - PA,73019,150650,2021,PA,1506500.0,443,2243.0,606.6914090853066,3.0718032292964845
1506559,Santa Luzia do Pará - PA,20370,150655,2021,PA,1506559.0,106,118.0,520.3730976926853,0.5792832596956309
1506583,Santa Maria das Barreiras - PA,16548,150658,2021,PA,1506583.0,109,169.0,658.6898718878414,1.021271452743534
1506609,Santa Maria do Pará - PA,24624,150660,2021,PA,1506609.0,215,339.0,873.1319038336582,1.3767056530214423
1506708,Santana do Araguaia - PA,32413,150670,2021,PA,1506708.0,226,547.0,697.251102952519,1.687594483694814
1506807,Santarém - PA,331942,150680,2021,PA,1506807.0,2417,36687.0,728.1392532430364,11.052232016436607
1506906,Santarém Novo - PA,6116,150690,2021,PA,1506906.0,31,30.0,506.8672334859386,0.49051667756703726
1507003,Santo Antônio do Tauá - PA,27461,150700,2021,PA,1507003.0,206,487.0,750.1547649393685,1.7734241287644295
1507102,São Caetano de Odivelas - PA,16666,150710,2021,PA,1507102.0,122,75.0,732.0292811712469,0.45001800072002884
1507151,São Domingos do Araguaia - PA,21092,150715,2021,PA,1507151.0,164,224.0,777.545989000569,1.0620140337568746
1507201,São Domingos do Capim - PA,30599,150720,2021,PA,1507201.0,146,90.0,477.13977580966696,0.29412725906075365
1507300,São Félix do Xingu - PA,65418,150730,2021,PA,1507300.0,333,479.0,509.03421076767864,0.7322143752484026
1507409,São Francisco do Pará - PA,14894,150740,2021,PA,1507409.0,122,181.0,819.1217940110112,1.2152544648851886
1507458,São Geraldo do Araguaia - PA,24255,150745,2021,PA,1507458.0,166,240.0,684.3949701092558,0.9894867037724181
1507466,São João da Ponta - PA,4430,150746,2021,PA,1507466.0,49,16.0,1106.0948081264107,0.3611738148984198
1507474,São João de Pirabas - PA,20689,150747,2021,PA,1507474.0,133,83.0,642.8536903668615,0.4011793706800716
1507508,São João do Araguaia - PA,13664,150750,2021,PA,1507508.0,78,57.0,570.8430913348947,0.4171545667447307
1507607,São Miguel do Guamá - PA,52894,150760,2021,PA,1507607.0,324,656.0,612.5458464098008,1.2402162816198434
1507706,São Sebastião da Boa Vista - PA,25643,150770,2021,PA,1507706.0,89,112.0,347.07327535779746,0.4367663689895878
1507755,Sapucaia - PA,5847,150775,2021,PA,1507755.0,42,612.0,718.3170856849666,10.466906105695228
1507805,Senador José Porfírio - PA,22576,150780,2021,PA,1507805.0,60,138.0,265.7689581856839,0.611268603827073
1507904,Soure - PA,24204,150790,2021,PA,1507904.0,169,283.0,698.2316972401255,1.1692282267393819
1507953,Tailândia - PA,72493,150795,2021,PA,1507953.0,444,2228.0,612.4729284206751,3.0734001903632078
1507961,Terra Alta - PA,10400,150796,2021,PA,1507961.0,83,43.0,798.0769230769231,0.4134615384615385
1507979,Terra Santa - PA,18782,150797,2021,PA,1507979.0,101,505.0,537.748908529443,2.6887445426472154
1508001,Tomé-Açu - PA,67585,150800,2021,PA,1508001.0,359,1829.0,531.1829547976622,2.7062217947769476
1508035,Tracuateua - PA,28595,150803,2021,PA,1508035.0,153,90.0,535.0585766742438,0.3147403392201434
1508050,Trairão - PA,15242,150805,2021,PA,1508050.0,102,119.0,669.2035165988716,0.7807374360320167
1508084,Tucumã - PA,39550,150808,2021,PA,1508084.0,265,1750.0,670.0379266750948,4.424778761061947
1508100,Tucuruí - PA,91306,150810,2021,PA,1508100.0,613,4178.0,671.3688038025979,4.5758219613168905
1508126,Ulianópolis - PA,37972,150812,2021,PA,1508126.0,136,334.0,358.15864321078686,0.8795954914147266
1508159,Uruará - PA,43558,150815,2021,PA,1508159.0,286,359.0,656.5958032967537,0.8241884384039672
1508209,Vigia - PA,50832,150820,2021,PA,1508209.0,317,560.0,623.6229146994019,1.1016682404784388
1508308,Viseu - PA,58692,150830,2021,PA,1508308.0,260,144.0,442.990526817965,0.24534859946841137
1508357,Vitória do Xingu - PA,15607,150835,2021,PA,1508357.0,107,197.0,685.5897994489652,1.2622541167424874
1508407,Xinguara - PA,52893,150840,2021,PA,1508407.0,335,2216.0,633.3541300361106,4.189590304955288
1600055,Serra do Navio - AP,4673,160005,2021,AP,1600055.0,13,321.0,278.1938797346458,6.869248876524717
1600105,Amapá - AP,7943,160010,2021,AP,1600105.0,32,177.0,402.87045197028834,2.2283771874606573
1600154,Pedra Branca do Amapari - AP,12847,160015,2021,AP,1600154.0,44,539.0,342.4924106795361,4.195532030824317
1600204,Calçoene - AP,10612,160020,2021,AP,1600204.0,55,81.0,518.2811911044101,0.7632868450810403
1600212,Cutias - AP,4461,160021,2021,AP,1600212.0,10,24.0,224.16498542927593,0.5379959650302623
1600238,Ferreira Gomes - AP,6666,160023,2021,AP,1600238.0,33,110.0,495.0495049504951,1.65016501650165
1600253,Itaubal - AP,5599,160025,2021,AP,1600253.0,12,10.0,214.3239864261475,0.1786033220217896
1600279,Laranjal do Jari - AP,35114,160027,2021,AP,1600279.0,234,1148.0,666.4008657515521,3.269351255909324
1600303,Macapá - AP,442933,160030,2021,AP,1600303.0,3181,51532.0,718.1673074708816,11.634265227472326
1600402,Mazagão - AP,21924,160040,2021,AP,1600402.0,102,171.0,465.2435686918446,0.7799671592775042
1600501,Oiapoque - AP,27482,160050,2021,AP,1600501.0,116,242.0,422.09446182956117,0.8805763772651191
1600535,Porto Grande - AP,17848,160053,2021,AP,1600535.0,81,810.0,453.8323621694307,4.538323621694308
1600550,Pracuúba - AP,3803,160055,2021,AP,1600550.0,11,7.0,289.2453326321325,0.18406521167499343
1600600,Santana - AP,107618,160060,2021,AP,1600600.0,702,6150.0,652.3072348491887,5.714657399319816
1600709,Tartarugalzinho - AP,12945,160070,2021,AP,1600709.0,65,174.0,502.1243723445346,1.3441483198146003
1600808,Vitória do Jari - AP,11291,160080,2021,AP,1600808.0,59,578.0,522.5400761668585,5.119121424143123
1700251,Abreulândia - TO,2576,170025,2021,TO,1700251.0,15,37.0,582.2981366459627,1.436335403726708
1700301,Aguiarnópolis - TO,4497,170030,2021,TO,1700301.0,32,85.0,711.585501445408,1.890148988214365
1700350,Aliança do Tocantins - TO,5147,170035,2021,TO,1700350.0,66,174.0,1282.300369147076,3.3806100641150185
1700400,Almas - TO,6499,170040,2021,TO,1700400.0,39,198.0,600.0923218956763,3.04662255731651
1700707,Alvorada - TO,8802,170070,2021,TO,1700707.0,86,635.0,977.050670302204,7.214269484208134
1701002,Ananás - TO,10325,170100,2021,TO,1701002.0,70,138.0,677.9661016949152,1.3365617433414043
1701051,Angico - TO,2876,170105,2021,TO,1701051.0,29,51.0,1008.3449235048678,1.773296244784423
1701101,Aparecida do Rio Negro - TO,4856,170110,2021,TO,1701101.0,39,76.0,803.1301482701812,1.5650741350906094
1701309,Aragominas - TO,5290,170130,2021,TO,1701309.0,26,18.0,491.49338374291113,0.3402646502835539
1701903,Araguacema - TO,5927,170190,2021,TO,1701903.0,56,80.0,944.8287497891008,1.3497553568415726
1702000,Araguaçu - TO,8133,170200,2021,TO,1702000.0,60,313.0,737.7351530800443,3.848518381900898
1702109,Araguaína - TO,171301,170210,2021,TO,1702109.0,1281,17628.0,747.8064926649582,10.290657964635349
1702158,Araguanã - TO,4310,170215,2021,TO,1702158.0,36,47.0,835.2668213457077,1.0904872389791183
1702208,Araguatins - TO,31918,170220,2021,TO,1702208.0,249,1368.0,780.1240679240553,4.285982831004449
1702307,Arapoema - TO,5550,170230,2021,TO,1702307.0,48,140.0,864.8648648648649,2.5225225225225225
1702406,Arraias - TO,10287,170240,2021,TO,1702406.0,87,747.0,845.7276173811607,7.26159230096238
1702554,Augustinópolis - TO,17484,170255,2021,TO,1702554.0,139,546.0,795.0125829329673,3.1228551818805768
1702703,Aurora do Tocantins - TO,3342,170270,2021,TO,1702703.0,33,66.0,987.4326750448832,1.9748653500897666
1702901,Axixá do Tocantins - TO,10262,170290,2021,TO,1702901.0,99,205.0,964.7242252972129,1.9976612746053402
1703008,Babaçulândia - TO,7880,170300,2021,TO,1703008.0,54,74.0,685.2791878172588,0.9390862944162437
1703057,Bandeirantes do Tocantins - TO,3407,170305,2021,TO,1703057.0,24,492.0,704.4320516583505,14.440857058996185
1703073,Barra do Ouro - TO,4476,170307,2021,TO,1703073.0,38,19.0,848.9722966934763,0.42448614834673815
1703107,Barrolândia - TO,4846,170310,2021,TO,1703107.0,66,92.0,1361.947998349154,1.8984729673957903
1703206,Bernardo Sayão - TO,4229,170320,2021,TO,1703206.0,38,95.0,898.5575786237881,2.2463939465594702
1703305,Bom Jesus do Tocantins - TO,4038,170330,2021,TO,1703305.0,22,420.0,544.8241703813769,10.401188707280832
1703602,Brasilândia do Tocantins - TO,1974,170360,2021,TO,1703602.0,21,4.0,1063.8297872340424,0.2026342451874367
1703701,Brejinho de Nazaré - TO,4725,170370,2021,TO,1703701.0,48,48.0,1015.8730158730159,1.0158730158730158
1703800,Buriti do Tocantins - TO,10307,170380,2021,TO,1703800.0,77,87.0,747.0651013874066,0.8440865431260309
1703826,Cachoeirinha - TO,1961,170382,2021,TO,1703826.0,15,188.0,764.9158592554819,9.58694543600204
1703842,Campos Lindos - TO,8653,170384,2021,TO,1703842.0,57,163.0,658.7310759274241,1.883739743441581
1703867,Cariri do Tocantins - TO,4007,170386,2021,TO,1703867.0,29,143.0,723.733466433741,3.5687546793112057
1703883,Carmolândia - TO,2201,170388,2021,TO,1703883.0,21,34.0,954.1117673784643,1.5447523852794183
1703891,Carrasco Bonito - TO,3318,170389,2021,TO,1703891.0,33,9.0,994.5750452079566,0.27124773960216997
1703909,Caseara - TO,4847,170390,2021,TO,1703909.0,48,71.0,990.3032803796162,1.4648236022281824
1704105,Centenário - TO,2131,170410,2021,TO,1704105.0,12,60.0,563.1159080244017,2.8155795401220085
1704600,Chapada de Areia - TO,1501,170460,2021,TO,1704600.0,11,1.0,732.8447701532311,0.06662225183211193
1705102,Chapada da Natividade - TO,3117,170510,2021,TO,1705102.0,26,14.0,834.1353865896696,0.44914982354828364
1705508,Colinas do Tocantins - TO,34233,170550,2021,TO,1705508.0,339,1833.0,990.272544036456,5.3544825168696875
1705557,Combinado - TO,4756,170555,2021,TO,1705557.0,44,109.0,925.1471825063078,2.2918418839360806
1705607,Conceição do Tocantins - TO,3887,170560,2021,TO,1705607.0,36,36.0,926.164136866478,0.926164136866478
1706001,Couto Magalhães - TO,5331,170600,2021,TO,1706001.0,33,62.0,619.0208216094542,1.1630088163571564
1706100,Cristalândia - TO,6371,170610,2021,TO,1706100.0,75,195.0,1177.209229320358,3.0607439962329304
1706258,Crixás do Tocantins - TO,1470,170625,2021,TO,1706258.0,11,6.0,748.2993197278911,0.40816326530612246
1706506,Darcinópolis - TO,5827,170650,2021,TO,1706506.0,42,55.0,720.7825639265488,0.9438819289514331
1707009,Dianópolis - TO,17739,170700,2021,TO,1707009.0,142,1059.0,800.4960820790349,5.969896837476746
1707108,Divinópolis do Tocantins - TO,7024,170710,2021,TO,1707108.0,62,153.0,882.6879271070615,2.178246013667426
1707207,Dois Irmãos do Tocantins - TO,6327,170720,2021,TO,1707207.0,49,54.0,774.4586691955113,0.8534850640113799
1707306,Dueré - TO,4248,170730,2021,TO,1707306.0,33,60.0,776.8361581920905,1.4124293785310735
1707405,Esperantina - TO,7530,170740,2021,TO,1707405.0,64,35.0,849.9335989375829,0.46480743691899074
1707553,Fátima - TO,3467,170755,2021,TO,1707553.0,30,70.0,865.3014133256416,2.0190366310931642
1707652,Figueirópolis - TO,5211,170765,2021,TO,1707652.0,44,220.0,844.367683745922,4.221838418729611
1707702,Filadélfia - TO,7712,170770,2021,TO,1707702.0,60,67.0,778.0082987551867,0.8687759336099585
1708205,Formoso do Araguaia - TO,18881,170820,2021,TO,1708205.0,151,1010.0,799.7457761771092,5.349292939992585
1708254,Tabocão - TO,3455,170825,2021,TO,1708254.0,27,39.0,781.4761215629522,1.1287988422575976
1708304,Goianorte - TO,4738,170830,2021,TO,1708304.0,43,60.0,907.5559307724778,1.2663571127057829
1709005,Goiatins - TO,12433,170900,2021,TO,1709005.0,95,99.0,764.0955521595753,0.7962679964610312
1709302,Guaraí - TO,24775,170930,2021,TO,1709302.0,222,1650.0,896.0645812310796,6.659939455095863
1709500,Gurupi - TO,85125,170950,2021,TO,1709500.0,751,11364.0,882.2320117474303,13.349779735682821
1709807,Ipueiras - TO,1590,170980,2021,TO,1709807.0,14,6.0,880.503144654088,0.37735849056603776
1710508,Itacajá - TO,6819,171050,2021,TO,1710508.0,62,81.0,909.2242264261622,1.1878574571051475
1710706,Itaguatins - TO,5172,171070,2021,TO,1710706.0,54,60.0,1044.0835266821346,1.160092807424594
1710904,Itapiratins - TO,3577,171090,2021,TO,1710904.0,34,29.0,950.5171931786414,0.8107352530053118
1711100,Itaporã do Tocantins - TO,2404,171110,2021,TO,1711100.0,13,21.0,540.7653910149751,0.8735440931780365
1711506,Jaú do Tocantins - TO,3334,171150,2021,TO,1711506.0,27,45.0,809.8380323935213,1.349730053989202
1711803,Juarina - TO,2243,171180,2021,TO,1711803.0,20,14.0,891.6629514043692,0.6241640659830584
1711902,Lagoa da Confusão - TO,15288,171190,2021,TO,1711902.0,88,394.0,575.6148613291471,2.577184720041863
1711951,Lagoa do Tocantins - TO,3516,171195,2021,TO,1711951.0,30,15.0,853.2423208191127,0.42662116040955633
1712009,Lajeado - TO,3357,171200,2021,TO,1712009.0,24,143.0,714.9240393208222,4.259755734286565
1712157,Lavandeira - TO,1626,171215,2021,TO,1712157.0,11,25.0,676.5067650676507,1.5375153751537516
1712405,Lizarda - TO,2999,171240,2021,TO,1712405.0,23,25.0,766.922307435812,0.8336112037345782
1712454,Luzinópolis - TO,2717,171245,2021,TO,1712454.0,17,28.0,625.69009937431,1.0305483989694517
1712504,Marianópolis do Tocantins - TO,4615,171250,2021,TO,1712504.0,35,74.0,758.3965330444204,1.6034669555796317
1712702,Mateiros - TO,2748,171270,2021,TO,1712702.0,14,34.0,509.4614264919942,1.2372634643377
1712801,Maurilândia do Tocantins - TO,3095,171280,2021,TO,1712801.0,21,13.0,678.513731825525,0.420032310177706
1713205,Miracema do Tocantins - TO,18566,171320,2021,TO,1713205.0,191,888.0,1028.7622535818161,4.782936550684046
1713304,Miranorte - TO,12701,171330,2021,TO,1713304.0,140,292.0,1102.2754113849303,2.2990315723171406
1713601,Monte do Carmo - TO,5694,171360,2021,TO,1713601.0,43,154.0,755.1808921671935,2.704601334738321
1713700,Monte Santo do Tocantins - TO,2396,171370,2021,TO,1713700.0,25,3.0,1043.4056761268782,0.12520868113522537
1713809,Palmeiras do Tocantins - TO,4872,171380,2021,TO,1713809.0,35,23.0,718.3908045977012,0.47208538587848936
1713957,Muricilândia - TO,3367,171395,2021,TO,1713957.0,30,25.0,891.0008910008911,0.7425007425007425
1714203,Natividade - TO,8754,171420,2021,TO,1714203.0,95,447.0,1085.218185972127,5.106237148732008
1714302,Nazaré - TO,4521,171430,2021,TO,1714302.0,42,60.0,928.99800928998,1.3271400132714002
1714880,Nova Olinda - TO,10367,171488,2021,TO,1714880.0,100,166.0,964.5992090286486,1.6012346869875567
1715002,Nova Rosalândia - TO,3362,171500,2021,TO,1715002.0,34,87.0,1011.3027959547887,2.587745389649019
1715101,Novo Acordo - TO,3969,171510,2021,TO,1715101.0,30,66.0,755.8578987150416,1.6628873771730914
1715150,Novo Alegre - TO,1846,171515,2021,TO,1715150.0,21,67.0,1137.5947995666306,3.629469122426869
1715259,Novo Jardim - TO,2230,171525,2021,TO,1715259.0,14,43.0,627.8026905829596,1.9282511210762334
1715507,Oliveira de Fátima - TO,1164,171550,2021,TO,1715507.0,11,17.0,945.0171821305842,1.4604810996563573
1715705,Palmeirante - TO,4798,171570,2021,TO,1715705.0,36,46.0,750.3126302626094,0.9587328053355566
1715754,Palmeirópolis - TO,6975,171575,2021,TO,1715754.0,81,257.0,1161.2903225806454,3.6845878136200714
1716109,Paraíso do Tocantins - TO,52360,171610,2021,TO,1716109.0,432,3327.0,825.057295645531,6.354087089381206
1716208,Paranã - TO,10542,171620,2021,TO,1716208.0,66,124.0,626.0671599317018,1.1762473913868337
1716307,Pau D'Arco - TO,4043,171630,2021,TO,1716307.0,34,31.0,840.9596834034134,0.7667573583972298
1716505,Pedro Afonso - TO,14055,171650,2021,TO,1716505.0,101,1917.0,718.6054784774102,13.639274279615796
1716604,Peixe - TO,9317,171660,2021,TO,1716604.0,93,231.0,998.1753783406676,2.479338842975207
1716653,Pequizeiro - TO,4921,171665,2021,TO,1716653.0,30,92.0,609.632188579557,1.8695387116439748
1716703,Colméia - TO,8941,171670,2021,TO,1716703.0,80,199.0,894.7545017335868,2.2257018230622974
1717008,Pindorama do Tocantins - TO,4478,171700,2021,TO,1717008.0,33,46.0,736.9361322018758,1.0272443054935239
1717206,Piraquê - TO,2282,171720,2021,TO,1717206.0,11,40.0,482.03330411919364,1.7528483786152498
1717503,Pium - TO,7128,171750,2021,TO,1717503.0,46,68.0,645.3423120089786,0.9539842873176206
1717800,Ponte Alta do Bom Jesus - TO,4220,171780,2021,TO,1717800.0,38,116.0,900.473933649289,2.748815165876777
1717909,Ponte Alta do Tocantins - TO,7586,171790,2021,TO,1717909.0,44,78.0,580.0158186132348,1.0282098602689165
1718006,Porto Alegre do Tocantins - TO,2866,171800,2021,TO,1718006.0,19,71.0,662.9448709002094,2.4773203070481506
1718204,Porto Nacional - TO,64418,171820,2021,TO,1718204.0,537,4325.0,833.6179328759042,6.713961936104814
1718303,Praia Norte - TO,9044,171830,2021,TO,1718303.0,60,40.0,663.4232640424591,0.4422821760283061
1718402,Presidente Kennedy - TO,3047,171840,2021,TO,1718402.0,35,62.0,1148.6708237610765,2.0347883163767637
1718451,Pugmil - TO,2193,171845,2021,TO,1718451.0,18,16.0,820.7934336525308,0.729594163246694
1718501,Recursolândia - TO,3421,171850,2021,TO,1718501.0,24,42.0,701.549254603917,1.2277111955568547
1718550,Riachinho - TO,3960,171855,2021,TO,1718550.0,33,63.0,833.3333333333334,1.5909090909090908
1718659,Rio da Conceição - TO,1768,171865,2021,TO,1718659.0,21,13.0,1187.782805429864,0.7352941176470588
1718709,Rio dos Bois - TO,2738,171870,2021,TO,1718709.0,31,5.0,1132.2132943754566,0.18261504747991236
1718758,Rio Sono - TO,4841,171875,2021,TO,1718758.0,29,40.0,599.0497831026647,0.8262755629002272
1718808,Sampaio - TO,4215,171880,2021,TO,1718808.0,34,43.0,806.6429418742586,1.0201660735468565
1718840,Sandolândia - TO,3723,171884,2021,TO,1718840.0,26,51.0,698.3615363953801,1.36986301369863
1718865,Santa Fé do Araguaia - TO,7216,171886,2021,TO,1718865.0,47,105.0,651.3303769401331,1.45509977827051
1718881,Santa Maria do Tocantins - TO,2680,171888,2021,TO,1718881.0,18,26.0,671.6417910447761,0.9701492537313432
1718899,Santa Rita do Tocantins - TO,2219,171889,2021,TO,1718899.0,12,3.0,540.784136998648,0.135196034249662
1718907,Santa Rosa do Tocantins - TO,4653,171890,2021,TO,1718907.0,34,82.0,730.7113690092414,1.7623038899634644
1719004,Santa Tereza do Tocantins - TO,2781,171900,2021,TO,1719004.0,29,32.0,1042.7903631787126,1.1506652283351313
1720002,Santa Terezinha do Tocantins - TO,2406,172000,2021,TO,1720002.0,16,24.0,665.0041562759767,0.997506234413965
1720101,São Bento do Tocantins - TO,5654,172010,2021,TO,1720101.0,36,39.0,636.7173682348779,0.6897771489211179
1720150,São Félix do Tocantins - TO,1783,172015,2021,TO,1720150.0,11,17.0,616.9377453729669,0.9534492428491307
1720200,São Miguel do Tocantins - TO,13241,172020,2021,TO,1720200.0,69,218.0,521.1086775923269,1.6464013292047428
1720259,São Salvador do Tocantins - TO,2385,172025,2021,TO,1720259.0,17,37.0,712.7882599580713,1.551362683438155
1720309,São Sebastião do Tocantins - TO,4100,172030,2021,TO,1720309.0,40,50.0,975.609756097561,1.2195121951219512
1720499,São Valério - TO,4422,172049,2021,TO,1720499.0,42,91.0,949.7964721845319,2.0578923563998193
1720655,Silvanópolis - TO,5108,172065,2021,TO,1720655.0,50,96.0,978.8566953797964,1.8794048551292093
1720804,Sítio Novo do Tocantins - TO,10830,172080,2021,TO,1720804.0,58,325.0,535.5493998153278,3.0009233610341646
1720853,Sucupira - TO,1577,172085,2021,TO,1720853.0,12,14.0,760.9384908053265,0.8877615726062142
1720903,Taguatinga - TO,14011,172090,2021,TO,1720903.0,131,895.0,934.9796588394834,6.387838127185782
1720937,Taipas do Tocantins - TO,2021,172093,2021,TO,1720937.0,8,17.0,395.8436417615043,0.8411677387431964
1720978,Talismã - TO,2456,172097,2021,TO,1720978.0,13,115.0,529.3159609120521,4.682410423452769
1721000,Palmas - TO,302692,172100,2021,TO,1721000.0,1674,58921.0,553.037410965602,19.465661464458922
1721109,Tocantínia - TO,7459,172110,2021,TO,1721109.0,46,67.0,616.7046520981364,0.8982437324038075
1721208,Tocantinópolis - TO,22615,172120,2021,TO,1721208.0,166,786.0,734.0260888790625,3.475569312403272
1721257,Tupirama - TO,1909,172125,2021,TO,1721257.0,5,187.0,261.91723415400736,9.795704557359874
1721307,Tupiratins - TO,1874,172130,2021,TO,1721307.0,9,16.0,480.25613660619,0.8537886872998933
1722081,Wanderlândia - TO,10522,172208,2021,TO,1722081.0,94,106.0,893.3662801748716,1.007413039346132
1722107,Xambioá - TO,10517,172210,2021,TO,1722107.0,102,981.0,969.8583246172864,9.32775506323096
2100055,Açailândia - MA,106550,210005,2021,MA,2100055.0,800,14770.0,750.8212106992022,13.862036602534022
2100105,Afonso Cunha - MA,6144,210010,2021,MA,2100105.0,21,78.0,341.796875,1.26953125
2100154,Água Doce do Maranhão - MA,12142,210015,2021,MA,2100154.0,46,35.0,378.85027178389066,0.2882556415746994
2100204,Alcântara - MA,18467,210020,2021,MA,2100204.0,110,89.0,595.6571181025614,0.48194075919207235
2100303,Aldeias Altas - MA,23286,210030,2021,MA,2100303.0,138,521.0,592.6307652666839,2.237395860173495
2100402,Altamira do Maranhão - MA,6447,210040,2021,MA,2100402.0,37,25.0,573.9103458973166,0.38777726074143015
2100436,Alto Alegre do Maranhão - MA,24048,210043,2021,MA,2100436.0,162,136.0,673.6526946107784,0.5655355954757153
2100477,Alto Alegre do Pindaré - MA,25710,210047,2021,MA,2100477.0,177,251.0,688.4480746791131,0.9762738234150137
2100501,Alto Parnaíba - MA,11109,210050,2021,MA,2100501.0,70,272.0,630.1197227473219,2.448465208389594
2100550,Amapá do Maranhão - MA,7170,210055,2021,MA,2100550.0,26,18.0,362.62203626220366,0.2510460251046025
2100600,Amarante do Maranhão - MA,37085,210060,2021,MA,2100600.0,241,315.0,649.8584333288392,0.8494000269650801
2100709,Anajatuba - MA,25322,210070,2021,MA,2100709.0,151,128.0,596.319406050075,0.5054892978437723
2100808,Anapurus - MA,13793,210080,2021,MA,2100808.0,105,120.0,761.2557094178206,0.8700065250489379
2100832,Apicum-Açu - MA,17519,210083,2021,MA,2100832.0,71,15.0,405.27427364575607,0.08562132541811747
2100873,Araguanã - MA,11181,210087,2021,MA,2100873.0,48,23.0,429.2997048564529,0.20570610857705032
2100907,Araioses - MA,39052,210090,2021,MA,2100907.0,231,103.0,591.5190003072826,0.2637508962409096
2100956,Arame - MA,25517,210095,2021,MA,2100956.0,152,57.0,595.6813104988831,0.22338049143708116
2101004,Arari - MA,29472,210100,2021,MA,2101004.0,184,690.0,624.3213897937026,2.3412052117263844
2101103,Axixá - MA,11790,210110,2021,MA,2101103.0,61,62.0,517.3876166242578,0.5258693808312129
2101202,Bacabal - MA,103711,210120,2021,MA,2101202.0,817,4918.0,787.7660036061749,4.742023507631784
2101251,Bacabeira - MA,16966,210125,2021,MA,2101251.0,103,812.0,607.0965460332429,4.786042673582459
2101301,Bacuri - MA,16290,210130,2021,MA,2101301.0,91,61.0,558.6249232658072,0.374462860650706
2101350,Bacurituba - MA,5252,210135,2021,MA,2101350.0,31,7.0,590.2513328255902,0.13328255902513328
2101400,Balsas - MA,101767,210140,2021,MA,2101400.0,715,6818.0,702.5853174408207,6.6996177542818405
2101509,Barão de Grajaú - MA,18984,210150,2021,MA,2101509.0,161,723.0,848.0825958702064,3.808470290771176
2101608,Barra do Corda - MA,84532,210160,2021,MA,2101608.0,550,1114.0,650.6411773056358,1.3178441300335968
2101707,Barreirinhas - MA,65589,210170,2021,MA,2101707.0,292,450.0,445.1966030889326,0.6860906554452728
2101731,Belágua - MA,8460,210173,2021,MA,2101731.0,20,5.0,236.4066193853428,0.0591016548463357
2101772,Bela Vista do Maranhão - MA,11750,210177,2021,MA,2101772.0,63,41.0,536.1702127659574,0.34893617021276596
2101806,Benedito Leite - MA,5469,210180,2021,MA,2101806.0,30,98.0,548.5463521667581,1.791918083744743
2101905,Bequimão - MA,19584,210190,2021,MA,2101905.0,130,95.0,663.8071895424837,0.48508986928104575
2101939,Bernardo do Mearim - MA,5840,210193,2021,MA,2101939.0,47,9.0,804.7945205479452,0.1541095890410959
2101970,Boa Vista do Gurupi - MA,7574,210197,2021,MA,2101970.0,36,8.0,475.31027198310005,0.10562450488513335
2102002,Bom Jardim - MA,33100,210200,2021,MA,2102002.0,229,203.0,691.8429003021148,0.6132930513595166
2102036,Bom Jesus das Selvas - MA,28599,210203,2021,MA,2102036.0,176,435.0,615.4061330815763,1.521032203923214
2102077,Bom Lugar - MA,12212,210207,2021,MA,2102077.0,61,75.0,499.50867998689813,0.6141500163773338
2102101,Brejo - MA,34120,210210,2021,MA,2102101.0,221,373.0,647.7139507620165,1.0932004689331771
2102150,Brejo de Areia - MA,9218,210215,2021,MA,2102150.0,42,19.0,455.6302885658494,0.2061184638750271
2102200,Buriti - MA,29685,210220,2021,MA,2102200.0,145,611.0,488.4621862893717,2.0582785918814217
2102309,Buriti Bravo - MA,22455,210230,2021,MA,2102309.0,176,168.0,783.789801825874,0.7481629926519706
2102325,Buriticupu - MA,55499,210232,2021,MA,2102325.0,405,784.0,729.7428782500585,1.4126380655507307
2102358,Buritirana - MA,12918,210235,2021,MA,2102358.0,104,62.0,805.078185477628,0.4799504567270475
2102374,Cachoeira Grande - MA,9732,210237,2021,MA,2102374.0,30,8.0,308.26140567200986,0.08220304151253596
2102408,Cajapió - MA,10121,210240,2021,MA,2102408.0,52,25.0,513.7832230016796,0.24701116490465372
2102507,Cajari - MA,16412,210250,2021,MA,2102507.0,77,23.0,469.16890080428954,0.1401413599805021
2102556,Campestre do Maranhão - MA,12301,210255,2021,MA,2102556.0,99,303.0,804.8126168604178,2.4632143728152185
2102606,Cândido Mendes - MA,19932,210260,2021,MA,2102606.0,80,178.0,401.3646397752358,0.8930363234998996
2102705,Cantanhede - MA,24303,210270,2021,MA,2102705.0,115,54.0,473.19260996584785,0.222194790766572
2102754,Capinzal do Norte - MA,11374,210275,2021,MA,2102754.0,89,103.0,782.4863724283454,0.9055741164058378
2102804,Carolina - MA,24062,210280,2021,MA,2102804.0,202,477.0,839.4979635940487,1.9823788546255507
2102903,Carutapera - MA,24238,210290,2021,MA,2102903.0,141,155.0,581.7311659377837,0.6394917072365707
2103000,Caxias - MA,156973,210300,2021,MA,2103000.0,1274,12624.0,811.604543456518,8.04214737566333
2103109,Cedral - MA,10208,210310,2021,MA,2103109.0,56,33.0,548.58934169279,0.3232758620689655
2103125,Central do Maranhão - MA,7094,210312,2021,MA,2103125.0,46,10.0,648.4352974344516,0.140964195094446
2103158,Centro do Guilherme - MA,12342,210315,2021,MA,2103158.0,51,18.0,413.22314049586777,0.14584346135148274
2103174,Centro Novo do Maranhão - MA,16267,210317,2021,MA,2103174.0,73,72.0,448.76129587508456,0.44261388086309705
2103208,Chapadinha - MA,81386,210320,2021,MA,2103208.0,525,1345.0,645.0740913670655,1.6526183864546728
2103257,Cidelândia - MA,12878,210325,2021,MA,2103257.0,109,468.0,846.4047212300046,3.6341046746389187
2103307,Codó - MA,114275,210330,2021,MA,2103307.0,831,3323.0,727.1931743600962,2.9078976154014438
2103406,Coelho Neto - MA,41658,210340,2021,MA,2103406.0,355,4164.0,852.1772528685967,9.99567910125306
2103505,Colinas - MA,40316,210350,2021,MA,2103505.0,231,456.0,572.973509276714,1.1310645897410458
2103554,Conceição do Lago-Açu - MA,14915,210355,2021,MA,2103554.0,51,12.0,341.9376466644318,0.08045591686221924
2103604,Coroatá - MA,59566,210360,2021,MA,2103604.0,443,409.0,743.7128563274351,0.6866333143068193
2103703,Cururupu - MA,31558,210370,2021,MA,2103703.0,223,196.0,706.6354014829838,0.621078648837062
2103752,Davinópolis - MA,14404,210375,2021,MA,2103752.0,119,609.0,826.1594001666205,4.227992224382116
2103802,Dom Pedro - MA,23053,210380,2021,MA,2103802.0,185,388.0,802.4985902051794,1.683078124322214
2103901,Duque Bacelar - MA,10223,210390,2021,MA,2103901.0,62,201.0,606.4755942482636,1.9661547490951774
2104008,Esperantinópolis - MA,18311,210400,2021,MA,2104008.0,134,193.0,731.800557042215,1.054011250068265
2104057,Estreito - MA,33294,210405,2021,MA,2104057.0,269,810.0,807.9533849942932,2.4328707875292848
2104073,Feira Nova do Maranhão - MA,8048,210407,2021,MA,2104073.0,51,26.0,633.6978131212724,0.3230616302186879
2104081,Fernando Falcão - MA,10873,210408,2021,MA,2104081.0,48,10.0,441.4604984824795,0.0919709371838499
2104099,Formosa da Serra Negra - MA,17719,210409,2021,MA,2104099.0,95,50.0,536.1476381285626,0.28218296743608556
2104107,Fortaleza dos Nogueiras - MA,12640,210410,2021,MA,2104107.0,99,292.0,783.2278481012659,2.3101265822784813
2104206,Fortuna - MA,16976,210420,2021,MA,2104206.0,128,97.0,754.0056550424129,0.5713949104618284
2104305,Godofredo Viana - MA,10186,210430,2021,MA,2104305.0,42,2483.0,412.33064991164343,24.3765953269193
2104404,Gonçalves Dias - MA,17206,210440,2021,MA,2104404.0,139,116.0,807.85772404975,0.6741834243868418
2104503,Governador Archer - MA,10231,210450,2021,MA,2104503.0,79,68.0,772.1630339165282,0.664646662105366
2104552,Governador Edison Lobão - MA,18411,210455,2021,MA,2104552.0,167,681.0,907.0664276791049,3.698875672152518
2104602,Governador Eugênio Barros - MA,13930,210460,2021,MA,2104602.0,83,97.0,595.8363244795406,0.6963388370423546
2104628,Governador Luiz Rocha - MA,7063,210462,2021,MA,2104628.0,58,12.0,821.1808013591958,0.16989947614328188
2104651,Governador Newton Bello - MA,10713,210465,2021,MA,2104651.0,42,16.0,392.04704564547745,0.1493512554839914
2104677,Governador Nunes Freire - MA,23128,210467,2021,MA,2104677.0,128,198.0,553.4417156693186,0.8561051539259772
2104701,Graça Aranha - MA,6023,210470,2021,MA,2104701.0,54,32.0,896.5631744977586,0.5312966959986718
2104800,Grajaú - MA,73872,210480,2021,MA,2104800.0,474,904.0,641.6504223521767,1.2237383582412822
2104909,Guimarães - MA,10290,210490,2021,MA,2104909.0,89,44.0,864.9173955296404,0.4275996112730806
2105005,Humberto de Campos - MA,25680,210500,2021,MA,2105005.0,119,85.0,463.3956386292835,0.3309968847352025
2105104,Icatu - MA,24794,210510,2021,MA,2105104.0,116,62.0,467.8551262402194,0.25006049850770345
2105153,Igarapé do Meio - MA,13974,210515,2021,MA,2105153.0,96,38.0,686.9901245169601,0.27193359095463
2105203,Igarapé Grande - MA,10231,210520,2021,MA,2105203.0,87,122.0,850.3567588701006,1.1924543055419803
2105302,Imperatriz - MA,273110,210530,2021,MA,2105302.0,2393,47864.0,876.2037274358318,17.525539160045405
2105351,Itaipava do Grajaú - MA,13828,210535,2021,MA,2105351.0,66,33.0,477.29245010124384,0.23864622505062194
2105401,Itapecuru Mirim - MA,60440,210540,2021,MA,2105401.0,382,1159.0,632.0317670416943,1.9176042356055591
2105427,Itinga do Maranhão - MA,22513,210542,2021,MA,2105427.0,163,295.0,724.0261182427931,1.3103540176786745
2105450,Jatobá - MA,7471,210545,2021,MA,2105450.0,42,7.0,562.1737384553608,0.09369562307589345
2105476,Jenipapo dos Vieiras - MA,17076,210547,2021,MA,2105476.0,84,20.0,491.9184820801124,0.11712344811431248
2105500,João Lisboa - MA,24709,210550,2021,MA,2105500.0,211,1245.0,853.9398599700513,5.038649884657413
2105609,Joselândia - MA,14924,210560,2021,MA,2105609.0,109,67.0,730.367193781828,0.4489413025998392
2105658,Junco do Maranhão - MA,5146,210565,2021,MA,2105658.0,39,6.0,757.8701904391761,0.1165954139137194
2105708,Lago da Pedra - MA,44403,210570,2021,MA,2105708.0,337,343.0,758.957728081436,0.7724703285814021
2105807,Lago do Junco - MA,9506,210580,2021,MA,2105807.0,58,49.0,610.1409636019356,0.5154639175257731
2105906,Lago Verde - MA,14769,210590,2021,MA,2105906.0,93,21.0,629.6973390209222,0.14218972171440178
2105922,Lagoa do Mato - MA,10572,210592,2021,MA,2105922.0,72,93.0,681.044267877412,0.8796821793416572
2105948,Lago dos Rodrigues - MA,8758,210594,2021,MA,2105948.0,67,32.0,765.0148435715918,0.3653802237953871
2105963,Lagoa Grande do Maranhão - MA,11411,210596,2021,MA,2105963.0,75,7.0,657.2605380772939,0.0613443168872141
2105989,Lajeado Novo - MA,7057,210598,2021,MA,2105989.0,48,42.0,680.1757120589485,0.59515374805158
2106003,Lima Campos - MA,11297,210600,2021,MA,2106003.0,105,152.0,929.4502965389041,1.3454899530848896
2106102,Loreto - MA,11597,210610,2021,MA,2106102.0,55,157.0,474.2605846339571,1.353798396136932
2106201,Luís Domingues - MA,7161,210620,2021,MA,2106201.0,53,41.0,740.1200949588047,0.5725457338360564
2106300,Magalhães de Almeida - MA,13807,210630,2021,MA,2106300.0,108,100.0,782.2119214890998,0.7242702976750923
2106326,Maracaçumé - MA,21149,210632,2021,MA,2106326.0,98,122.0,463.3788831623245,0.5768594259775877
2106359,Marajá do Sena - MA,7027,210635,2021,MA,2106359.0,22,2.0,313.07812722356624,0.028461647929415114
2106375,Maranhãozinho - MA,13761,210637,2021,MA,2106375.0,58,34.0,421.4809970205654,0.2470750672189521
2106409,Mata Roma - MA,17090,210640,2021,MA,2106409.0,96,32.0,561.73200702165,0.18724400234055003
2106508,Matinha - MA,22034,210650,2021,MA,2106508.0,132,112.0,599.0741581192702,0.5083053462830172
2106607,Matões - MA,32174,210660,2021,MA,2106607.0,209,618.0,649.5928389382732,1.9208056194442718
2106631,Matões do Norte - MA,17432,210663,2021,MA,2106631.0,36,37.0,206.51675080312071,0.2122533272143185
2106672,Milagres do Maranhão - MA,8818,210667,2021,MA,2106672.0,33,15.0,374.2345202993876,0.17010660013608528
2106706,Mirador - MA,21030,210670,2021,MA,2106706.0,108,63.0,513.5520684736091,0.2995720399429387
2106755,Miranda do Norte - MA,23864,210675,2021,MA,2106755.0,140,302.0,586.6577271203487,1.2655045256453235
2106805,Mirinzal - MA,13978,210680,2021,MA,2106805.0,79,78.0,565.1738446129632,0.558019745314065
2106904,Monção - MA,27751,210690,2021,MA,2106904.0,159,75.0,572.9523260423048,0.2702605311520305
2107001,Montes Altos - MA,9106,210700,2021,MA,2107001.0,69,147.0,757.7421480342631,1.6143202284208216
2107100,Morros - MA,18554,210710,2021,MA,2107100.0,50,72.0,269.48366928964106,0.38805648377708307
2107209,Nina Rodrigues - MA,14176,210720,2021,MA,2107209.0,55,111.0,387.97968397291197,0.7830135440180587
2107258,Nova Colinas - MA,5021,210725,2021,MA,2107258.0,32,66.0,637.3232423819956,1.3144791874128658
2107308,Nova Iorque - MA,4320,210730,2021,MA,2107308.0,38,39.0,879.6296296296297,0.9027777777777777
2107357,Nova Olinda do Maranhão - MA,14314,210735,2021,MA,2107357.0,101,52.0,705.6029062456337,0.36328070420567277
2107407,Olho d'Água das Cunhãs - MA,17919,210740,2021,MA,2107407.0,105,128.0,585.9701992298677,0.7143255762040293
2107456,Olinda Nova do Maranhão - MA,13577,210745,2021,MA,2107456.0,68,31.0,500.8470206967666,0.22832731825882008
2107506,Paço do Lumiar - MA,145643,210750,2021,MA,2107506.0,780,13622.0,535.5561201018929,9.35300701029229
2107605,Palmeirândia - MA,21059,210760,2021,MA,2107605.0,115,41.0,546.0848093451731,0.194691105940453
2107704,Paraibano - MA,18274,210770,2021,MA,2107704.0,149,163.0,815.3660939039072,0.8919776731968917
2107803,Parnarama - MA,31250,210780,2021,MA,2107803.0,212,965.0,678.4,3.088
2107902,Passagem Franca - MA,17220,210790,2021,MA,2107902.0,117,209.0,679.4425087108015,1.213704994192799
2108009,Pastos Bons - MA,18802,210800,2021,MA,2108009.0,145,160.0,771.1945537708755,0.8509733007126902
2108058,Paulino Neves - MA,17056,210805,2021,MA,2108058.0,60,118.0,351.78236397748594,0.6918386491557224
2108108,Paulo Ramos - MA,20341,210810,2021,MA,2108108.0,133,96.0,653.8518263605525,0.4719531979745342
2108207,Pedreiras - MA,37050,210820,2021,MA,2108207.0,340,1852.0,917.6788124156544,4.998650472334683
2108256,Pedro do Rosário - MA,24320,210825,2021,MA,2108256.0,97,12.0,398.84868421052636,0.049342105263157895
2108306,Penalva - MA,32511,210830,2021,MA,2108306.0,214,87.0,658.2387499615515,0.2676017347974532
2108405,Peri Mirim - MA,11108,210840,2021,MA,2108405.0,65,40.0,585.1638458768455,0.3601008282319049
2108454,Peritoró - MA,20479,210845,2021,MA,2108454.0,147,101.0,717.8084867425167,0.4931881439523414
2108504,Pindaré-Mirim - MA,31429,210850,2021,MA,2108504.0,216,340.0,687.2633554996978,1.081803429953228
2108603,Pinheiro - MA,84621,210860,2021,MA,2108603.0,524,1627.0,619.2316328098226,1.9226905850793539
2108702,Pio XII - MA,21886,210870,2021,MA,2108702.0,169,69.0,772.1831307685278,0.31527003563922146
2108801,Pirapemas - MA,17714,210880,2021,MA,2108801.0,103,65.0,581.4609913063114,0.36694140228068195
2108900,Poção de Pedras - MA,17161,210890,2021,MA,2108900.0,123,168.0,716.7414486335296,0.9789639298409184
2109007,Porto Franco - MA,23903,210900,2021,MA,2109007.0,170,1717.0,711.2077981843283,7.183198761661716
2109056,Porto Rico do Maranhão - MA,5954,210905,2021,MA,2109056.0,46,7.0,772.5898555592879,0.11756802149815251
2109106,Presidente Dutra - MA,45155,210910,2021,MA,2109106.0,338,1401.0,748.5328313586535,3.102646440039863
2109205,Presidente Juscelino - MA,11356,210920,2021,MA,2109205.0,53,36.0,466.7136315604086,0.3170130327580134
2109239,Presidente Médici - MA,4696,210923,2021,MA,2109239.0,31,15.0,660.1362862010221,0.31942078364565585
2109270,Presidente Sarney - MA,17511,210927,2021,MA,2109270.0,93,57.0,531.0947404488608,0.32550967962994687
2109304,Presidente Vargas - MA,10549,210930,2021,MA,2109304.0,57,34.0,540.3355768319273,0.3223054317944829
2109403,Primeira Cruz - MA,13614,210940,2021,MA,2109403.0,53,20.0,389.3051270750698,0.14690759512266785
2109452,Raposa - MA,30839,210945,2021,MA,2109452.0,173,1330.0,560.9779824248516,4.312720905347126
2109502,Riachão - MA,22145,210950,2021,MA,2109502.0,151,144.0,681.8694965003386,0.6502596522917137
2109551,Ribamar Fiquene - MA,7420,210955,2021,MA,2109551.0,46,114.0,619.9460916442049,1.5363881401617252
2109601,Rosário - MA,38475,210960,2021,MA,2109601.0,258,1050.0,670.5653021442495,2.729044834307992
2109700,Sambaíba - MA,5568,210970,2021,MA,2109700.0,45,84.0,808.1896551724138,1.5086206896551724
2109759,Santa Filomena do Maranhão - MA,6697,210975,2021,MA,2109759.0,34,14.0,507.6900104524414,0.2090488278333582
2109809,Santa Helena - MA,41561,210980,2021,MA,2109809.0,181,181.0,435.50443925795815,0.4355044392579581
2109908,Santa Inês - MA,85014,210990,2021,MA,2109908.0,695,2543.0,817.5124097207519,2.9912720257839887
2110005,Santa Luzia - MA,57635,211000,2021,MA,2110005.0,429,361.0,744.3393771146006,0.6263555131430555
2110039,Santa Luzia do Paruá - MA,24307,211003,2021,MA,2110039.0,165,168.0,678.8168017443535,0.6911589254124326
2110104,Santa Quitéria do Maranhão - MA,23957,211010,2021,MA,2110104.0,129,101.0,538.4647493425722,0.42158867971782776
2110203,Santa Rita - MA,37035,211020,2021,MA,2110203.0,207,605.0,558.9307411907655,1.633589847441609
2110237,Santana do Maranhão - MA,10567,211023,2021,MA,2110237.0,50,11.0,473.1711933377496,0.10409766253430491
2110278,Santo Amaro do Maranhão - MA,13949,211027,2021,MA,2110278.0,33,26.0,236.57609864506418,0.1863932898415657
2110302,Santo Antônio dos Lopes - MA,14304,211030,2021,MA,2110302.0,134,296.0,936.8008948545861,2.069351230425056
2110401,São Benedito do Rio Preto - MA,18364,211040,2021,MA,2110401.0,88,37.0,479.19843171422355,0.20148115878893488
2110500,São Bento - MA,46395,211050,2021,MA,2110500.0,251,241.0,541.0065739842655,0.5194525272119841
2110609,São Bernardo - MA,26943,211060,2021,MA,2110609.0,174,164.0,645.8078165015032,0.6086924247485432
2110658,São Domingos do Azeitão - MA,7992,211065,2021,MA,2110658.0,46,65.0,575.5755755755756,0.8133133133133134
2110708,São Domingos do Maranhão - MA,34034,211070,2021,MA,2110708.0,196,224.0,575.8946935417524,0.658165364047717
2110807,São Félix de Balsas - MA,4402,211080,2021,MA,2110807.0,31,23.0,704.2253521126761,0.5224897773739209
2110856,São Francisco do Brejão - MA,9051,211085,2021,MA,2110856.0,47,176.0,519.2796376091039,1.9445365153021765
2110906,São Francisco do Maranhão - MA,12064,211090,2021,MA,2110906.0,99,106.0,820.6233421750662,0.8786472148541113
2111003,São João Batista - MA,18544,211100,2021,MA,2111003.0,89,81.0,479.93960310612596,0.43679896462467643
2111029,São João do Carú - MA,12251,211102,2021,MA,2111029.0,66,17.0,538.731532119827,0.138764182515713
2111052,São João do Paraíso - MA,9904,211105,2021,MA,2111052.0,73,39.0,737.0759289176091,0.3937802907915994
2111078,São João do Soter - MA,16889,211107,2021,MA,2111078.0,109,74.0,645.3904908520338,0.438155012138078
2111102,São João dos Patos - MA,25020,211110,2021,MA,2111102.0,217,1022.0,867.3061550759393,4.084732214228618
2111201,São José de Ribamar - MA,244579,211120,2021,MA,2111201.0,1285,26342.0,525.3926134296075,10.770344142383442
2111250,São José dos Basílios - MA,6957,211125,2021,MA,2111250.0,44,27.0,632.4565186143453,0.38809831824062097
2111300,São Luís - MA,1037775,211130,2021,MA,2111300.0,7341,290531.0,707.3787670737877,27.995567439955675
2111409,São Luís Gonzaga do Maranhão - MA,17818,211140,2021,MA,2111409.0,99,105.0,555.617914468515,0.5892917274666067
2111508,São Mateus do Maranhão - MA,38829,211150,2021,MA,2111508.0,287,418.0,739.1382729403281,1.0765149759200598
2111532,São Pedro da Água Branca - MA,14338,211153,2021,MA,2111532.0,90,721.0,627.7026084530618,5.0285953410517505
2111573,São Pedro dos Crentes - MA,5783,211157,2021,MA,2111573.0,24,9.0,415.0095106346187,0.155628566487982
2111607,São Raimundo das Mangabeiras - MA,18672,211160,2021,MA,2111607.0,157,451.0,840.8311910882605,2.415381319622965
2111631,São Raimundo do Doca Bezerra - MA,5650,211163,2021,MA,2111631.0,24,12.0,424.7787610619469,0.21238938053097348
2111672,São Roberto - MA,4544,211167,2021,MA,2111672.0,21,7.0,462.1478873239437,0.15404929577464788
2111706,São Vicente Ferrer - MA,19498,211170,2021,MA,2111706.0,111,75.0,569.2891578623448,0.38465483639347625
2111722,Satubinha - MA,8784,211172,2021,MA,2111722.0,42,13.0,478.14207650273227,0.14799635701275046
2111748,Senador Alexandre Costa - MA,10207,211174,2021,MA,2111748.0,47,40.0,460.4683060644656,0.3918879200548643
2111763,Senador La Rocque - MA,14700,211176,2021,MA,2111763.0,114,602.0,775.5102040816327,4.095238095238096
2111789,Serrano do Maranhão - MA,10202,211178,2021,MA,2111789.0,48,8.0,470.49598118016075,0.07841599686336012
2111805,Sítio Novo - MA,17074,211180,2021,MA,2111805.0,102,119.0,597.399554878763,0.6969661473585569
2111904,Sucupira do Norte - MA,10238,211190,2021,MA,2111904.0,59,54.0,576.2844305528423,0.5274467669466693
2111953,Sucupira do Riachão - MA,4985,211195,2021,MA,2111953.0,45,24.0,902.7081243731194,0.481444332998997
2112001,Tasso Fragoso - MA,8862,211200,2021,MA,2112001.0,46,629.0,519.0701873166328,7.097720604829609
2112100,Timbiras - MA,26484,211210,2021,MA,2112100.0,147,120.0,555.0521069324876,0.4531037607612143
2112209,Timon - MA,174465,211220,2021,MA,2112209.0,1341,24803.0,768.6355429455765,14.21660504972344
2112233,Trizidela do Vale - MA,22484,211223,2021,MA,2112233.0,198,620.0,880.6262230919765,2.7575164561465932
2112274,Tufilândia - MA,5507,211227,2021,MA,2112274.0,37,15.0,671.8721627020155,0.27238060650081714
2112308,Tuntum - MA,36251,211230,2021,MA,2112308.0,217,239.0,598.604176436512,0.6592921574577253
2112407,Turiaçu - MA,37491,211240,2021,MA,2112407.0,122,47.0,325.4114320770318,0.12536342055426636
2112456,Turilândia - MA,31638,211245,2021,MA,2112456.0,103,32.0,325.55787344332765,0.10114419369113092
2112506,Tutóia - MA,53356,211250,2021,MA,2112506.0,303,524.0,567.8836494489842,0.9820826148886723
2112605,Urbano Santos - MA,32812,211260,2021,MA,2112605.0,115,144.0,350.4815311471413,0.43886383030598564
2112704,Vargem Grande - MA,43261,211270,2021,MA,2112704.0,285,190.0,658.7919835417582,0.43919465569450544
2112803,Viana - MA,51442,211280,2021,MA,2112803.0,329,502.0,639.555227246219,0.9758563041872399
2112852,Vila Nova dos Martírios - MA,10362,211285,2021,MA,2112852.0,77,347.0,743.0997876857749,3.348774367882648
2112902,Vitória do Mearim - MA,30805,211290,2021,MA,2112902.0,198,461.0,642.752799870151,1.4965103067683818
2113009,Vitorino Freire - MA,30845,211300,2021,MA,2113009.0,219,228.0,710.0016210082672,0.7391797698168261
2114007,Zé Doca - MA,40801,211400,2021,MA,2114007.0,319,396.0,781.8435822651405,0.9705644469498297
2200053,Acauã - PI,6420,220005,2021,PI,2200053.0,32,68.0,498.44236760124613,1.0591900311526479
2200103,Agricolândia - PI,4940,220010,2021,PI,2200103.0,46,82.0,931.174089068826,1.6599190283400809
2200202,Água Branca - PI,17573,220020,2021,PI,2200202.0,145,1033.0,825.1294599669949,5.878336083764866
2200251,Alagoinha do Piauí - PI,6819,220025,2021,PI,2200251.0,58,113.0,850.5645989147969,1.6571344771960699
2200277,Alegrete do Piauí - PI,4634,220027,2021,PI,2200277.0,45,70.0,971.0832973672854,1.5105740181268883
2200301,Alto Longá - PI,13479,220030,2021,PI,2200301.0,105,312.0,778.9895392833296,2.314711773870465
2200400,Altos - PI,47453,220040,2021,PI,2200400.0,373,3193.0,786.0409247044445,6.728763197268877
2200459,Alvorada do Gurguéia - PI,5322,220045,2021,PI,2200459.0,38,112.0,714.0172867343103,2.1044720030063884
2200509,Amarante - PI,17234,220050,2021,PI,2200509.0,164,398.0,951.6072879192294,2.309388418243008
2200608,Angical do Piauí - PI,6827,220060,2021,PI,2200608.0,58,321.0,849.567892192764,4.701918851618574
2200707,Anísio de Abreu - PI,9407,220070,2021,PI,2200707.0,67,65.0,712.2355692569363,0.6909748059955353
2200806,Antônio Almeida - PI,3152,220080,2021,PI,2200806.0,29,154.0,920.0507614213197,4.885786802030457
2200905,Aroazes - PI,5369,220090,2021,PI,2200905.0,43,58.0,800.8940212330043,1.080275656546843
2200954,Aroeiras do Itaim - PI,2690,220095,2021,PI,2200954.0,16,11.0,594.7955390334572,0.40892193308550184
2201002,Arraial - PI,4520,220100,2021,PI,2201002.0,32,55.0,707.9646017699115,1.2168141592920354
2201051,Assunção do Piauí - PI,7452,220105,2021,PI,2201051.0,51,21.0,684.3800322061192,0.28180354267310787
2201101,Avelino Lopes - PI,10866,220110,2021,PI,2201101.0,92,87.0,846.6777102889747,0.800662617338487
2201150,Baixa Grande do Ribeiro - PI,13272,220115,2021,PI,2201150.0,84,667.0,632.9113924050632,5.0256178420735385
2201176,Barra D'Alcântara - PI,3995,220117,2021,PI,2201176.0,33,43.0,826.0325406758449,1.0763454317897372
2201200,Barras - PI,47938,220120,2021,PI,2201200.0,285,1276.0,594.5179189786808,2.6617714547957783
2201309,Barreiras do Piauí - PI,3264,220130,2021,PI,2201309.0,17,76.0,520.8333333333333,2.3284313725490198
2201408,Barro Duro - PI,6640,220140,2021,PI,2201408.0,52,125.0,783.132530120482,1.8825301204819278
2201507,Batalha - PI,26300,220150,2021,PI,2201507.0,210,331.0,798.4790874524715,1.258555133079848
2201556,Bela Vista do Piauí - PI,4091,220155,2021,PI,2201556.0,31,121.0,757.7609386458079,2.9577120508433143
2201572,Belém do Piauí - PI,3423,220157,2021,PI,2201572.0,31,25.0,905.6383289512124,0.7303534910896874
2201606,Beneditinos - PI,9929,220160,2021,PI,2201606.0,95,304.0,956.7932319468224,3.061738342229832
2201705,Bertolínia - PI,5562,220170,2021,PI,2201705.0,40,198.0,719.165767709457,3.559870550161812
2201739,Betânia do Piauí - PI,6220,220173,2021,PI,2201739.0,43,23.0,691.3183279742765,0.36977491961414793
2201770,Boa Hora - PI,6902,220177,2021,PI,2201770.0,40,220.0,579.5421616922631,3.187481889307447
2201804,Bocaina - PI,4078,220180,2021,PI,2201804.0,55,89.0,1348.700343305542,2.1824423737126044
2201903,Bom Jesus - PI,28796,220190,2021,PI,2201903.0,163,2472.0,566.0508403944992,8.584525628559522
2201919,Bom Princípio do Piauí - PI,5636,220191,2021,PI,2201919.0,54,45.0,958.126330731015,0.7984386089425125
2201929,Bonfim do Piauí - PI,5913,220192,2021,PI,2201929.0,29,23.0,490.4447826822256,0.3889734483341789
2201945,Boqueirão do Piauí - PI,6545,220194,2021,PI,2201945.0,63,181.0,962.5668449197861,2.7654698242933535
2201960,Brasileira - PI,8436,220196,2021,PI,2201960.0,63,197.0,746.7994310099573,2.3352299668089143
2201988,Brejo do Piauí - PI,3904,220198,2021,PI,2201988.0,26,20.0,665.983606557377,0.5122950819672131
2202000,Buriti dos Lopes - PI,19654,220200,2021,PI,2202000.0,190,326.0,966.7243309250025,1.6586954309555306
2202026,Buriti dos Montes - PI,7434,220202,2021,PI,2202026.0,54,29.0,726.3922518159807,0.39009954264191554
2202059,Cabeceiras do Piauí - PI,10212,220205,2021,PI,2202059.0,74,171.0,724.6376811594203,1.6745005875440657
2202075,Cajazeiras do Piauí - PI,3108,220207,2021,PI,2202075.0,32,18.0,1029.6010296010295,0.5791505791505791
2202083,Cajueiro da Praia - PI,7957,220208,2021,PI,2202083.0,77,108.0,967.7013949981149,1.357295463114239
2202091,Caldeirão Grande do Piauí - PI,5503,220209,2021,PI,2202091.0,34,167.0,617.8448119207704,3.034708340904961
2202109,Campinas do Piauí - PI,4938,220210,2021,PI,2202109.0,41,50.0,830.2956662616444,1.012555690562981
2202117,Campo Alegre do Fidalgo - PI,4616,220211,2021,PI,2202117.0,20,107.0,433.27556325823224,2.318024263431542
2202133,Campo Grande do Piauí - PI,6020,220213,2021,PI,2202133.0,43,76.0,714.2857142857142,1.2624584717607974
2202174,Campo Largo do Piauí - PI,7419,220217,2021,PI,2202174.0,34,20.0,458.2827874376601,0.2695781102574471
2202208,Campo Maior - PI,45793,220220,2021,PI,2202208.0,453,3895.0,989.2341624265717,8.505666804970193
2202251,Canavieira - PI,3414,220225,2021,PI,2202251.0,29,15.0,849.443468072642,0.4393673110720563
2202307,Canto do Buriti - PI,19365,220230,2021,PI,2202307.0,179,614.0,924.3480506067648,3.1706687322489024
2202406,Capitão de Campos - PI,11100,220240,2021,PI,2202406.0,93,242.0,837.8378378378378,2.18018018018018
2202455,Capitão Gervásio Oliveira - PI,3974,220245,2021,PI,2202455.0,39,146.0,981.3789632611978,3.6738802214393558
2202505,Caracol - PI,10318,220250,2021,PI,2202505.0,68,340.0,659.0424500872263,3.295212250436131
2202539,Caraúbas do Piauí - PI,5630,220253,2021,PI,2202539.0,32,21.0,568.3836589698046,0.37300177619893427
2202554,Caridade do Piauí - PI,5033,220255,2021,PI,2202554.0,32,60.0,635.8036956089808,1.1921319292668389
2202604,Castelo do Piauí - PI,19288,220260,2021,PI,2202604.0,188,488.0,974.6992948983823,2.5300705101617584
2202653,Caxingó - PI,5496,220265,2021,PI,2202653.0,36,24.0,655.0218340611353,0.43668122270742354
2202703,Cocal - PI,28212,220270,2021,PI,2202703.0,198,264.0,701.8290089323691,0.9357720119098255
2202711,Cocal de Telha - PI,4911,220271,2021,PI,2202711.0,37,87.0,753.4107106495622,1.77153329260843
2202729,Cocal dos Alves - PI,6386,220272,2021,PI,2202729.0,34,36.0,532.4146570623238,0.563733166301284
2202737,Coivaras - PI,4117,220273,2021,PI,2202737.0,25,46.0,607.2382803011902,1.1173184357541899
2202752,Colônia do Gurguéia - PI,6150,220275,2021,PI,2202752.0,50,114.0,813.0081300813009,1.8536585365853657
2202778,Colônia do Piauí - PI,6994,220277,2021,PI,2202778.0,58,35.0,829.282241921647,0.5004289390906491
2202802,Conceição do Canindé - PI,4932,220280,2021,PI,2202802.0,40,96.0,811.0300081103001,1.9464720194647203
2202851,Coronel José Dias - PI,4250,220285,2021,PI,2202851.0,39,16.0,917.6470588235295,0.3764705882352941
2202901,Corrente - PI,27278,220290,2021,PI,2202901.0,197,773.0,722.1937092162182,2.8337854681428256
2203008,Cristalândia do Piauí - PI,7356,220300,2021,PI,2203008.0,40,74.0,543.7737901033171,1.0059815116911366
2203107,Cristino Castro - PI,10503,220310,2021,PI,2203107.0,53,259.0,504.61772826811386,2.465962106064934
2203206,Curimatá - PI,11270,220320,2021,PI,2203206.0,70,129.0,621.1180124223602,1.1446317657497782
2203230,Currais - PI,4854,220323,2021,PI,2203230.0,33,155.0,679.8516687268232,3.1932426864441696
2203255,Curralinhos - PI,4413,220325,2021,PI,2203255.0,28,699.0,634.4890097439384,15.83956492182189
2203271,Curral Novo do Piauí - PI,5073,220327,2021,PI,2203271.0,22,25.0,433.66844076483346,0.4928050463236744
2203305,Demerval Lobão - PI,16352,220330,2021,PI,2203305.0,137,1327.0,837.8180039138942,8.115215264187867
2203354,Dirceu Arcoverde - PI,7054,220335,2021,PI,2203354.0,39,47.0,552.8777998298838,0.6662886305642188
2203404,Dom Expedito Lopes - PI,6320,220340,2021,PI,2203404.0,60,197.0,949.367088607595,3.117088607594937
2203420,Domingos Mourão - PI,4075,220342,2021,PI,2203420.0,29,48.0,711.6564417177914,1.177914110429448
2203453,Dom Inocêncio - PI,9159,220345,2021,PI,2203453.0,44,49.0,480.40179058849213,0.5349929031553663
2203503,Elesbão Veloso - PI,13607,220350,2021,PI,2203503.0,133,257.0,977.4380833394576,1.8887337399867716
2203602,Eliseu Martins - PI,4377,220360,2021,PI,2203602.0,63,115.0,1439.342015078821,2.6273703449851493
2203701,Esperantina - PI,40970,220370,2021,PI,2203701.0,340,1321.0,829.8755186721992,3.224310471076398
2203750,Fartura do Piauí - PI,5284,220375,2021,PI,2203750.0,33,9.0,624.5268735806208,0.17032551097653292
2203800,Flores do Piauí - PI,4414,220380,2021,PI,2203800.0,42,52.0,951.51789759855,1.1780697779791574
2203859,Floresta do Piauí - PI,2333,220385,2021,PI,2203859.0,17,6.0,728.6755250750107,0.2571795970852979
2203909,Floriano - PI,62036,220390,2021,PI,2203909.0,533,8401.0,859.1785414920369,13.54213682377974
2204006,Francinópolis - PI,4505,220400,2021,PI,2204006.0,55,63.0,1220.865704772475,1.3984461709211986
2204105,Francisco Ayres - PI,4412,220410,2021,PI,2204105.0,34,43.0,770.625566636446,0.9746146872166819
2204154,Francisco Macedo - PI,2929,220415,2021,PI,2204154.0,22,88.0,751.1095937179924,3.00443837487197
2204204,Francisco Santos - PI,8237,220420,2021,PI,2204204.0,56,192.0,679.8591720286512,2.330945732669661
2204303,Fronteiras - PI,10259,220430,2021,PI,2204303.0,86,423.0,838.2883321961205,4.123208889755336
2204352,Geminiano - PI,5445,220435,2021,PI,2204352.0,44,99.0,808.0808080808081,1.8181818181818181
2204402,Gilbués - PI,10892,220440,2021,PI,2204402.0,66,318.0,605.9493206022769,2.9195739992655163
2204501,Guadalupe - PI,10270,220450,2021,PI,2204501.0,83,644.0,808.1791626095423,6.270691333982473
2204550,Guaribas - PI,4276,220455,2021,PI,2204550.0,24,35.0,561.2722170252572,0.8185219831618336
2204600,Hugo Napoleão - PI,3518,220460,2021,PI,2204600.0,26,83.0,739.0562819783968,2.359295054007959
2204659,Ilha Grande - PI,9274,220465,2021,PI,2204659.0,101,110.0,1089.0662065990944,1.1861117101574292
2204709,Inhuma - PI,14958,220470,2021,PI,2204709.0,111,266.0,742.0778178900923,1.7783126086375185
2204808,Ipiranga do Piauí - PI,9420,220480,2021,PI,2204808.0,97,185.0,1029.723991507431,1.9639065817409767
2204907,Isaías Coelho - PI,7774,220490,2021,PI,2204907.0,38,61.0,488.80885001286345,0.784666838178544
2205003,Itainópolis - PI,10790,220500,2021,PI,2205003.0,90,131.0,834.1056533827618,1.2140871177015755
2205102,Itaueira - PI,10323,220510,2021,PI,2205102.0,104,164.0,1007.4590719752009,1.5886854596532016
2205151,Jacobina do Piauí - PI,5613,220515,2021,PI,2205151.0,41,21.0,730.4471761981115,0.3741314804917157
2205201,Jaicós - PI,17527,220520,2021,PI,2205201.0,153,340.0,872.9388942774005,1.939864209505335
2205250,Jardim do Mulato - PI,4180,220525,2021,PI,2205250.0,31,56.0,741.6267942583733,1.3397129186602872
2205276,Jatobá do Piauí - PI,4494,220527,2021,PI,2205276.0,52,59.0,1157.0983533600356,1.312861593235425
2205300,Jerumenha - PI,4497,220530,2021,PI,2205300.0,46,74.0,1022.9041583277742,1.6455414720925061
2205359,João Costa - PI,2970,220535,2021,PI,2205359.0,18,8.0,606.060606060606,0.26936026936026936
2205409,Joaquim Pires - PI,13886,220540,2021,PI,2205409.0,92,135.0,662.5378078640358,0.9722022180613568
2205458,Joca Marques - PI,5394,220545,2021,PI,2205458.0,38,24.0,704.4864664441973,0.44493882091212456
2205508,José de Freitas - PI,42559,220550,2021,PI,2205508.0,336,2185.0,789.4922343100167,5.134049202283888
2205516,Juazeiro do Piauí - PI,5214,220551,2021,PI,2205516.0,28,33.0,537.0157268891446,0.6329113924050633
2205524,Júlio Borges - PI,5388,220552,2021,PI,2205524.0,28,18.0,519.6733481811433,0.33407572383073497
2205532,Jurema - PI,4425,220553,2021,PI,2205532.0,33,23.0,745.7627118644068,0.519774011299435
2205540,Lagoinha do Piauí - PI,2939,220554,2021,PI,2205540.0,28,47.0,952.705001701259,1.5991833957128276
2205557,Lagoa Alegre - PI,8256,220555,2021,PI,2205557.0,63,97.0,763.0813953488372,1.1749031007751938
2205565,Lagoa do Barro do Piauí - PI,4995,220556,2021,PI,2205565.0,35,292.0,700.7007007007007,5.8458458458458455
2205573,Lagoa de São Francisco - PI,6331,220557,2021,PI,2205573.0,50,26.0,789.76465013426,0.41067761806981523
2205581,Lagoa do Piauí - PI,4810,220558,2021,PI,2205581.0,33,139.0,686.0706860706861,2.88981288981289
2205599,Lagoa do Sítio - PI,4520,220559,2021,PI,2205599.0,37,26.0,818.5840707964602,0.5752212389380531
2205607,Landri Sales - PI,5213,220560,2021,PI,2205607.0,60,102.0,1150.9687320161136,1.956646844427393
2205706,Luís Correia - PI,30641,220570,2021,PI,2205706.0,253,576.0,825.6910675239059,1.8798342090662838
2205805,Luzilândia - PI,25375,220580,2021,PI,2205805.0,228,391.0,898.5221674876847,1.540886699507389
2205854,Madeiro - PI,8032,220585,2021,PI,2205854.0,42,36.0,522.9083665338645,0.4482071713147411
2205904,Manoel Emídio - PI,5209,220590,2021,PI,2205904.0,46,88.0,883.0869648684968,1.6893837588788634
2205953,Marcolândia - PI,8533,220595,2021,PI,2205953.0,60,403.0,703.1524668932379,4.7228407359662485
2206001,Marcos Parente - PI,4724,220600,2021,PI,2206001.0,40,81.0,846.740050804403,1.714648602878916
2206050,Massapê do Piauí - PI,5218,220605,2021,PI,2206050.0,47,14.0,900.7282483710234,0.2683020314296665
2206100,Matias Olímpio - PI,10641,220610,2021,PI,2206100.0,78,153.0,733.0138144911192,1.4378347899633492
2206209,Miguel Alves - PI,32150,220620,2021,PI,2206209.0,211,622.0,656.2986003110419,1.9346811819595646
2206308,Miguel Leão - PI,1318,220630,2021,PI,2206308.0,10,20.0,758.7253414264037,1.5174506828528074
2206357,Milton Brandão - PI,6542,220635,2021,PI,2206357.0,37,16.0,565.5762763680831,0.24457352491592785
2206407,Monsenhor Gil - PI,10255,220640,2021,PI,2206407.0,111,322.0,1082.3988298391027,3.1399317406143346
2206506,Monsenhor Hipólito - PI,7577,220650,2021,PI,2206506.0,55,51.0,725.8809555232942,0.6730896133034183
2206605,Monte Alegre do Piauí - PI,10660,220660,2021,PI,2206605.0,66,320.0,619.1369606003752,3.0018761726078798
2206654,Morro Cabeça no Tempo - PI,4377,220665,2021,PI,2206654.0,27,6.0,616.860863605209,0.1370801919122687
2206670,Morro do Chapéu do Piauí - PI,6425,220667,2021,PI,2206670.0,43,57.0,669.2607003891051,0.88715953307393
2206696,Murici dos Portelas - PI,9797,220669,2021,PI,2206696.0,49,49.0,500.1531080943145,0.5001531080943146
2206704,Nazaré do Piauí - PI,6665,220670,2021,PI,2206704.0,70,72.0,1050.2625656414104,1.0802700675168793
2206720,Nazária - PI,10262,220672,2021,PI,2206720.0,87,438.0,847.7879555642176,4.268173845254336
2206753,Nossa Senhora de Nazaré - PI,5228,220675,2021,PI,2206753.0,42,121.0,803.3664881407803,2.3144605967865344
2206803,Nossa Senhora dos Remédios - PI,8525,220680,2021,PI,2206803.0,48,70.0,563.049853372434,0.8211143695014663
2206902,Novo Oriente do Piauí - PI,6097,220690,2021,PI,2206902.0,65,67.0,1066.0980810234541,1.098901098901099
2206951,Novo Santo Antônio - PI,2827,220695,2021,PI,2206951.0,28,31.0,990.4492394764768,1.0965688008489565
2207009,Oeiras - PI,38161,220700,2021,PI,2207009.0,335,1721.0,877.8595948743482,4.5098398888918005
2207108,Olho D'Água do Piauí - PI,2637,220710,2021,PI,2207108.0,21,34.0,796.3594994311717,1.2893439514599925
2207207,Padre Marcos - PI,6382,220720,2021,PI,2207207.0,59,162.0,924.4750861798809,2.538389219680351
2207306,Paes Landim - PI,4088,220730,2021,PI,2207306.0,28,59.0,684.931506849315,1.443248532289628
2207355,Pajeú do Piauí - PI,3000,220735,2021,PI,2207355.0,21,20.0,700.0,0.6666666666666667
2207405,Palmeira do Piauí - PI,4952,220740,2021,PI,2207405.0,33,148.0,666.3974151857835,2.988691437802908
2207504,Palmeirais - PI,13264,220750,2021,PI,2207504.0,123,253.0,927.3220747889023,1.9074185765983112
2207553,Paquetá - PI,3813,220755,2021,PI,2207553.0,22,21.0,576.9735116706006,0.5507474429583006
2207603,Parnaguá - PI,10103,220760,2021,PI,2207603.0,47,39.0,465.20835395427105,0.3860239532812036
2207702,Parnaíba - PI,162159,220770,2021,PI,2207702.0,1474,15986.0,908.984391862308,9.858225568731923
2207751,Passagem Franca do Piauí - PI,4135,220775,2021,PI,2207751.0,22,38.0,532.043530834341,0.9189842805320435
2207777,Patos do Piauí - PI,5425,220777,2021,PI,2207777.0,50,76.0,921.6589861751152,1.400921658986175
2207793,Pau D'Arco do Piauí - PI,3880,220779,2021,PI,2207793.0,24,13.0,618.5567010309278,0.33505154639175255
2207801,Paulistana - PI,21055,220780,2021,PI,2207801.0,125,713.0,593.6832106388032,3.3863690334837333
2207850,Pavussu - PI,3628,220785,2021,PI,2207850.0,34,21.0,937.1554575523704,0.5788313120176406
2207900,Pedro II - PI,37894,220790,2021,PI,2207900.0,377,762.0,994.8804560088669,2.010872433630654
2207934,Pedro Laurentino - PI,2458,220793,2021,PI,2207934.0,7,16.0,284.78437754271766,0.6509357200976403
2207959,Nova Santa Rita - PI,4076,220795,2021,PI,2207959.0,33,59.0,809.6172718351326,1.4474975466143278
2208007,Picos - PI,83090,220800,2021,PI,2208007.0,607,9387.0,730.5331568179083,11.297388374052233
2208106,Pimenteiras - PI,11341,220810,2021,PI,2208106.0,76,104.0,670.1349087382065,0.9170267172207036
2208205,Pio IX - PI,17613,220820,2021,PI,2208205.0,141,357.0,800.545051950264,2.0269119400442857
2208304,Piracuruca - PI,28846,220830,2021,PI,2208304.0,274,868.0,949.8717326492408,3.009082715107814
2208403,Piripiri - PI,65538,220840,2021,PI,2208403.0,703,4085.0,1072.6601361042449,6.233025115200342
2208502,Porto - PI,12052,220850,2021,PI,2208502.0,94,157.0,779.9535346830402,1.3026883504812479
2208551,Porto Alegre do Piauí - PI,2364,220855,2021,PI,2208551.0,23,36.0,972.9272419627749,1.5228426395939088
2208601,Prata do Piauí - PI,3042,220860,2021,PI,2208601.0,36,50.0,1183.4319526627219,1.6436554898093358
2208650,Queimada Nova - PI,8738,220865,2021,PI,2208650.0,53,230.0,606.5461203936828,2.6321812771801327
2208700,Redenção do Gurguéia - PI,8394,220870,2021,PI,2208700.0,61,82.0,726.7095544436502,0.9768882535144151
2208809,Regeneração - PI,17133,220880,2021,PI,2208809.0,145,415.0,846.3199673145391,2.4222261133485086
2208858,Riacho Frio - PI,4165,220885,2021,PI,2208858.0,27,8.0,648.2593037214885,0.19207683073229292
2208874,Ribeira do Piauí - PI,4055,220887,2021,PI,2208874.0,39,27.0,961.7755856966708,0.6658446362515413
2208908,Ribeiro Gonçalves - PI,6164,220890,2021,PI,2208908.0,38,183.0,616.4828033744323,2.9688513951979236
2209005,Rio Grande do Piauí - PI,5801,220900,2021,PI,2209005.0,68,130.0,1172.2116876400619,2.24099293225306
2209104,Santa Cruz do Piauí - PI,5831,220910,2021,PI,2209104.0,44,100.0,754.5875493054365,1.7149717029669012
2209153,Santa Cruz dos Milagres - PI,3435,220915,2021,PI,2209153.0,30,102.0,873.3624454148471,2.96943231441048
2209203,Santa Filomena - PI,6087,220920,2021,PI,2209203.0,35,254.0,574.9958928864794,4.172827336947593
2209302,Santa Luz - PI,5336,220930,2021,PI,2209302.0,43,57.0,805.8470764617692,1.068215892053973
2209351,Santana do Piauí - PI,4125,220935,2021,PI,2209351.0,30,49.0,727.2727272727273,1.187878787878788
2209377,Santa Rosa do Piauí - PI,4650,220937,2021,PI,2209377.0,47,33.0,1010.752688172043,0.7096774193548387
2209401,Santo Antônio de Lisboa - PI,5839,220940,2021,PI,2209401.0,54,84.0,924.8158931323858,1.4386025004281555
2209450,Santo Antônio dos Milagres - PI,2138,220945,2021,PI,2209450.0,15,48.0,701.5902712815715,2.245088868101029
2209500,Santo Inácio do Piauí - PI,3646,220950,2021,PI,2209500.0,40,52.0,1097.0927043335162,1.426220515633571
2209559,São Braz do Piauí - PI,4358,220955,2021,PI,2209559.0,35,6.0,803.1206975676916,0.13767783386874713
2209609,São Félix do Piauí - PI,2842,220960,2021,PI,2209609.0,26,91.0,914.8486980999296,3.201970443349754
2209658,São Francisco de Assis do Piauí - PI,5572,220965,2021,PI,2209658.0,44,28.0,789.6625987078248,0.5025125628140703
2209708,São Francisco do Piauí - PI,5392,220970,2021,PI,2209708.0,63,58.0,1168.3976261127596,1.0756676557863503
2209757,São Gonçalo do Gurguéia - PI,2947,220975,2021,PI,2209757.0,24,26.0,814.3875127248049,0.8822531387852053
2209807,São Gonçalo do Piauí - PI,4837,220980,2021,PI,2209807.0,36,271.0,744.2629729170974,5.60264626834815
2209856,São João da Canabrava - PI,4242,220985,2021,PI,2209856.0,43,27.0,1013.6727958510138,0.6364922206506365
2209872,São João da Fronteira - PI,5522,220987,2021,PI,2209872.0,34,29.0,615.7189424121694,0.5251720391162622
2209906,São João da Serra - PI,6114,220990,2021,PI,2209906.0,60,78.0,981.3542688910698,1.2757605495583906
2209955,São João da Varjota - PI,4383,220995,2021,PI,2209955.0,26,17.0,593.2010038786219,0.38786219484371437
2209971,São João do Arraial - PI,8186,220997,2021,PI,2209971.0,66,47.0,806.2545809919374,0.5741509894942585
2210003,São João do Piauí - PI,21421,221000,2021,PI,2210003.0,151,1030.0,704.9157368937025,4.808365622519957
2210052,São José do Divino - PI,4841,221005,2021,PI,2210052.0,41,84.0,846.9324519727329,1.7351786820904773
2210102,São José do Peixe - PI,3297,221010,2021,PI,2210102.0,25,34.0,758.2650894752805,1.0312405216863816
2210201,São José do Piauí - PI,6597,221020,2021,PI,2210201.0,50,61.0,757.9202667879339,0.9246627254812795
2210300,São Julião - PI,6025,221030,2021,PI,2210300.0,61,112.0,1012.4481327800829,1.8589211618257262
2210359,São Lourenço do Piauí - PI,4410,221035,2021,PI,2210359.0,37,20.0,839.0022675736961,0.45351473922902497
2210375,São Luis do Piauí - PI,2309,221037,2021,PI,2210375.0,21,17.0,909.4846253789519,0.7362494586401039
2210383,São Miguel da Baixa Grande - PI,2269,221038,2021,PI,2210383.0,28,51.0,1234.02379903041,2.247686205376818
2210391,São Miguel do Fidalgo - PI,2829,221039,2021,PI,2210391.0,19,52.0,671.615411806292,1.838105337575115
2210409,São Miguel do Tapuio - PI,17554,221040,2021,PI,2210409.0,133,282.0,757.6620713227754,1.606471459496411
2210508,São Pedro do Piauí - PI,13755,221050,2021,PI,2210508.0,131,270.0,952.3809523809525,1.9629225736095965
2210607,São Raimundo Nonato - PI,38934,221060,2021,PI,2210607.0,250,1410.0,642.1122925977295,3.621513330251194
2210623,Sebastião Barros - PI,3202,221062,2021,PI,2210623.0,20,4.0,624.6096189881324,0.12492192379762648
2210631,Sebastião Leal - PI,4446,221063,2021,PI,2210631.0,35,823.0,787.2244714349977,18.51102114260009
2210656,Sigefredo Pacheco - PI,9460,221065,2021,PI,2210656.0,77,89.0,813.953488372093,0.9408033826638478
2210706,Simões - PI,14350,221070,2021,PI,2210706.0,114,281.0,794.425087108014,1.9581881533101044
2210805,Simplício Mendes - PI,13870,221080,2021,PI,2210805.0,136,445.0,980.5335255948089,3.2083633741888966
2210904,Socorro do Piauí - PI,4141,221090,2021,PI,2210904.0,27,36.0,652.0164211543105,0.8693552282057475
2210938,Sussuapara - PI,6220,221093,2021,PI,2210938.0,62,144.0,996.7845659163987,2.315112540192926
2210953,Tamboril do Piauí - PI,2949,221095,2021,PI,2210953.0,34,15.0,1152.9331976941335,0.508646998982706
2210979,Tanque do Piauí - PI,2316,221097,2021,PI,2210979.0,16,17.0,690.8462867012089,0.7340241796200345
2211001,Teresina - PI,866300,221100,2021,PI,2211001.0,6782,288537.0,782.8696756319982,33.30682211704952
2211100,União - PI,46119,221110,2021,PI,2211100.0,349,1912.0,756.7380038595807,4.1457967432077885
2211209,Uruçuí - PI,25203,221120,2021,PI,2211209.0,211,2502.0,837.2019204063009,9.92738959647661
2211308,Valença do Piauí - PI,22279,221130,2021,PI,2211308.0,225,949.0,1009.9196552807578,4.259616679384173
2211357,Várzea Branca - PI,5055,221135,2021,PI,2211357.0,35,3.0,692.3837784371909,0.05934718100890207
2211407,Várzea Grande - PI,4417,221140,2021,PI,2211407.0,36,376.0,815.0328277111162,8.512565089427213
2211506,Vera Mendes - PI,3185,221150,2021,PI,2211506.0,41,8.0,1287.2841444270016,0.25117739403453687
2211605,Vila Nova do Piauí - PI,2935,221160,2021,PI,2211605.0,28,18.0,954.0034071550257,0.6132879045996593
2211704,Wall Ferraz - PI,4059,221170,2021,PI,2211704.0,21,18.0,517.3688100517369,0.4434589800443459
2300101,Abaiara - CE,10038,230010,2021,CE,2300101.0,77,1094.0,767.0850767085077,10.898585375572823
2300150,Acarape - CE,14027,230015,2021,CE,2300150.0,128,221.0,912.5258430170386,1.5755329008341055
2300200,Acaraú - CE,65264,230020,2021,CE,2300200.0,453,1334.0,694.1039470458446,2.0440058837950477
2300309,Acopiara - CE,44962,230030,2021,CE,2300309.0,427,566.0,949.6908500511544,1.2588407988968462
2300408,Aiuaba - CE,14076,230040,2021,CE,2300408.0,116,73.0,824.0977550440466,0.5186132423984086
2300507,Alcântaras - CE,11369,230050,2021,CE,2300507.0,98,128.0,861.9931392382796,1.1258685900255079
2300606,Altaneira - CE,6782,230060,2021,CE,2300606.0,78,128.0,1150.103214391035,1.8873488646416987
2300705,Alto Santo - CE,14155,230070,2021,CE,2300705.0,121,287.0,854.8216178028965,2.027552101730837
2300754,Amontada - CE,42156,230075,2021,CE,2300754.0,265,620.0,628.6175158933485,1.4707277730334947
2300804,Antonina do Norte - CE,7245,230080,2021,CE,2300804.0,66,58.0,910.9730848861283,0.800552104899931
2300903,Apuiarés - CE,12928,230090,2021,CE,2300903.0,120,79.0,928.2178217821781,0.6110767326732673
2301000,Aquiraz - CE,80645,230100,2021,CE,2301000.0,667,8968.0,827.0816541633083,11.120342240684481
2301109,Aracati - CE,75113,230110,2021,CE,2301109.0,550,4852.0,732.2301066393301,6.459600868025508
2301208,Aracoiaba - CE,25553,230120,2021,CE,2301208.0,243,295.0,950.9646616835597,1.1544632724141979
2301257,Ararendá - CE,11096,230125,2021,CE,2301257.0,119,61.0,1072.4585436193222,0.549747656813266
2301307,Araripe - CE,19783,230130,2021,CE,2301307.0,143,171.0,722.8428448668049,0.8643785067987667
2301406,Aratuba - CE,11224,230140,2021,CE,2301406.0,114,67.0,1015.6806842480398,0.5969351389878831
2301505,Arneiroz - CE,7429,230150,2021,CE,2301505.0,67,58.0,901.871045901198,0.7807241889890968
2301604,Assaré - CE,21697,230160,2021,CE,2301604.0,179,354.0,824.9988477669725,1.6315619670922248
2301703,Aurora - CE,23714,230170,2021,CE,2301703.0,186,273.0,784.3467993590284,1.1512186893817997
2301802,Baixio - CE,5704,230180,2021,CE,2301802.0,51,13.0,894.1093969144459,0.22791023842917252
2301851,Banabuiú - CE,17195,230185,2021,CE,2301851.0,127,306.0,738.5867984879326,1.7795870892701366
2301901,Barbalha - CE,75033,230190,2021,CE,2301901.0,589,5398.0,784.9879386403317,7.194167899457573
2301950,Barreira - CE,22392,230195,2021,CE,2301950.0,169,416.0,754.7338335119686,1.8578063594140763
2302008,Barro - CE,19381,230200,2021,CE,2302008.0,188,253.0,970.0221866776741,1.3054021980289976
2302057,Barroquinha - CE,14567,230205,2021,CE,2302057.0,111,128.0,761.9962929910071,0.8786984279535938
2302107,Baturité - CE,35218,230210,2021,CE,2302107.0,316,1199.0,897.2684422738372,3.404509057868135
2302206,Beberibe - CE,53114,230220,2021,CE,2302206.0,428,1280.0,805.8139097036563,2.409910757992243
2302305,Bela Cruz - CE,32775,230230,2021,CE,2302305.0,244,282.0,744.4698703279939,0.860411899313501
2302404,Boa Viagem - CE,50411,230240,2021,CE,2302404.0,447,732.0,886.7112336593204,1.452064033643451
2302503,Brejo Santo - CE,51090,230250,2021,CE,2302503.0,465,2655.0,910.1585437463301,5.196711685261303
2302602,Camocim - CE,62326,230260,2021,CE,2302602.0,495,1294.0,794.2110836569008,2.0761800853576355
2302701,Campos Sales - CE,25135,230270,2021,CE,2302701.0,260,767.0,1034.414163517008,3.051521782375174
2302800,Canindé - CE,74174,230280,2021,CE,2302800.0,630,2098.0,849.3542211556611,2.8284843745786934
2302909,Capistrano - CE,17254,230290,2021,CE,2302909.0,142,127.0,822.9975657818477,0.7360612031992582
2303006,Caridade - CE,16377,230300,2021,CE,2303006.0,158,183.0,964.7676619649508,1.1174207730353545
2303105,Cariré - CE,17632,230310,2021,CE,2303105.0,181,122.0,1026.5426497277676,0.6919237749546279
2303204,Caririaçu - CE,26320,230320,2021,CE,2303204.0,222,665.0,843.4650455927051,2.5265957446808507
2303303,Cariús - CE,17015,230330,2021,CE,2303303.0,163,120.0,957.97825448134,0.7052600646488393
2303402,Carnaubal - CE,17210,230340,2021,CE,2303402.0,168,88.0,976.1766414875074,0.5113306217315514
2303501,Cascavel - CE,72720,230350,2021,CE,2303501.0,588,2553.0,808.5808580858086,3.5107260726072607
2303600,Catarina - CE,10243,230360,2021,CE,2303600.0,86,81.0,839.5977740896221,0.7907839500146442
2303659,Catunda - CE,10444,230365,2021,CE,2303659.0,90,20.0,861.7387973956338,0.19149751053236308
2303709,Caucaia - CE,355679,230370,2021,CE,2303709.0,2582,59980.0,725.9354642809949,16.86352019658175
2303808,Cedro - CE,22344,230380,2021,CE,2303808.0,254,494.0,1136.7704976727534,2.2108843537414966
2303907,Chaval - CE,12462,230390,2021,CE,2303907.0,122,61.0,978.9760873054083,0.4894880436527042
2303931,Choró - CE,12113,230393,2021,CE,2303931.0,83,73.0,685.2142326426153,0.6026583009989267
2303956,Chorozinho - CE,20163,230395,2021,CE,2303956.0,177,482.0,877.8455586966224,2.3905172841343054
2304004,Coreaú - CE,20953,230400,2021,CE,2304004.0,215,198.0,1026.1060468667972,0.9449720803703527
2304103,Crateús - CE,76390,230410,2021,CE,2304103.0,695,3938.0,909.8049482916612,5.155125016363398
2304202,Crato - CE,131050,230420,2021,CE,2304202.0,979,18169.0,747.0431133155284,13.864173979397176
2304236,Croatá - CE,17481,230423,2021,CE,2304236.0,150,41.0,858.074480864939,0.23454035810308335
2304251,Cruz - CE,29761,230425,2021,CE,2304251.0,218,336.0,732.5022680689493,1.1289943214273714
2304269,Deputado Irapuan Pinheiro - CE,8932,230426,2021,CE,2304269.0,85,47.0,951.6345723242276,0.5261979399910435
2304277,Ereré - CE,6474,230427,2021,CE,2304277.0,56,32.0,864.9984553599012,0.4942848316342292
2304285,Eusébio - CE,74170,230428,2021,CE,2304285.0,444,24920.0,598.6247809087232,33.59848995550762
2304301,Farias Brito - CE,18217,230430,2021,CE,2304301.0,171,240.0,938.6836471427787,1.3174507328319702
2304350,Forquilha - CE,24173,230435,2021,CE,2304350.0,200,539.0,827.3693790592811,2.2297604765647625
2304400,Fortaleza - CE,2428708,230440,2021,CE,2304400.0,21592,959100.0,889.0323579450474,39.490132201977346
2304459,Fortim - CE,17294,230445,2021,CE,2304459.0,131,408.0,757.4881461778651,2.3591997224470913
2304509,Frecheirinha - CE,15657,230450,2021,CE,2304509.0,116,300.0,740.8826722871559,1.9160758766047135
2304608,General Sampaio - CE,6734,230460,2021,CE,2304608.0,51,39.0,757.3507573507574,0.5791505791505791
2304657,Graça - CE,13801,230465,2021,CE,2304657.0,120,64.0,869.5022099847837,0.46373451199188465
2304707,Granja - CE,53344,230470,2021,CE,2304707.0,382,394.0,716.1067786442711,0.7386022795440912
2304806,Granjeiro - CE,4841,230480,2021,CE,2304806.0,40,30.0,826.2755629002272,0.6197066721751705
2304905,Groaíras - CE,10910,230490,2021,CE,2304905.0,125,819.0,1145.7378551787351,7.5068744271310734
2304954,Guaiúba - CE,24325,230495,2021,CE,2304954.0,186,852.0,764.6454265159301,3.50256937307297
2305001,Guaraciaba do Norte - CE,42053,230500,2021,CE,2305001.0,385,408.0,915.5113784985614,0.9702042660452286
2305100,Guaramiranga - CE,5654,230510,2021,CE,2305100.0,32,67.0,565.9709939865581,1.1850017686593561
2305209,Hidrolândia - CE,17855,230520,2021,CE,2305209.0,162,194.0,907.3088770652478,1.0865303836460374
2305233,Horizonte - CE,74755,230523,2021,CE,2305233.0,586,5273.0,783.8940539094374,7.05370878202127
2305266,Ibaretama - CE,11956,230526,2021,CE,2305266.0,105,44.0,878.2201405152224,0.36801605888256944
2305308,Ibiapina - CE,23965,230530,2021,CE,2305308.0,188,271.0,784.4773628207803,1.130815773002295
2305332,Ibicuitinga - CE,11611,230533,2021,CE,2305332.0,110,66.0,947.377486865903,0.5684264921195418
2305357,Icapuí - CE,21433,230535,2021,CE,2305357.0,143,543.0,667.1954462744366,2.5334764148742592
2305407,Icó - CE,62642,230540,2021,CE,2305407.0,556,1379.0,887.5834104913636,2.201398422783436
2305506,Iguatu - CE,98064,230550,2021,CE,2305506.0,880,7680.0,897.3731440691793,7.831620166421928
2305605,Independência - CE,24024,230560,2021,CE,2305605.0,234,412.0,974.025974025974,1.7149517149517148
2305654,Ipaporanga - CE,11575,230565,2021,CE,2305654.0,132,61.0,1140.388768898488,0.5269978401727862
2305704,Ipaumirim - CE,12083,230570,2021,CE,2305704.0,99,137.0,819.3329471157825,1.1338243813622446
2305803,Ipu - CE,41081,230580,2021,CE,2305803.0,387,640.0,942.0413329763152,1.5578978116404176
2305902,Ipueiras - CE,36798,230590,2021,CE,2305902.0,362,310.0,983.7491167998262,0.8424370889722267
2306009,Iracema - CE,14001,230600,2021,CE,2306009.0,120,247.0,857.0816370259267,1.7641597028783658
2306108,Irauçuba - CE,23915,230610,2021,CE,2306108.0,163,141.0,681.5805979510767,0.5895881246079866
2306207,Itaiçaba - CE,7536,230620,2021,CE,2306207.0,81,144.0,1074.84076433121,1.910828025477707
2306256,Itaitinga - CE,64650,230625,2021,CE,2306256.0,364,5581.0,563.0317092034029,8.632637277648879
2306306,Itapajé - CE,46426,230630,2021,CE,2306306.0,368,992.0,792.6592857450566,2.136733726791022
2306405,Itapipoca - CE,131123,230640,2021,CE,2306405.0,849,3893.0,647.4836603799487,2.9689680681497523
2306504,Itapiúna - CE,17841,230650,2021,CE,2306504.0,146,111.0,818.3397791603609,0.6221624348410963
2306553,Itarema - CE,42957,230655,2021,CE,2306553.0,237,393.0,551.7145052028773,0.9148683567288217
2306603,Itatira - CE,20424,230660,2021,CE,2306603.0,157,119.0,768.7034860947905,0.5826478652565609
2306702,Jaguaretama - CE,17232,230670,2021,CE,2306702.0,166,227.0,963.3240482822656,1.3173166202414113
2306801,Jaguaribara - CE,10356,230680,2021,CE,2306801.0,91,207.0,878.7176516029356,1.998841251448436
2306900,Jaguaribe - CE,33726,230690,2021,CE,2306900.0,254,1129.0,753.1281503884243,3.3475656763328
2307007,Jaguaruana - CE,31701,230700,2021,CE,2307007.0,275,820.0,867.4805211192077,2.5866691902463645
2307106,Jardim - CE,27411,230710,2021,CE,2307106.0,225,467.0,820.8383495676918,1.7036955966582759
2307205,Jati - CE,7861,230720,2021,CE,2307205.0,70,139.0,890.4719501335708,1.7682228724080904
2307254,Jijoca de Jericoacoara - CE,25555,230725,2021,CE,2307254.0,169,386.0,661.3187243200939,1.5104676188612796
2307304,Juazeiro do Norte - CE,286120,230730,2021,CE,2307304.0,2190,46983.0,765.4131133790017,16.420732559765135
2307403,Jucás - CE,23922,230740,2021,CE,2307403.0,237,350.0,990.7198394783046,1.4630883705375806
2307502,Lavras da Mangabeira - CE,30802,230750,2021,CE,2307502.0,243,440.0,788.9098110512305,1.4284786702162198
2307601,Limoeiro do Norte - CE,59560,230760,2021,CE,2307601.0,476,4675.0,799.1940899932841,7.849227669576897
2307635,Madalena - CE,16896,230763,2021,CE,2307635.0,135,134.0,799.0056818181818,0.7930871212121212
2307650,Maracanaú - CE,234509,230765,2021,CE,2307650.0,1991,55929.0,849.0079272010881,23.849404500466935
2307700,Maranguape - CE,105093,230770,2021,CE,2307700.0,791,9336.0,752.6666856974299,8.883560275184836
2307809,Marco - CE,25799,230780,2021,CE,2307809.0,202,416.0,782.9760843443544,1.6124655994418389
2307908,Martinópole - CE,10846,230790,2021,CE,2307908.0,86,47.0,792.9190484971418,0.43333947999262395
2308005,Massapê - CE,37697,230800,2021,CE,2308005.0,286,526.0,758.681062153487,1.395336498925644
2308104,Mauriti - CE,45561,230810,2021,CE,2308104.0,380,773.0,834.0466627159194,1.6966265007352779
2308203,Meruoca - CE,15157,230820,2021,CE,2308203.0,117,158.0,771.9205647555584,1.0424226430032328
2308302,Milagres - CE,25900,230830,2021,CE,2308302.0,255,808.0,984.5559845559847,3.1196911196911197
2308351,Milhã - CE,14123,230835,2021,CE,2308351.0,136,188.0,962.9682078878425,1.3311619344331942
2308377,Miraíma - CE,14196,230837,2021,CE,2308377.0,67,49.0,471.9639335023951,0.34516765285996054
2308401,Missão Velha - CE,36822,230840,2021,CE,2308401.0,285,1183.0,773.9938080495356,3.212753245342458
2308500,Mombaça - CE,37735,230850,2021,CE,2308500.0,374,573.0,991.1223002517556,1.5184841658937325
2308609,Monsenhor Tabosa - CE,17149,230860,2021,CE,2308609.0,169,102.0,985.4802029272844,0.5947868680389528
2308708,Morada Nova - CE,61443,230870,2021,CE,2308708.0,570,1873.0,927.6890776817538,3.048353758768289
2308807,Moraújo - CE,8254,230880,2021,CE,2308807.0,75,47.0,908.6503513448025,0.569420886842743
2308906,Morrinhos - CE,22753,230890,2021,CE,2308906.0,139,157.0,610.9084516327517,0.6900188986067771
2309003,Mucambo - CE,13666,230900,2021,CE,2309003.0,179,209.0,1309.8199912190837,1.529342894775355
2309102,Mulungu - CE,10569,230910,2021,CE,2309102.0,77,107.0,728.5457469959315,1.0123947393320087
2309201,Nova Olinda - CE,15399,230920,2021,CE,2309201.0,132,220.0,857.1985193843756,1.4286641989739592
2309300,Nova Russas - CE,30699,230930,2021,CE,2309300.0,339,825.0,1104.270497410339,2.687383953874719
2309409,Novo Oriente - CE,27545,230940,2021,CE,2309409.0,265,185.0,962.0620802323472,0.6716282446905064
2309458,Ocara - CE,24493,230945,2021,CE,2309458.0,215,163.0,877.8018209284285,0.6654962642387621
2309508,Orós - CE,19675,230950,2021,CE,2309508.0,263,277.0,1336.7217280813215,1.4078780177890724
2309607,Pacajus - CE,70983,230960,2021,CE,2309607.0,569,6956.0,801.6003831903413,9.799529464801433
2309706,Pacatuba - CE,81524,230970,2021,CE,2309706.0,571,7683.0,700.4072420391541,9.42421863500319
2309805,Pacoti - CE,11186,230980,2021,CE,2309805.0,96,141.0,858.2156266762024,1.2605042016806722
2309904,Pacujá - CE,6175,230990,2021,CE,2309904.0,64,41.0,1036.4372469635628,0.6639676113360323
2310001,Palhano - CE,9346,231000,2021,CE,2310001.0,74,67.0,791.7825807832228,0.716884228546972
2310100,Palmácia - CE,10242,231010,2021,CE,2310100.0,80,120.0,781.0974419058778,1.1716461628588166
2310209,Paracuru - CE,38980,231020,2021,CE,2310209.0,298,1508.0,764.4946126218573,3.868650590046178
2310258,Paraipaba - CE,32216,231025,2021,CE,2310258.0,264,892.0,819.4685870374968,2.7688105289297242
2310308,Parambu - CE,31445,231030,2021,CE,2310308.0,311,202.0,989.0284623946574,0.642391477182382
2310407,Paramoti - CE,10384,231040,2021,CE,2310407.0,94,62.0,905.2388289676425,0.5970724191063174
2310506,Pedra Branca - CE,40187,231050,2021,CE,2310506.0,393,295.0,977.9281857317043,0.7340682310199815
2310605,Penaforte - CE,8972,231060,2021,CE,2310605.0,62,113.0,691.0387873383861,1.2594739188586714
2310704,Pentecoste - CE,37813,231070,2021,CE,2310704.0,327,695.0,864.7819532964854,1.8379922248961997
2310803,Pereiro - CE,15274,231080,2021,CE,2310803.0,125,5288.0,818.384182270525,34.62092444677229
2310852,Pindoretama - CE,23391,231085,2021,CE,2310852.0,180,972.0,769.5267410542516,4.155444401692958
2310902,Piquet Carneiro - CE,16616,231090,2021,CE,2310902.0,135,61.0,812.4699085219065,0.36711603273952814
2310951,Pires Ferreira - CE,10606,231095,2021,CE,2310951.0,58,11.0,546.8602677729588,0.10371487837073355
2311009,Poranga - CE,12065,231100,2021,CE,2311009.0,119,47.0,986.3240779113138,0.3895565685868214
2311108,Porteiras - CE,17050,231110,2021,CE,2311108.0,166,240.0,973.6070381231673,1.4076246334310851
2311207,Potengi - CE,8833,231120,2021,CE,2311207.0,69,177.0,781.161553266161,2.003849201856674
2311231,Potiretama - CE,5974,231123,2021,CE,2311231.0,41,38.0,686.3073317710077,0.6360897221292267
2311264,Quiterianópolis - CE,20213,231126,2021,CE,2311264.0,173,72.0,855.8848265967447,0.3562064018206105
2311306,Quixadá - CE,84168,231130,2021,CE,2311306.0,663,3729.0,787.7102936983177,4.430424864556601
2311355,Quixelô - CE,15910,231135,2021,CE,2311355.0,159,117.0,999.3714644877435,0.7353865493400378
2311405,Quixeramobim - CE,82177,231140,2021,CE,2311405.0,620,1753.0,754.4690120106599,2.1332002871849784
2311504,Quixeré - CE,20874,231150,2021,CE,2311504.0,183,487.0,876.6887036504743,2.333045894414104
2311603,Redenção - CE,27214,231160,2021,CE,2311603.0,266,841.0,977.4380833394576,3.090321158227383
2311702,Reriutaba - CE,18606,231170,2021,CE,2311702.0,184,188.0,988.9283026980544,1.0104267440610555
2311801,Russas - CE,72928,231180,2021,CE,2311801.0,572,4101.0,784.3352347520844,5.623354541465555
2311900,Saboeiro - CE,13854,231190,2021,CE,2311900.0,129,80.0,931.139021221308,0.57745055579616
2311959,Salitre - CE,16633,231195,2021,CE,2311959.0,126,21.0,757.5302110262732,0.1262550351710455
2312007,Santana do Acaraú - CE,30628,231200,2021,CE,2312007.0,274,320.0,894.6062426537808,1.04479561185843
2312106,Santana do Cariri - CE,16954,231210,2021,CE,2312106.0,124,183.0,731.3908222248436,1.0793912940898904
2312205,Santa Quitéria - CE,40183,231220,2021,CE,2312205.0,333,810.0,828.7086578901525,2.0157778164895603
2312304,São Benedito - CE,47640,231230,2021,CE,2312304.0,413,890.0,866.9185558354324,1.868178001679261
2312403,São Gonçalo do Amarante - CE,54143,231240,2021,CE,2312403.0,427,8687.0,788.6522726852963,16.044548695122177
2312502,São João do Jaguaribe - CE,5855,231250,2021,CE,2312502.0,79,105.0,1349.274124679761,1.7933390264730997
2312601,São Luís do Curu - CE,10822,231260,2021,CE,2312601.0,128,117.0,1182.7758270190354,1.0811310293845868
2312700,Senador Pompeu - CE,24266,231270,2021,CE,2312700.0,234,513.0,964.3122063792961,2.114069067831534
2312809,Senador Sá - CE,7262,231280,2021,CE,2312809.0,50,23.0,688.5155604516661,0.31671715780776644
2312908,Sobral - CE,203023,231290,2021,CE,2312908.0,1738,23482.0,856.0606433753811,11.566177231151151
2313005,Solonópole - CE,18179,231300,2021,CE,2313005.0,182,282.0,1001.155179052753,1.5512404422685515
2313104,Tabuleiro do Norte - CE,30652,231310,2021,CE,2313104.0,270,1348.0,880.8560615946757,4.397755448257863
2313203,Tamboril - CE,24815,231320,2021,CE,2313203.0,270,194.0,1088.0515817046141,0.7817852105581301
2313252,Tarrafas - CE,7529,231325,2021,CE,2313252.0,60,49.0,796.9185814849249,0.650816841546022
2313302,Tauá - CE,61227,231330,2021,CE,2313302.0,522,1542.0,852.5650448331618,2.518496741633593
2313351,Tejuçuoca - CE,17154,231335,2021,CE,2313351.0,97,55.0,565.465780575959,0.3206249271306984
2313401,Tianguá - CE,81506,231340,2021,CE,2313401.0,610,2508.0,748.4111599146075,3.077074080435796
2313500,Trairi - CE,58415,231350,2021,CE,2313500.0,379,1045.0,648.8059573739622,1.7889240777197637
2313559,Tururu - CE,15412,231355,2021,CE,2313559.0,130,94.0,843.4985725408771,0.6099143524526343
2313609,Ubajara - CE,32767,231360,2021,CE,2313609.0,277,1220.0,845.3627124851223,3.7232581560716578
2313708,Umari - CE,6871,231370,2021,CE,2313708.0,72,31.0,1047.882404307961,0.45117159074370544
2313757,Umirim - CE,17470,231375,2021,CE,2313757.0,148,104.0,847.1665712650258,0.5953062392673154
2313807,Uruburetama - CE,20189,231380,2021,CE,2313807.0,156,276.0,772.69800386349,1.3670810837584824
2313906,Uruoca - CE,13746,231390,2021,CE,2313906.0,114,112.0,829.3321693583588,0.8147824821766332
2313955,Varjota - CE,18105,231395,2021,CE,2313955.0,171,159.0,944.4904722452361,0.8782104391052195
2314003,Várzea Alegre - CE,38984,231400,2021,CE,2314003.0,330,622.0,846.5011286681716,1.5955263697927355
2314102,Viçosa do Ceará - CE,59712,231410,2021,CE,2314102.0,443,497.0,741.8944265809217,0.832328510182208
2400109,Acari - RN,10597,240010,2021,RN,2400109.0,88,397.0,830.4237048221195,3.7463433047088794
2400208,Açu - RN,56496,240020,2021,RN,2400208.0,422,3710.0,746.9555366751629,6.566836590201077
2400307,Afonso Bezerra - RN,10839,240030,2021,RN,2400307.0,74,170.0,682.7198081003783,1.5684103699603282
2400406,Água Nova - RN,2946,240040,2021,RN,2400406.0,18,24.0,610.9979633401222,0.8146639511201629
2400505,Alexandria - RN,13640,240050,2021,RN,2400505.0,136,285.0,997.067448680352,2.089442815249267
2400604,Almino Afonso - RN,4687,240060,2021,RN,2400604.0,40,70.0,853.4243652656284,1.4934926392148495
2400703,Alto do Rodrigues - RN,12484,240070,2021,RN,2400703.0,119,2213.0,953.2201217558476,17.726690163409163
2400802,Angicos - RN,11632,240080,2021,RN,2400802.0,117,602.0,1005.8459422283356,5.175378266850069
2400901,Antônio Martins - RN,6577,240090,2021,RN,2400901.0,53,40.0,805.8385282043486,0.6081800212863008
2401008,Apodi - RN,36093,240100,2021,RN,2401008.0,312,628.0,864.4335466710995,1.7399495747097773
2401107,Areia Branca - RN,24093,240110,2021,RN,2401107.0,228,2738.0,946.3329597808491,11.364296683684058
2401206,Arês - RN,13251,240120,2021,RN,2401206.0,113,843.0,852.7658289940381,6.361784016300656
2401305,Campo Grande - RN,9730,240130,2021,RN,2401305.0,81,153.0,832.4768756423432,1.5724563206577595
2401404,Baía Formosa - RN,8825,240140,2021,RN,2401404.0,50,249.0,566.57223796034,2.821529745042493
2401453,Baraúna - RN,26913,240145,2021,RN,2401453.0,164,660.0,609.370935978895,2.4523464496711624
2401503,Barcelona - RN,3986,240150,2021,RN,2401503.0,31,81.0,777.7220270948319,2.032112393376819
2401602,Bento Fernandes - RN,4807,240160,2021,RN,2401602.0,13,94.0,270.4389432078219,1.9554815893488662
2401651,Bodó - RN,2306,240165,2021,RN,2401651.0,22,46.0,954.0329575021683,1.99479618386817
2401701,Bom Jesus - RN,9952,240170,2021,RN,2401701.0,64,349.0,643.0868167202573,3.5068327974276525
2401800,Brejinho - RN,12202,240180,2021,RN,2401800.0,104,428.0,852.3192919193574,3.5076217013604327
2401859,Caiçara do Norte - RN,6293,240185,2021,RN,2401859.0,39,180.0,619.7362148418879,2.8603209915779435
2401909,Caiçara do Rio do Vento - RN,3268,240190,2021,RN,2401909.0,21,57.0,642.5948592411261,1.744186046511628
2402006,Caicó - RN,61146,240200,2021,RN,2402006.0,586,5087.0,958.3619533575377,8.319432178719785
2402105,Campo Redondo - RN,10215,240210,2021,RN,2402105.0,64,149.0,626.5296133137542,1.4586392559960841
2402204,Canguaretama - RN,29668,240220,2021,RN,2402204.0,229,1076.0,771.8754213293785,3.626803289739787
2402303,Caraúbas - RN,19727,240230,2021,RN,2402303.0,220,354.0,1115.2227910984943,1.7944948547675774
2402402,Carnaúba dos Dantas - RN,7992,240240,2021,RN,2402402.0,70,175.0,875.8758758758759,2.18968968968969
2402501,Carnaubais - RN,9714,240250,2021,RN,2402501.0,82,150.0,844.14247477867,1.5441630636195183
2402600,Ceará-Mirim - RN,79115,240260,2021,RN,2402600.0,566,5098.0,715.414270365923,6.443784364532642
2402709,Cerro Corá - RN,11000,240270,2021,RN,2402709.0,92,225.0,836.3636363636363,2.0454545454545454
2402808,Coronel Ezequiel - RN,5117,240280,2021,RN,2402808.0,31,19.0,605.8237248387727,0.3713113152237639
2402907,Coronel João Pessoa - RN,4237,240290,2021,RN,2402907.0,34,39.0,802.4545669105499,0.9204625914562191
2403004,Cruzeta - RN,8005,240300,2021,RN,2403004.0,85,125.0,1061.8363522798252,1.5615240474703311
2403103,Currais Novos - RN,41313,240310,2021,RN,2403103.0,400,2986.0,968.2182363904824,7.227749134654951
2403202,Doutor Severiano - RN,7044,240320,2021,RN,2403202.0,61,39.0,865.9852356615559,0.5536626916524702
2403251,Parnamirim - RN,252716,240325,2021,RN,2403251.0,1653,83715.0,654.093923613859,33.126117855616585
2403301,Encanto - RN,6016,240330,2021,RN,2403301.0,64,30.0,1063.8297872340424,0.49867021276595747
2403400,Equador - RN,5360,240340,2021,RN,2403400.0,48,62.0,895.5223880597016,1.1567164179104477
2403509,Espírito Santo - RN,10620,240350,2021,RN,2403509.0,59,221.0,555.5555555555555,2.080979284369115
2403608,Extremoz - RN,61635,240360,2021,RN,2403608.0,277,7157.0,449.41997241826886,11.611908818041696
2403707,Felipe Guerra - RN,5944,240370,2021,RN,2403707.0,54,98.0,908.479138627187,1.648721399730821
2403756,Fernando Pedroza - RN,2938,240375,2021,RN,2403756.0,21,56.0,714.7719537100068,1.9060585432266848
2403806,Florânia - RN,10196,240380,2021,RN,2403806.0,71,215.0,696.3515103962338,2.1086700666928206
2403905,Francisco Dantas - RN,2700,240390,2021,RN,2403905.0,19,32.0,703.7037037037037,1.1851851851851851
2404002,Frutuoso Gomes - RN,4122,240400,2021,RN,2404002.0,51,62.0,1237.2634643377,1.5041242115477924
2404101,Galinhos - RN,2104,240410,2021,RN,2404101.0,10,47.0,475.2851711026616,2.2338403041825097
2404200,Goianinha - RN,26741,240420,2021,RN,2404200.0,224,3215.0,837.6650087880034,12.022736621667104
2404309,Governador Dix-Sept Rosado - RN,11938,240430,2021,RN,2404309.0,108,168.0,904.6741497738315,1.4072708996481822
2404408,Grossos - RN,9924,240440,2021,RN,2404408.0,95,228.0,957.2752922208787,2.2974607013301087
2404507,Guamaré - RN,15295,240450,2021,RN,2404507.0,148,1314.0,967.6364825106243,8.591042824452435
2404606,Ielmo Marinho - RN,11615,240460,2021,RN,2404606.0,72,85.0,619.8880757640982,0.7318123116659492
2404705,Ipanguaçu - RN,14131,240470,2021,RN,2404705.0,113,342.0,799.6603212794564,2.4202108838723375
2404804,Ipueira - RN,2035,240480,2021,RN,2404804.0,14,25.0,687.9606879606879,1.2285012285012284
2404853,Itajá - RN,7292,240485,2021,RN,2404853.0,44,164.0,603.4009873834339,2.249040043883708
2404903,Itaú - RN,5320,240490,2021,RN,2404903.0,60,86.0,1127.8195488721803,1.6165413533834587
2405009,Jaçanã - RN,7834,240500,2021,RN,2405009.0,87,55.0,1110.5437835077867,0.702067909114118
2405108,Jandaíra - RN,6562,240510,2021,RN,2405108.0,51,127.0,777.2020725388601,1.9353855531850046
2405207,Janduís - RN,4746,240520,2021,RN,2405207.0,38,37.0,800.6742520016857,0.7796038769490097
2405306,Januário Cicco - RN,9051,240530,2021,RN,2405306.0,49,122.0,541.3766434648105,1.3479173571980996
2405405,Japi - RN,5117,240540,2021,RN,2405405.0,44,26.0,859.8788352550322,0.5081102208325191
2405504,Jardim de Angicos - RN,2437,240550,2021,RN,2405504.0,10,38.0,410.3405826836274,1.5592942141977841
2405603,Jardim de Piranhas - RN,13977,240560,2021,RN,2405603.0,112,232.0,801.3164484510266,1.6598697860771265
2405702,Jardim do Seridó - RN,11655,240570,2021,RN,2405702.0,124,356.0,1063.921063921064,3.0544830544830543
2405801,João Câmara - RN,33290,240580,2021,RN,2405801.0,269,2493.0,808.0504656052868,7.488735355962752
2405900,João Dias - RN,2076,240590,2021,RN,2405900.0,20,11.0,963.3911368015414,0.5298651252408477
2406007,José da Penha - RN,5803,240600,2021,RN,2406007.0,66,49.0,1137.3427537480613,0.8443908323281062
2406106,Jucurutu - RN,17793,240610,2021,RN,2406106.0,160,283.0,899.2300342831451,1.5905131231383127
2406155,Jundiá - RN,3739,240615,2021,RN,2406155.0,27,37.0,722.1182134260497,0.9895694035838459
2406205,Lagoa d'Anta - RN,6654,240620,2021,RN,2406205.0,40,107.0,601.1421701232341,1.6080553050796513
2406304,Lagoa de Pedras - RN,7338,240630,2021,RN,2406304.0,58,107.0,790.4061052057782,1.45816298718997
2406403,Lagoa de Velhos - RN,2567,240640,2021,RN,2406403.0,21,31.0,818.0755746007013,1.2076353720296065
2406502,Lagoa Nova - RN,15573,240650,2021,RN,2406502.0,116,248.0,744.8789571694599,1.5924998394657421
2406601,Lagoa Salgada - RN,8319,240660,2021,RN,2406601.0,65,262.0,781.3439115278278,3.1494169972352446
2406700,Lajes - RN,9866,240670,2021,RN,2406700.0,106,433.0,1074.3969187107236,4.388810054733428
2406809,Lajes Pintadas - RN,4787,240680,2021,RN,2406809.0,35,65.0,731.1468560685189,1.3578441612701064
2406908,Lucrécia - RN,3490,240690,2021,RN,2406908.0,35,59.0,1002.865329512894,1.69054441260745
2407005,Luís Gomes - RN,9070,240700,2021,RN,2407005.0,84,85.0,926.1300992282249,0.9371554575523704
2407104,Macaíba - RN,82249,240710,2021,RN,2407104.0,559,6765.0,679.6435215017812,8.22502401245
2407203,Macau - RN,27369,240720,2021,RN,2407203.0,209,2999.0,763.6376922795864,10.957652818882679
2407252,Major Sales - RN,3924,240725,2021,RN,2407252.0,36,32.0,917.4311926605506,0.8154943934760449
2407302,Marcelino Vieira - RN,7896,240730,2021,RN,2407302.0,67,123.0,848.5309017223911,1.5577507598784195
2407401,Martins - RN,8179,240740,2021,RN,2407401.0,108,238.0,1320.4548233280352,2.909891184741411
2407500,Maxaranguape - RN,10255,240750,2021,RN,2407500.0,69,219.0,672.8425158459288,2.1355436372501218
2407609,Messias Targino - RN,4274,240760,2021,RN,2407609.0,37,35.0,865.6995788488535,0.8189050070191858
2407708,Montanhas - RN,11444,240770,2021,RN,2407708.0,100,280.0,873.8203425375743,2.446696959105208
2407807,Monte Alegre - RN,23031,240780,2021,RN,2407807.0,133,711.0,577.4825235552082,3.087143415396639
2407906,Monte das Gameleiras - RN,2276,240790,2021,RN,2407906.0,24,34.0,1054.481546572935,1.493848857644991
2408003,Mossoró - RN,264577,240800,2021,RN,2408003.0,2125,73392.0,803.1688317578626,27.739372658999084
2408102,Natal - RN,751300,240810,2021,RN,2408102.0,6877,335139.0,915.3467323306269,44.6078796752296
2408201,Nísia Floresta - RN,31942,240820,2021,RN,2408201.0,212,979.0,663.7029616179325,3.0649301859620564
2408300,Nova Cruz - RN,34269,240830,2021,RN,2408300.0,287,1278.0,837.491610493449,3.729318042545741
2408409,Olho d'Água do Borges - RN,3905,240840,2021,RN,2408409.0,39,59.0,998.719590268886,1.5108834827144686
2408508,Ouro Branco - RN,4913,240850,2021,RN,2408508.0,38,122.0,773.4581721962142,2.4832078159983717
2408607,Paraná - RN,3934,240860,2021,RN,2408607.0,41,32.0,1042.1962379257754,0.813421453990849
2408706,Paraú - RN,3579,240870,2021,RN,2408706.0,39,69.0,1089.6898575020955,1.9279128248113997
2408805,Parazinho - RN,4801,240880,2021,RN,2408805.0,37,172.0,770.6727765048947,3.5825869610497816
2408904,Parelhas - RN,21499,240890,2021,RN,2408904.0,171,616.0,795.3858318991581,2.8652495464905345
2408953,Rio do Fogo - RN,10351,240895,2021,RN,2408953.0,62,254.0,598.9759443532026,2.453869191382475
2409100,Passa e Fica - RN,10896,240910,2021,RN,2409100.0,97,117.0,890.2349486049926,1.0737885462555066
2409209,Passagem - RN,3115,240920,2021,RN,2409209.0,29,54.0,930.9791332263243,1.7335473515248796
2409308,Patu - RN,11007,240930,2021,RN,2409308.0,106,194.0,963.0235304806032,1.7625147633324247
2409332,Santa Maria - RN,4847,240933,2021,RN,2409332.0,42,225.0,866.5153703321643,4.642046626779451
2409407,Pau dos Ferros - RN,30479,240940,2021,RN,2409407.0,249,1876.0,816.9559368745694,6.155057580629285
2409506,Pedra Grande - RN,3618,240950,2021,RN,2409506.0,28,124.0,773.9082365948038,3.4273079049198447
2409605,Pedra Preta - RN,2441,240960,2021,RN,2409605.0,20,50.0,819.336337566571,2.0483408439164275
2409704,Pedro Avelino - RN,6242,240970,2021,RN,2409704.0,33,164.0,528.6767061839154,2.62736302467158
2409803,Pedro Velho - RN,13824,240980,2021,RN,2409803.0,124,313.0,896.9907407407408,2.264178240740741
2409902,Pendências - RN,12278,240990,2021,RN,2409902.0,129,451.0,1050.659716566216,3.673236683498941
2410009,Pilões - RN,2965,241000,2021,RN,2410009.0,30,73.0,1011.8043844856661,2.4620573355817874
2410108,Poço Branco - RN,12390,241010,2021,RN,2410108.0,97,169.0,782.8894269572236,1.364003228410008
2410207,Portalegre - RN,7601,241020,2021,RN,2410207.0,68,102.0,894.6191290619656,1.3419286935929482
2410256,Porto do Mangue - RN,5228,241025,2021,RN,2410256.0,27,93.0,516.4498852333588,1.7788829380260138
2410306,Serra Caiada - RN,10125,241030,2021,RN,2410306.0,75,175.0,740.7407407407408,1.728395061728395
2410405,Pureza - RN,9362,241040,2021,RN,2410405.0,70,97.0,747.7034821619312,1.0361033967101048
2410504,Rafael Fernandes - RN,5432,241050,2021,RN,2410504.0,42,80.0,773.1958762886599,1.4727540500736376
2410603,Rafael Godeiro - RN,2934,241060,2021,RN,2410603.0,27,66.0,920.2453987730062,2.2494887525562373
2410702,Riacho da Cruz - RN,2701,241070,2021,RN,2410702.0,30,52.0,1110.6997408367272,1.9252128841169935
2410801,Riacho de Santana - RN,4127,241080,2021,RN,2410801.0,32,25.0,775.3816331475648,0.605766900896535
2410900,Riachuelo - RN,7389,241090,2021,RN,2410900.0,56,202.0,757.8833401001489,2.7337934767898227
2411007,Rodolfo Fernandes - RN,4242,241100,2021,RN,2411007.0,49,28.0,1155.1155115511551,0.6600660066006601
2411056,Tibau - RN,5382,241105,2021,RN,2411056.0,46,193.0,854.7008547008547,3.5860274990709775
2411106,Ruy Barbosa - RN,3206,241110,2021,RN,2411106.0,6,30.0,187.14909544603867,0.9357454772301934
2411205,Santa Cruz - RN,37313,241120,2021,RN,2411205.0,312,2136.0,836.1696995685151,5.724546404738295
2411403,Santana do Matos - RN,12456,241140,2021,RN,2411403.0,96,281.0,770.7129094412331,2.255940912010276
2411429,Santana do Seridó - RN,2696,241142,2021,RN,2411429.0,14,45.0,519.2878338278931,1.6691394658753709
2411502,Santo Antônio - RN,22177,241150,2021,RN,2411502.0,192,633.0,865.7618253145149,2.8543085178337915
2411601,São Bento do Norte - RN,3304,241160,2021,RN,2411601.0,17,110.0,514.5278450363196,3.3292978208232444
2411700,São Bento do Trairí - RN,3792,241170,2021,RN,2411700.0,24,43.0,632.9113924050632,1.1339662447257384
2411809,São Fernando - RN,3492,241180,2021,RN,2411809.0,17,46.0,486.8270332187858,1.3172966781214204
2411908,São Francisco do Oeste - RN,4161,241190,2021,RN,2411908.0,35,27.0,841.1439557798606,0.6488824801730353
2412005,São Gonçalo do Amarante - RN,115838,241200,2021,RN,2412005.0,774,19594.0,668.1745195877,16.915001985531518
2412104,São João do Sabugi - RN,5956,241210,2021,RN,2412104.0,51,105.0,856.2793821356615,1.7629281396910679
2412203,São José de Mipibu - RN,47286,241220,2021,RN,2412203.0,382,2693.0,807.8501036247516,5.69513175146978
2412302,São José do Campestre - RN,11121,241230,2021,RN,2412302.0,111,215.0,998.1116806042621,1.933279381350598
2412401,São José do Seridó - RN,4558,241240,2021,RN,2412401.0,35,109.0,767.8806494076349,2.3913997367266346
2412500,São Miguel - RN,23537,241250,2021,RN,2412500.0,242,421.0,1028.1684156859415,1.7886731529081872
2412559,São Miguel do Gostoso - RN,10221,241255,2021,RN,2412559.0,54,408.0,528.3240387437629,3.991781626063986
2412609,São Paulo do Potengi - RN,16786,241260,2021,RN,2412609.0,175,824.0,1042.535446205171,4.9088526152746335
2412708,São Pedro - RN,5776,241270,2021,RN,2412708.0,53,595.0,917.5900277008311,10.301246537396121
2412807,São Rafael - RN,7711,241280,2021,RN,2412807.0,57,127.0,739.2037349241344,1.6469977953572819
2412906,São Tomé - RN,9972,241290,2021,RN,2412906.0,100,240.0,1002.8078620136382,2.406738868832732
2413003,São Vicente - RN,6310,241300,2021,RN,2413003.0,38,395.0,602.2187004754359,6.259904912836767
2413102,Senador Elói de Souza - RN,5965,241310,2021,RN,2413102.0,48,109.0,804.694048616932,1.8273260687342832
2413201,Senador Georgino Avelino - RN,4065,241320,2021,RN,2413201.0,33,55.0,811.8081180811807,1.3530135301353015
2413300,Serra de São Bento - RN,5703,241330,2021,RN,2413300.0,45,101.0,789.0583903208837,1.7709977204979834
2413359,Serra do Mel - RN,13091,241335,2021,RN,2413359.0,73,131.0,557.6350164234971,1.0006874952257276
2413409,Serra Negra do Norte - RN,7597,241340,2021,RN,2413409.0,79,110.0,1039.8841648018956,1.4479399763064367
2413508,Serrinha - RN,6436,241350,2021,RN,2413508.0,53,116.0,823.4928527035427,1.8023617153511498
2413557,Serrinha dos Pintos - RN,4659,241355,2021,RN,2413557.0,46,75.0,987.3363382700151,1.6097875080489377
2413607,Severiano Melo - RN,5487,241360,2021,RN,2413607.0,49,91.0,893.0198651357755,1.658465463823583
2413706,Sítio Novo - RN,4654,241370,2021,RN,2413706.0,40,47.0,859.4757198109154,1.0098839707778255
2413805,Taboleiro Grande - RN,2338,241380,2021,RN,2413805.0,14,21.0,598.8023952095808,0.8982035928143712
2413904,Taipu - RN,11422,241390,2021,RN,2413904.0,89,165.0,779.1980388723516,1.444580633864472
2414001,Tangará - RN,13281,241400,2021,RN,2414001.0,98,412.0,737.8962427528048,3.1021760409607713
2414100,Tenente Ananias - RN,10262,241410,2021,RN,2414100.0,85,147.0,828.2985772753848,1.4324693042291952
2414159,Tenente Laurentino Cruz - RN,5891,241415,2021,RN,2414159.0,56,67.0,950.6026141571889,1.137328127652351
2414209,Tibau do Sul - RN,16929,241420,2021,RN,2414209.0,92,1208.0,543.4461574812452,7.135684328666785
2414308,Timbaúba dos Batistas - RN,2348,241430,2021,RN,2414308.0,35,40.0,1490.6303236797273,1.7035775127768313
2414407,Touros - RN,33035,241440,2021,RN,2414407.0,199,1187.0,602.3914030573634,3.5931587710004544
2414456,Triunfo Potiguar - RN,3376,241445,2021,RN,2414456.0,34,42.0,1007.1090047393365,1.2440758293838863
2414506,Umarizal - RN,10078,241450,2021,RN,2414506.0,102,177.0,1012.1055765032744,1.7563008533439173
2414605,Upanema - RN,13577,241460,2021,RN,2414605.0,76,204.0,559.7701996022686,1.5025410620902997
2414704,Várzea - RN,5233,241470,2021,RN,2414704.0,44,163.0,840.8178864895854,3.1148480794955096
2414753,Venha-Ver - RN,3014,241475,2021,RN,2414753.0,24,10.0,796.2840079628402,0.33178500331785005
2414803,Vera Cruz - RN,10735,241480,2021,RN,2414803.0,106,324.0,987.4243129948767,3.0181648812296227
2414902,Viçosa - RN,1822,241490,2021,RN,2414902.0,12,79.0,658.6169045005488,4.33589462129528
2415008,Vila Flor - RN,3174,241500,2021,RN,2415008.0,23,54.0,724.6376811594203,1.7013232514177694
2500106,Água Branca - PB,9335,250010,2021,PB,2500106.0,67,117.0,717.7289769683985,1.253347616497054
2500205,Aguiar - PB,5003,250020,2021,PB,2500205.0,54,37.0,1079.3523885668599,0.7395562662402558
2500304,Alagoa Grande - PB,26062,250030,2021,PB,2500304.0,280,656.0,1074.361138822807,2.5170746680991485
2500403,Alagoa Nova - PB,21013,250040,2021,PB,2500403.0,179,1263.0,851.8536144291629,6.010564888402418
2500502,Alagoinha - PB,13725,250050,2021,PB,2500502.0,118,204.0,859.7449908925319,1.4863387978142077
2500536,Alcantil - PB,5578,250053,2021,PB,2500536.0,60,41.0,1075.6543564001433,0.7350304768734314
2500577,Algodão de Jandaíra - PB,2953,250057,2021,PB,2500577.0,18,24.0,609.5496105655266,0.8127328140873687
2500601,Alhandra - PB,21730,250060,2021,PB,2500601.0,195,1004.0,897.3768982972849,4.620340543028072
2500700,São João do Rio do Peixe - PB,17964,250070,2021,PB,2500700.0,145,246.0,807.1698953462482,1.3694054776219104
2500734,Amparo - PB,2234,250073,2021,PB,2500734.0,20,45.0,895.2551477170994,2.0143240823634736
2500775,Aparecida - PB,7960,250077,2021,PB,2500775.0,74,61.0,929.6482412060301,0.7663316582914573
2500809,Araçagi - PB,16646,250080,2021,PB,2500809.0,158,154.0,949.1769794545236,0.9251471825063078
2500908,Arara - PB,12212,250090,2021,PB,2500908.0,131,168.0,1072.7153619390763,1.3756960366852276
2501005,Araruna - PB,17189,250100,2021,PB,2501005.0,127,237.0,738.844609924952,1.3787887602536506
2501104,Areia - PB,22633,250110,2021,PB,2501104.0,205,861.0,905.7570803693721,3.804179737551363
2501153,Areia de Baraúnas - PB,2005,250115,2021,PB,2501153.0,25,1.0,1246.8827930174564,0.04987531172069825
2501203,Areial - PB,7128,250120,2021,PB,2501203.0,57,148.0,799.6632996632997,2.0763187429854097
2501302,Aroeiras - PB,18705,250130,2021,PB,2501302.0,171,294.0,914.1940657578187,1.5717722534081795
2501351,Assunção - PB,4152,250135,2021,PB,2501351.0,32,48.0,770.7129094412331,1.1560693641618496
2501401,Baía da Traição - PB,9224,250140,2021,PB,2501401.0,68,130.0,737.2072853425846,1.409366869037294
2501500,Bananeiras - PB,23134,250150,2021,PB,2501500.0,212,594.0,916.400103743408,2.567649347281058
2501534,Baraúna - PB,4762,250153,2021,PB,2501534.0,40,7.0,839.9832003359933,0.14699706005879884
2501575,Barra de Santana - PB,8059,250157,2021,PB,2501575.0,64,76.0,794.1431939446582,0.9430450428092816
2501609,Barra de Santa Rosa - PB,12904,250160,2021,PB,2501609.0,91,223.0,705.2076875387477,1.7281463112213267
2501708,Barra de São Miguel - PB,5906,250170,2021,PB,2501708.0,46,68.0,778.8689468337284,1.1513714866237725
2501807,Bayeux - PB,82742,250180,2021,PB,2501807.0,812,6133.0,981.3637572212419,7.412196949554035
2501906,Belém - PB,16401,250190,2021,PB,2501906.0,194,731.0,1182.8547039814644,4.457045302115724
2502003,Belém do Brejo do Cruz - PB,6268,250200,2021,PB,2502003.0,65,14.0,1037.0134014039565,0.22335673261008296
2502052,Bernardino Batista - PB,3504,250205,2021,PB,2502052.0,36,5.0,1027.3972602739725,0.14269406392694062
2502102,Boa Ventura - PB,5207,250210,2021,PB,2502102.0,55,62.0,1056.2704052237373,1.1907048204340311
2502151,Boa Vista - PB,6377,250215,2021,PB,2502151.0,60,345.0,940.8812921436412,5.410067429825937
2502201,Bom Jesus - PB,2286,250220,2021,PB,2502201.0,24,121.0,1049.8687664041995,5.293088363954506
2502300,Bom Sucesso - PB,4661,250230,2021,PB,2502300.0,45,160.0,965.4580562111134,3.4327397554172925
2502409,Bonito de Santa Fé - PB,10252,250240,2021,PB,2502409.0,75,74.0,731.5645727662895,0.721810378462739
2502508,Boqueirão - PB,17598,250250,2021,PB,2502508.0,152,707.0,863.7345152858279,4.017501988862371
2502607,Igaracy - PB,5648,250260,2021,PB,2502607.0,42,59.0,743.6260623229462,1.0446175637393769
2502706,Borborema - PB,4214,250270,2021,PB,2502706.0,55,41.0,1305.173232083531,0.9729473184622686
2502805,Brejo do Cruz - PB,13613,250280,2021,PB,2502805.0,120,165.0,881.5103210166751,1.2120766913979284
2502904,Brejo dos Santos - PB,5742,250290,2021,PB,2502904.0,64,53.0,1114.594218042494,0.9230233368164402
2503001,Caaporã - PB,21193,250300,2021,PB,2503001.0,133,1082.0,627.5657056575284,5.105459349785306
2503100,Cabaceiras - PB,5335,250310,2021,PB,2503100.0,35,70.0,656.0449859418932,1.3120899718837862
2503209,Cabedelo - PB,66519,250320,2021,PB,2503209.0,528,15211.0,793.7581743561991,22.867150738886636
2503308,Cachoeira dos Índios - PB,9151,250330,2021,PB,2503308.0,93,76.0,1016.2823735110916,0.8305103267402469
2503407,Cacimba de Areia - PB,3291,250340,2021,PB,2503407.0,20,20.0,607.7180188392585,0.6077180188392586
2503506,Cacimba de Dentro - PB,16064,250350,2021,PB,2503506.0,108,79.0,672.3107569721116,0.4917828685258964
2503555,Cacimbas - PB,7223,250355,2021,PB,2503555.0,57,14.0,789.1457843001522,0.19382528035442337
2503605,Caiçara - PB,6602,250360,2021,PB,2503605.0,53,79.0,802.7870342320508,1.1966070887609817
2503704,Cajazeiras - PB,63239,250370,2021,PB,2503704.0,583,3330.0,921.8994607757871,5.26573791489429
2503753,Cajazeirinhas - PB,2740,250375,2021,PB,2503753.0,25,10.0,912.4087591240875,0.36496350364963503
2503803,Caldas Brandão - PB,5753,250380,2021,PB,2503803.0,54,68.0,938.6407091952025,1.1819920041717364
2503902,Camalaú - PB,6085,250390,2021,PB,2503902.0,48,42.0,788.8249794576828,0.6902218570254725
2504009,Campina Grande - PB,419379,250400,2021,PB,2504009.0,3708,89233.0,884.1644431409298,21.27741255523047
2504033,Capim - PB,6970,250403,2021,PB,2504033.0,44,43.0,631.2769010043041,0.6169296987087518
2504074,Caraúbas - PB,3944,250407,2021,PB,2504074.0,32,50.0,811.3590263691683,1.2677484787018256
2504108,Carrapateira - PB,2312,250410,2021,PB,2504108.0,16,12.0,692.0415224913495,0.5190311418685121
2504157,Casserengue - PB,6889,250415,2021,PB,2504157.0,67,18.0,972.5649586296995,0.261286108288576
2504207,Catingueira - PB,4491,250420,2021,PB,2504207.0,49,40.0,1091.0710309507904,0.890670229347584
2504306,Catolé do Rocha - PB,30661,250430,2021,PB,2504306.0,245,807.0,799.0606959981735,2.6320080884511268
2504355,Caturité - PB,5254,250435,2021,PB,2504355.0,59,345.0,1122.9539398553484,6.566425580510088
2504405,Conceição - PB,18260,250440,2021,PB,2504405.0,147,217.0,805.0383351588172,1.1883899233296824
2504504,Condado - PB,6451,250450,2021,PB,2504504.0,72,441.0,1116.1060300728568,6.836149434196248
2504603,Conde - PB,27605,250460,2021,PB,2504603.0,193,1135.0,699.1487049447563,4.1115739902191635
2504702,Congo - PB,4933,250470,2021,PB,2504702.0,72,29.0,1459.5580782485304,0.5878775592945469
2504801,Coremas - PB,14683,250480,2021,PB,2504801.0,130,197.0,885.3776476196963,1.341687666008309
2504850,Coxixola - PB,1824,250485,2021,PB,2504850.0,14,17.0,767.5438596491227,0.9320175438596491
2504900,Cruz do Espírito Santo - PB,17095,250490,2021,PB,2504900.0,127,215.0,742.9072828312372,1.2576776835331969
2505006,Cubati - PB,7580,250500,2021,PB,2505006.0,58,84.0,765.1715039577837,1.108179419525066
2505105,Cuité - PB,19719,250510,2021,PB,2505105.0,172,388.0,872.2551853542268,1.9676454181246514
2505204,Cuitegi - PB,6730,250520,2021,PB,2505204.0,79,76.0,1173.848439821694,1.1292719167904903
2505238,Cuité de Mamanguape - PB,6251,250523,2021,PB,2505238.0,44,50.0,703.8873780195169,0.7998720204767237
2505279,Curral de Cima - PB,5254,250527,2021,PB,2505279.0,40,14.0,761.3247049866768,0.26646364674533685
2505303,Curral Velho - PB,2292,250530,2021,PB,2505303.0,18,8.0,785.3403141361256,0.34904013961605584
2505352,Damião - PB,4982,250535,2021,PB,2505352.0,40,18.0,802.8904054596547,0.3613006824568446
2505402,Desterro - PB,8067,250540,2021,PB,2505402.0,69,46.0,855.3365563406471,0.5702243708937648
2505501,Vista Serrana - PB,3641,250550,2021,PB,2505501.0,28,35.0,769.0195001373249,0.9612743751716563
2505600,Diamante - PB,6299,250560,2021,PB,2505600.0,52,14.0,825.5278615653278,0.2222575011906652
2505709,Dona Inês - PB,10380,250570,2021,PB,2505709.0,103,65.0,992.2928709055877,0.6262042389210019
2505808,Duas Estradas - PB,3327,250580,2021,PB,2505808.0,53,39.0,1593.0267508265706,1.1722272317403066
2505907,Emas - PB,3011,250590,2021,PB,2505907.0,21,21.0,697.4427100631019,0.6974427100631019
2506004,Esperança - PB,31231,250600,2021,PB,2506004.0,300,1279.0,960.5840350933369,4.095289936281259
2506103,Fagundes - PB,11049,250610,2021,PB,2506103.0,131,411.0,1185.627658611639,3.719793646483845
2506202,Frei Martinho - PB,2846,250620,2021,PB,2506202.0,39,33.0,1370.344342937456,1.1595221363316937
2506251,Gado Bravo - PB,8179,250625,2021,PB,2506251.0,66,59.0,806.9446142560215,0.7213595794106858
2506301,Guarabira - PB,57484,250630,2021,PB,2506301.0,503,3918.0,875.0260942175214,6.815809616588964
2506400,Gurinhém - PB,13766,250640,2021,PB,2506400.0,100,124.0,726.4274298997531,0.9007700130756937
2506509,Gurjão - PB,3242,250650,2021,PB,2506509.0,39,30.0,1202.961135101789,0.9253547193090685
2506608,Ibiara - PB,5631,250660,2021,PB,2506608.0,58,40.0,1030.0124311845143,0.7103534008169065
2506707,Imaculada - PB,10392,250670,2021,PB,2506707.0,83,35.0,798.6913010007697,0.3367975365665897
2506806,Ingá - PB,17692,250680,2021,PB,2506806.0,147,360.0,830.8840153741803,2.0348179968347275
2506905,Itabaiana - PB,23182,250690,2021,PB,2506905.0,274,935.0,1181.9515141057716,4.033301699594513
2507002,Itaporanga - PB,23940,250700,2021,PB,2507002.0,179,608.0,747.702589807853,2.5396825396825395
2507101,Itapororoca - PB,18382,250710,2021,PB,2507101.0,179,255.0,973.7786965509738,1.3872266347513873
2507200,Itatuba - PB,10499,250720,2021,PB,2507200.0,90,126.0,857.2244975711973,1.200114296599676
2507309,Jacaraú - PB,14477,250730,2021,PB,2507309.0,174,184.0,1201.9064723354286,1.2709815569524072
2507408,Jericó - PB,7516,250740,2021,PB,2507408.0,71,106.0,944.6514103246408,1.410324640766365
2507507,João Pessoa - PB,833932,250750,2021,PB,2507507.0,7191,242944.0,862.3005233040583,29.132351318812567
2507606,Juarez Távora - PB,7796,250760,2021,PB,2507606.0,70,131.0,897.8963571062083,1.6803488968701898
2507705,Juazeirinho - PB,17007,250770,2021,PB,2507705.0,142,299.0,834.9503145763508,1.75809960604457
2507804,Junco do Seridó - PB,6793,250780,2021,PB,2507804.0,43,76.0,633.0045635212718,1.1187987634329457
2507903,Juripiranga - PB,10012,250790,2021,PB,2507903.0,96,180.0,958.8493807431082,1.797842588893328
2508000,Juru - PB,9234,250800,2021,PB,2508000.0,64,77.0,693.0907515702837,0.8338748104829976
2508109,Lagoa - PB,4415,250810,2021,PB,2508109.0,25,55.0,566.251415628539,1.245753114382786
2508208,Lagoa de Dentro - PB,7819,250820,2021,PB,2508208.0,80,74.0,1023.1487402481137,0.9464125847295051
2508307,Lagoa Seca - PB,27730,250830,2021,PB,2508307.0,229,1587.0,825.8204111071043,5.7230436350522895
2508406,Lastro - PB,3162,250840,2021,PB,2508406.0,32,17.0,1012.0177103099304,0.5376344086021506
2508505,Livramento - PB,6877,250850,2021,PB,2508505.0,62,49.0,901.5559110077069,0.7125199941835103
2508554,Logradouro - PB,4797,250855,2021,PB,2508554.0,29,23.0,604.5445069835314,0.4794663331248697
2508604,Lucena - PB,12560,250860,2021,PB,2508604.0,104,530.0,828.0254777070063,4.219745222929936
2508703,Mãe d'Água - PB,3583,250870,2021,PB,2508703.0,34,17.0,948.9254814401339,0.47446274072006694
2508802,Malta - PB,6046,250880,2021,PB,2508802.0,65,76.0,1075.0909692358584,1.257029440952696
2508901,Mamanguape - PB,44599,250890,2021,PB,2508901.0,349,1474.0,782.5287562501402,3.305006838718357
2509008,Manaíra - PB,10434,250900,2021,PB,2509008.0,65,48.0,622.9633889208358,0.46003450258769407
2509057,Marcação - PB,8999,250905,2021,PB,2509057.0,53,32.0,588.9543282586955,0.35559506611845765
2509107,Mari - PB,21512,250910,2021,PB,2509107.0,204,301.0,948.3079211602826,1.399219040535515
2509156,Marizópolis - PB,6705,250915,2021,PB,2509156.0,56,70.0,835.1976137211036,1.0439970171513795
2509206,Massaranduba - PB,14139,250920,2021,PB,2509206.0,104,271.0,735.5541410283613,1.9166843482565952
2509305,Mataraca - PB,8244,250930,2021,PB,2509305.0,46,117.0,557.9815623483746,1.4192139737991267
2509339,Matinhas - PB,4571,250933,2021,PB,2509339.0,23,30.0,503.17217239116167,0.656311529205863
2509370,Mato Grosso - PB,2543,250937,2021,PB,2509370.0,19,31.0,747.1490365709791,1.2190326386158081
2509396,Maturéia - PB,6433,250939,2021,PB,2509396.0,57,30.0,886.0562723457173,0.46634540649774603
2509404,Mogeiro - PB,13899,250940,2021,PB,2509404.0,117,147.0,841.7871789337363,1.057630045327002
2509503,Montadas - PB,5812,250950,2021,PB,2509503.0,42,203.0,722.6428079834825,3.492773571920165
2509602,Monte Horebe - PB,4338,250960,2021,PB,2509602.0,48,21.0,1106.5006915629324,0.48409405255878285
2509701,Monteiro - PB,32277,250970,2021,PB,2509701.0,315,921.0,975.9271307742356,2.853425039501812
2509800,Mulungu - PB,8791,250980,2021,PB,2509800.0,69,75.0,784.893641223979,0.8531452621999773
2509909,Natuba - PB,8945,250990,2021,PB,2509909.0,69,51.0,771.3806595863612,0.5701509223029626
2510006,Nazarezinho - PB,7203,251000,2021,PB,2510006.0,67,78.0,930.1679855615715,1.0828821324448146
2510105,Nova Floresta - PB,9724,251010,2021,PB,2510105.0,96,125.0,987.2480460715755,1.2854792266556974
2510204,Nova Olinda - PB,5787,251020,2021,PB,2510204.0,54,35.0,933.1259720062209,0.6048038707447727
2510303,Nova Palmeira - PB,4259,251030,2021,PB,2510303.0,23,79.0,540.0328715660953,1.854895515379197
2510402,Olho d'Água - PB,6060,251040,2021,PB,2510402.0,52,61.0,858.085808580858,1.0066006600660065
2510501,Olivedos - PB,3580,251050,2021,PB,2510501.0,28,72.0,782.122905027933,2.011173184357542
2510600,Ouro Velho - PB,2918,251060,2021,PB,2510600.0,21,35.0,719.6710075394105,1.1994516792323509
2510659,Parari - PB,1720,251065,2021,PB,2510659.0,14,11.0,813.953488372093,0.6395348837209303
2510709,Passagem - PB,2463,251070,2021,PB,2510709.0,20,31.0,812.0178643930167,1.2586276898091757
2510808,Patos - PB,103165,251080,2021,PB,2510808.0,897,6622.0,869.480928609509,6.4188436000581595
2510907,Paulista - PB,11834,251090,2021,PB,2510907.0,106,2432.0,895.7241845529829,20.550954875781645
2511004,Pedra Branca - PB,3739,251100,2021,PB,2511004.0,27,27.0,722.1182134260497,0.7221182134260498
2511103,Pedra Lavrada - PB,6859,251110,2021,PB,2511103.0,37,51.0,539.4372357486515,0.7435486222481411
2511202,Pedras de Fogo - PB,29662,251120,2021,PB,2511202.0,249,911.0,839.4578922527139,3.0712696379205715
2511301,Piancó - PB,16441,251130,2021,PB,2511301.0,143,244.0,869.7767775682744,1.4840946414451675
2511400,Picuí - PB,18333,251140,2021,PB,2511400.0,193,371.0,1052.746413571156,2.0236731576937763
2511509,Pilar - PB,12311,251150,2021,PB,2511509.0,93,145.0,755.4219803427828,1.1778084639753066
2511608,Pilões - PB,6815,251160,2021,PB,2511608.0,55,119.0,807.0432868672046,1.7461482024944974
2511707,Pilõezinhos - PB,5329,251170,2021,PB,2511707.0,54,37.0,1013.3233252017264,0.6943141302308126
2511806,Pirpirituba - PB,9340,251180,2021,PB,2511806.0,75,167.0,802.9978586723769,1.7880085653104925
2511905,Pitimbu - PB,16751,251190,2021,PB,2511905.0,134,552.0,799.9522416572145,3.295325652199869
2512002,Pocinhos - PB,17469,251200,2021,PB,2512002.0,143,594.0,818.5929360581603,3.400309119010819
2512036,Poço Dantas - PB,3830,251203,2021,PB,2512036.0,35,8.0,913.8381201044386,0.20887728459530025
2512077,Poço de José de Moura - PB,4006,251207,2021,PB,2512077.0,45,37.0,1123.3150274588118,0.9236145781328009
2512101,Pombal - PB,32473,251210,2021,PB,2512101.0,336,982.0,1034.7057555507652,3.024050749853725
2512200,Prata - PB,3915,251220,2021,PB,2512200.0,43,55.0,1098.3397190293742,1.40485312899106
2512309,Princesa Isabel - PB,21114,251230,2021,PB,2512309.0,220,299.0,1041.9626787913232,1.4161220043572984
2512408,Puxinanã - PB,14277,251240,2021,PB,2512408.0,94,541.0,658.4016249912446,3.7893114800028016
2512507,Queimadas - PB,47658,251250,2021,PB,2512507.0,372,3331.0,780.5615006924336,6.989382684963699
2512606,Quixaba - PB,1743,251260,2021,PB,2512606.0,12,18.0,688.4681583476764,1.0327022375215147
2512705,Remígio - PB,17885,251270,2021,PB,2512705.0,174,560.0,972.882303606374,3.131115459882583
2512721,Pedro Régis - PB,5766,251272,2021,PB,2512721.0,30,20.0,520.2913631633714,0.346860908775581
2512747,Riachão - PB,2927,251274,2021,PB,2512747.0,30,14.0,1024.940211820977,0.47830543218312266
2512754,Riachão do Bacamarte - PB,4690,251275,2021,PB,2512754.0,32,68.0,682.3027718550106,1.4498933901918978
2512762,Riachão do Poço - PB,4738,251276,2021,PB,2512762.0,39,41.0,823.132123258759,0.8653440270156184
2512788,Riacho de Santo Antônio - PB,1955,251278,2021,PB,2512788.0,22,39.0,1125.3196930946292,1.9948849104859334
2512804,Riacho dos Cavalos - PB,8493,251280,2021,PB,2512804.0,58,38.0,682.9153420463912,0.44742729306487694
2512903,Rio Tinto - PB,24581,251290,2021,PB,2512903.0,228,690.0,927.5456653512875,2.8070460925104754
2513000,Salgadinho - PB,3355,251300,2021,PB,2513000.0,20,7.0,596.1251862891207,0.20864381520119224
2513109,Salgado de São Félix - PB,11505,251310,2021,PB,2513109.0,90,92.0,782.2685788787485,0.7996523250760539
2513158,Santa Cecília - PB,7670,251315,2021,PB,2513158.0,42,19.0,547.5880052151239,0.24771838331160367
2513208,Santa Cruz - PB,5947,251320,2021,PB,2513208.0,66,63.0,1109.8032621489826,1.0593576593240288
2513307,Santa Helena - PB,5865,251330,2021,PB,2513307.0,65,17.0,1108.2693947144073,0.2898550724637681
2513356,Santa Inês - PB,3227,251335,2021,PB,2513356.0,16,10.0,495.8165478772854,0.30988534242330334
2513406,Santa Luzia - PB,14959,251340,2021,PB,2513406.0,122,505.0,815.5625376027809,3.375894110568888
2513505,Santana de Mangueira - PB,5010,251350,2021,PB,2513505.0,30,19.0,598.8023952095808,0.3792415169660679
2513604,Santana dos Garrotes - PB,6569,251360,2021,PB,2513604.0,55,45.0,837.2659461105192,0.6850357740904247
2513653,Joca Claudino - PB,2539,251365,2021,PB,2513653.0,17,25.0,669.554942890902,0.9846396218983853
2513703,Santa Rita - PB,149910,251370,2021,PB,2513703.0,1235,10068.0,823.8276299112802,6.716029617770662
2513802,Santa Teresinha - PB,4402,251380,2021,PB,2513802.0,45,30.0,1022.2626079054975,0.6815084052703316
2513851,Santo André - PB,2622,251385,2021,PB,2513851.0,58,423.0,2212.051868802441,16.132723112128147
2513901,São Bento - PB,32235,251390,2021,PB,2513901.0,252,483.0,781.7589576547232,1.498371335504886
2513927,São Bentinho - PB,4327,251392,2021,PB,2513927.0,28,24.0,647.0996071180957,0.5546568061012249
2513943,São Domingos do Cariri - PB,2585,251394,2021,PB,2513943.0,11,15.0,425.53191489361706,0.5802707930367506
2513968,São Domingos - PB,2595,251396,2021,PB,2513968.0,26,10.0,1001.9267822736031,0.3853564547206166
2513984,São Francisco - PB,3137,251398,2021,PB,2513984.0,39,30.0,1243.2260121134843,0.956327701625757
2514008,São João do Cariri - PB,4226,251400,2021,PB,2514008.0,45,110.0,1064.8367250354945,2.602934216753431
2514107,São João do Tigre - PB,4263,251410,2021,PB,2514107.0,42,19.0,985.2216748768473,0.4456955195871452
2514206,São José da Lagoa Tapada - PB,7126,251420,2021,PB,2514206.0,65,56.0,912.1526803255683,0.7858546168958742
2514305,São José de Caiana - PB,5034,251430,2021,PB,2514305.0,39,30.0,774.7318235995233,0.5959475566150179
2514404,São José de Espinharas - PB,4083,251440,2021,PB,2514404.0,34,9.0,832.7210384521186,0.2204261572373255
2514453,São José dos Ramos - PB,5891,251445,2021,PB,2514453.0,46,12.0,780.8521473434052,0.2037005601765405
2514503,São José de Piranhas - PB,19067,251450,2021,PB,2514503.0,165,344.0,865.369486547438,1.8041642628625374
2514552,São José de Princesa - PB,3416,251455,2021,PB,2514552.0,21,1.0,614.7540983606557,0.02927400468384075
2514602,São José do Bonfim - PB,3242,251460,2021,PB,2514602.0,42,16.0,1295.4966070326957,0.4935225169648365
2514651,São José do Brejo do Cruz - PB,1699,251465,2021,PB,2514651.0,6,0.0,353.1489111241907,0.0
2514701,São José do Sabugi - PB,4138,251470,2021,PB,2514701.0,37,61.0,894.1517641372644,1.4741420976317061
2514800,São José dos Cordeiros - PB,3411,251480,2021,PB,2514800.0,29,22.0,850.1905599530929,0.6449721489299325
2514909,São Mamede - PB,7470,251490,2021,PB,2514909.0,83,122.0,1111.111111111111,1.6331994645247656
2515005,São Miguel de Taipu - PB,7066,251500,2021,PB,2515005.0,47,34.0,665.1570902915369,0.4811774695726012
2515104,São Sebastião de Lagoa de Roça - PB,11040,251510,2021,PB,2515104.0,91,333.0,824.2753623188405,3.016304347826087
2515203,São Sebastião do Umbuzeiro - PB,3279,251520,2021,PB,2515203.0,21,24.0,640.4391582799634,0.7319304666056725
2515302,Sapé - PB,51306,251530,2021,PB,2515302.0,451,1619.0,879.0394885588431,3.15557634584649
2515401,São Vicente do Seridó - PB,10291,251540,2021,PB,2515401.0,58,44.0,563.5992614906229,0.4275580604411622
2515500,Serra Branca - PB,13614,251550,2021,PB,2515500.0,126,403.0,925.5178492728074,2.960188041721757
2515609,Serra da Raiz - PB,3094,251560,2021,PB,2515609.0,25,26.0,808.0155138978669,0.8403361344537815
2515708,Serra Grande - PB,2942,251570,2021,PB,2515708.0,21,22.0,713.8001359619307,0.7477906186267845
2515807,Serra Redonda - PB,6828,251580,2021,PB,2515807.0,63,87.0,922.671353251318,1.2741652021089631
2515906,Serraria - PB,4885,251590,2021,PB,2515906.0,60,71.0,1228.2497441146365,1.4534288638689867
2515930,Sertãozinho - PB,5054,251593,2021,PB,2515930.0,46,131.0,910.1701622477245,2.59200633161852
2515971,Sobrado - PB,8236,251597,2021,PB,2515971.0,52,107.0,631.3744536182612,1.29917435648373
2516003,Solânea - PB,26774,251600,2021,PB,2516003.0,283,792.0,1056.9955927392248,2.9580936729663105
2516102,Soledade - PB,13968,251610,2021,PB,2516102.0,116,402.0,830.4696449026346,2.8780068728522337
2516151,Sossêgo - PB,3345,251615,2021,PB,2516151.0,23,8.0,687.593423019432,0.2391629297458894
2516201,Sousa - PB,67259,251620,2021,PB,2516201.0,649,4341.0,964.9266269198174,6.4541548342972686
2516300,Sumé - PB,17166,251630,2021,PB,2516300.0,199,436.0,1159.2683210998487,2.539904462309216
2516409,Tacima - PB,8010,251640,2021,PB,2516409.0,82,44.0,1023.7203495630463,0.5493133583021224
2516508,Taperoá - PB,14068,251650,2021,PB,2516508.0,137,283.0,973.8413420528859,2.011657662780779
2516607,Tavares - PB,14101,251660,2021,PB,2516607.0,114,104.0,808.4533011843132,0.7375363449400753
2516706,Teixeira - PB,14631,251670,2021,PB,2516706.0,123,188.0,840.6807463604674,1.284942929396487
2516755,Tenório - PB,2966,251675,2021,PB,2516755.0,19,17.0,640.5933917734322,0.5731625084288604
2516805,Triunfo - PB,9892,251680,2021,PB,2516805.0,81,194.0,818.8435099069957,1.9611807521229276
2516904,Uiraúna - PB,14930,251690,2021,PB,2516904.0,128,586.0,857.334226389819,3.9249832551908908
2517001,Umbuzeiro - PB,9124,251700,2021,PB,2517001.0,81,161.0,887.7685225778167,1.7645769399386235
2517100,Várzea - PB,2668,251710,2021,PB,2517100.0,23,40.0,862.0689655172414,1.4992503748125936
2517209,Vieirópolis - PB,4864,251720,2021,PB,2517209.0,29,17.0,596.2171052631579,0.3495065789473684
2517407,Zabelê - PB,2228,251740,2021,PB,2517407.0,22,9.0,987.4326750448832,0.4039497307001795
2600054,Abreu e Lima - PE,98462,260005,2021,PE,2600054.0,922,17469.0,936.4018606162783,17.741869959984562
2600104,Afogados da Ingazeira - PE,40241,260010,2021,PE,2600104.0,361,929.0,897.0950026092792,2.3085907407867596
2600203,Afrânio - PE,18674,260020,2021,PE,2600203.0,113,555.0,605.1194173717469,2.9720466959408802
2600302,Agrestina - PE,23779,260030,2021,PE,2600302.0,257,699.0,1080.7855670970184,2.939568526851424
2600401,Água Preta - PE,26461,260040,2021,PE,2600401.0,222,171.0,838.9705604474509,0.6462340803446581
2600500,Águas Belas - PE,41548,260050,2021,PE,2600500.0,319,617.0,767.7866563974198,1.4850293636276113
2600609,Alagoinha - PE,13542,260060,2021,PE,2600609.0,130,226.0,959.9763698124355,1.668881996750849
2600708,Aliança - PE,35741,260070,2021,PE,2600708.0,338,1120.0,945.6926219188047,3.1336560252930807
2600807,Altinho - PE,20674,260080,2021,PE,2600807.0,234,789.0,1131.8564380381156,3.816387733384928
2600906,Amaraji - PE,18205,260090,2021,PE,2600906.0,183,304.0,1005.2183466080747,1.6698709145839055
2601003,Angelim - PE,10241,260100,2021,PE,2601003.0,90,319.0,878.8204276926082,3.1149301825993554
2601052,Araçoiaba - PE,19243,260105,2021,PE,2601052.0,157,444.0,815.8810996206413,2.307332536506782
2601102,Araripina - PE,85088,260110,2021,PE,2601102.0,649,1679.0,762.7397517863859,1.973251222264009
2601201,Arcoverde - PE,77742,260120,2021,PE,2601201.0,625,5259.0,803.9412415425381,6.764683182835533
2601300,Barra de Guabiraba - PE,12263,260130,2021,PE,2601300.0,73,141.0,595.2866345918617,1.1498002120198973
2601409,Barreiros - PE,40121,260140,2021,PE,2601409.0,377,827.0,939.6575359537399,2.0612646743600607
2601508,Belém de Maria - PE,10378,260150,2021,PE,2601508.0,92,74.0,886.4906533050683,0.7130468298323377
2601607,Belém do São Francisco - PE,18301,260160,2021,PE,2601607.0,133,307.0,726.7362439210972,1.6775039615321568
2601706,Belo Jardim - PE,79507,260170,2021,PE,2601706.0,750,5561.0,943.3131673940659,6.994352698504534
2601805,Betânia - PE,11232,260180,2021,PE,2601805.0,105,36.0,934.8290598290598,0.3205128205128205
2601904,Bezerros - PE,61694,260190,2021,PE,2601904.0,636,2829.0,1030.8944143676858,4.585535060135507
2602001,Bodocó - PE,34478,260200,2021,PE,2602001.0,223,347.0,646.7892569174546,1.0064388885666222
2602100,Bom Conselho - PE,44294,260210,2021,PE,2602100.0,401,1516.0,905.314489547117,3.4225854517541876
2602209,Bom Jardim - PE,37629,260220,2021,PE,2602209.0,359,338.0,954.0513965292727,0.8982433761194824
2602308,Bonito - PE,37474,260230,2021,PE,2602308.0,343,1108.0,915.3012755510488,2.956716656882105
2602407,Brejão - PE,9079,260240,2021,PE,2602407.0,88,196.0,969.2697433638067,2.1588280647648417
2602506,Brejinho - PE,7720,260250,2021,PE,2602506.0,77,32.0,997.4093264248704,0.41450777202072536
2602605,Brejo da Madre de Deus - PE,48648,260260,2021,PE,2602605.0,366,1232.0,752.3433645781944,2.5324782108205888
2602704,Buenos Aires - PE,12808,260270,2021,PE,2602704.0,105,58.0,819.8001249219237,0.452841973766396
2602803,Buíque - PE,52097,260280,2021,PE,2602803.0,336,518.0,644.9507649192851,0.9942990959172313
2602902,Cabo de Santo Agostinho - PE,203440,260290,2021,PE,2602902.0,1790,38802.0,879.8662996460872,19.07294534014943
2603009,Cabrobó - PE,30294,260300,2021,PE,2603009.0,246,923.0,812.0419885125768,3.046807948768733
2603108,Cachoeirinha - PE,19899,260310,2021,PE,2603108.0,181,317.0,909.5934469068798,1.5930448766269663
2603207,Caetés - PE,28827,260320,2021,PE,2603207.0,223,169.0,773.5803240018039,0.5862559406112325
2603306,Calçado - PE,11093,260330,2021,PE,2603306.0,74,45.0,667.0873523843866,0.40566122780131614
2603405,Calumbi - PE,5228,260340,2021,PE,2603405.0,57,79.0,1090.283091048202,1.5110941086457537
2603454,Camaragibe - PE,147771,260345,2021,PE,2603454.0,1415,28563.0,957.5627152824303,19.32923239336541
2603504,Camocim de São Félix - PE,17419,260350,2021,PE,2603504.0,150,506.0,861.1286526207015,2.9048739881738332
2603603,Camutanga - PE,7750,260360,2021,PE,2603603.0,89,119.0,1148.3870967741937,1.535483870967742
2603702,Canhotinho - PE,24329,260370,2021,PE,2603702.0,204,330.0,838.5054872785564,1.3564059353035471
2603801,Capoeiras - PE,18338,260380,2021,PE,2603801.0,167,170.0,910.6772821463627,0.9270367542807285
2603900,Carnaíba - PE,18644,260390,2021,PE,2603900.0,140,120.0,750.9118214975327,0.6436387041407423
2603926,Carnaubeira da Penha - PE,12239,260392,2021,PE,2603926.0,61,18.0,498.4067325761909,0.1470708391208432
2604007,Carpina - PE,79293,260400,2021,PE,2604007.0,732,6290.0,923.1584124702056,7.932604391308186
2604106,Caruaru - PE,378048,260410,2021,PE,2604106.0,2825,55076.0,747.2596072456408,14.568520399525987
2604155,Casinhas - PE,12967,260415,2021,PE,2604155.0,87,55.0,670.9339091540064,0.42415362072954427
2604205,Catende - PE,32156,260420,2021,PE,2604205.0,309,563.0,960.9404154745616,1.7508396566737157
2604304,Cedro - PE,10518,260430,2021,PE,2604304.0,65,126.0,617.9882106864422,1.1979463776383343
2604403,Chã de Alegria - PE,12984,260440,2021,PE,2604403.0,121,246.0,931.9162045594577,1.8946395563770795
2604502,Chã Grande - PE,20546,260450,2021,PE,2604502.0,183,304.0,890.6843181154483,1.4796067361043512
2604601,Condado - PE,24587,260460,2021,PE,2604601.0,224,1507.0,911.0505551714322,6.129255297514947
2604700,Correntes - PE,17131,260470,2021,PE,2604700.0,125,146.0,729.671356021248,0.8522561438328178
2604809,Cortês - PE,10198,260480,2021,PE,2604809.0,85,115.0,833.4967640713866,1.12767209256717
2604908,Cumaru - PE,15920,260490,2021,PE,2604908.0,141,266.0,885.678391959799,1.670854271356784
2605004,Cupira - PE,23518,260500,2021,PE,2605004.0,235,941.0,999.2346287949656,4.001190577430053
2605103,Custódia - PE,37699,260510,2021,PE,2605103.0,312,504.0,827.6081593676225,1.3369054882092364
2605152,Dormentes - PE,17188,260515,2021,PE,2605152.0,103,1480.0,599.2552943914359,8.610658599022573
2605202,Escada - PE,59891,260520,2021,PE,2605202.0,604,3938.0,1008.4987727705332,6.575278422467483
2605301,Exu - PE,31843,260530,2021,PE,2605301.0,253,372.0,794.5231291021576,1.1682316364664134
2605400,Feira Nova - PE,21427,260540,2021,PE,2605400.0,200,359.0,933.4017827974052,1.6754562001213422
2605459,Fernando de Noronha - PE,3167,260545,2021,PE,2605459.0,9,656.0,284.1806125670982,20.713609093779603
2605509,Ferreiros - PE,15026,260550,2021,PE,2605509.0,116,131.0,771.9952083056037,0.8718221748968455
2605608,Flores - PE,20347,260560,2021,PE,2605608.0,182,119.0,894.4807588342261,0.5848528038531479
2605707,Floresta - PE,30137,260570,2021,PE,2605707.0,229,683.0,759.8632909712313,2.266317151674022
2605806,Frei Miguelinho - PE,13636,260580,2021,PE,2605806.0,136,163.0,997.3599295981226,1.1953652097389265
2605905,Gameleira - PE,18214,260590,2021,PE,2605905.0,177,238.0,971.7799494894039,1.3066871637202153
2606002,Garanhuns - PE,142506,260600,2021,PE,2606002.0,1224,16562.0,858.9112037387899,11.621966794380588
2606101,Glória do Goitá - PE,29347,260610,2021,PE,2606101.0,212,1965.0,722.3907043309367,6.695744028350428
2606200,Goiana - PE,81055,260620,2021,PE,2606200.0,682,13956.0,841.4039849484918,17.217938436863857
2606309,Granito - PE,6967,260630,2021,PE,2606309.0,51,54.0,732.0223912731449,0.775082531936271
2606408,Gravatá - PE,86516,260640,2021,PE,2606408.0,707,4054.0,817.1898839521014,4.685838457626335
2606507,Iati - PE,17165,260650,2021,PE,2606507.0,138,93.0,803.961549665016,0.5418001747742499
2606606,Ibimirim - PE,26593,260660,2021,PE,2606606.0,176,172.0,661.8283006806302,0.6467867483924341
2606705,Ibirajuba - PE,7140,260670,2021,PE,2606705.0,75,42.0,1050.420168067227,0.5882352941176471
2606804,Igarassu - PE,115196,260680,2021,PE,2606804.0,941,20371.0,816.8686412722665,17.683773742143824
2606903,Iguaracy - PE,11081,260690,2021,PE,2606903.0,102,86.0,920.4945402039527,0.7761032397798032
2607000,Inajá - PE,25603,260700,2021,PE,2607000.0,122,64.0,476.50665937585444,0.24997070655782525
2607109,Ingazeira - PE,4765,260710,2021,PE,2607109.0,42,33.0,881.427072402938,0.6925498426023086
2607208,Ipojuca - PE,98932,260720,2021,PE,2607208.0,651,7415.0,658.0277362228601,7.495047103060688
2607307,Ipubi - PE,29009,260730,2021,PE,2607307.0,208,157.0,717.018856217036,0.541211348202282
2607406,Itacuruba - PE,4284,260740,2021,PE,2607406.0,35,64.0,816.9934640522877,1.4939309056956116
2607505,Itaíba - PE,32650,260750,2021,PE,2607505.0,196,149.0,600.3062787136294,0.45635528330781006
2607604,Ilha de Itamaracá - PE,24540,260760,2021,PE,2607604.0,170,1032.0,692.7465362673187,4.205378973105135
2607653,Itambé - PE,34935,260765,2021,PE,2607653.0,275,1140.0,787.1761843423501,3.2632030914555603
2607703,Itapetim - PE,13791,260770,2021,PE,2607703.0,155,120.0,1123.921398013197,0.8701326952360234
2607752,Itapissuma - PE,27749,260775,2021,PE,2607752.0,188,2308.0,677.5018919600706,8.317416843850229
2607802,Itaquitinga - PE,16554,260780,2021,PE,2607802.0,156,1110.0,942.3704240666908,6.7053280173976075
2607901,Jaboatão dos Guararapes - PE,644037,260790,2021,PE,2607901.0,5424,150151.0,842.1876382878623,23.3140331999559
2607950,Jaqueira - PE,10247,260795,2021,PE,2607950.0,102,149.0,995.4132916951303,1.4540841221821021
2608008,Jataúba - PE,15843,260800,2021,PE,2608008.0,152,157.0,959.4142523511961,0.9909739317048539
2608057,Jatobá - PE,14020,260805,2021,PE,2608057.0,109,396.0,777.4607703281027,2.82453637660485
2608107,João Alfredo - PE,27725,260810,2021,PE,2608107.0,286,340.0,1031.5599639314698,1.2263300270513977
2608206,Joaquim Nabuco - PE,13269,260820,2021,PE,2608206.0,94,97.0,708.4181174165348,0.731027206270254
2608255,Jucati - PE,11517,260825,2021,PE,2608255.0,96,124.0,833.5504037509768,1.0766692715116783
2608305,Jupi - PE,15329,260830,2021,PE,2608305.0,144,322.0,939.3959162371974,2.1005936460303998
2608404,Jurema - PE,13648,260840,2021,PE,2608404.0,152,141.0,1113.7162954279015,1.0331184056271983
2608453,Lagoa do Carro - PE,17981,260845,2021,PE,2608453.0,148,524.0,823.0910405427951,2.9141871975974643
2608503,Lagoa de Itaenga - PE,19003,260850,2021,PE,2608503.0,204,213.0,1073.5147082039678,1.1208756512129663
2608602,Lagoa do Ouro - PE,11933,260860,2021,PE,2608602.0,117,75.0,980.474314924998,0.628509176233973
2608701,Lagoa dos Gatos - PE,14076,260870,2021,PE,2608701.0,123,185.0,873.8277919863598,1.314293833475419
2608750,Lagoa Grande - PE,24088,260875,2021,PE,2608750.0,168,1025.0,697.4427100631019,4.2552308203254725
2608800,Lajedo - PE,39582,260880,2021,PE,2608800.0,427,1484.0,1078.7731797281592,3.74917891971098
2608909,Limoeiro - PE,56510,260890,2021,PE,2608909.0,561,2028.0,992.7446469651388,3.5887453548044594
2609006,Macaparana - PE,23879,260900,2021,PE,2609006.0,257,341.0,1076.2594748523807,1.4280329997068555
2609105,Machados - PE,11333,260910,2021,PE,2609105.0,116,99.0,1023.5595164563663,0.8735551045618989
2609154,Manari - PE,23763,260915,2021,PE,2609154.0,118,31.0,496.5702983630013,0.13045490889197492
2609204,Maraial - PE,9359,260920,2021,PE,2609204.0,92,67.0,983.0110054493001,0.715888449620686
2609303,Mirandiba - PE,14166,260930,2021,PE,2609303.0,107,84.0,755.3296625723564,0.5929690808979247
2609402,Moreno - PE,55292,260940,2021,PE,2609402.0,559,5940.0,1010.9961658106055,10.742964624177096
2609501,Nazaré da Mata - PE,30648,260950,2021,PE,2609501.0,345,1407.0,1125.6851996867658,4.590837901331246
2609600,Olinda - PE,349976,260960,2021,PE,2609600.0,3442,102559.0,983.4960111550507,29.30458088554644
2609709,Orobó - PE,21808,260970,2021,PE,2609709.0,214,246.0,981.2912692589877,1.128026412325752
2609808,Orocó - PE,13613,260980,2021,PE,2609808.0,108,230.0,793.3592889150078,1.6895614486152941
2609907,Ouricuri - PE,65245,260990,2021,PE,2609907.0,481,1107.0,737.221243007127,1.6966817380642194
2610004,Palmares - PE,54584,261000,2021,PE,2610004.0,521,1949.0,954.4921588743954,3.5706434119888617
2610103,Palmeirina - PE,7031,261010,2021,PE,2610103.0,70,99.0,995.5909543450434,1.4080500640022757
2610202,Panelas - PE,22991,261020,2021,PE,2610202.0,218,371.0,948.1971206124135,1.6136749162715847
2610301,Paranatama - PE,12199,261030,2021,PE,2610301.0,148,111.0,1213.2141978850725,0.9099106484138044
2610400,Parnamirim - PE,18612,261040,2021,PE,2610400.0,144,599.0,773.6943907156673,3.218353750268644
2610509,Passira - PE,28340,261050,2021,PE,2610509.0,252,273.0,889.2025405786874,0.963302752293578
2610608,Paudalho - PE,56665,261060,2021,PE,2610608.0,479,1387.0,845.3189799699992,2.447719050560311
2610707,Paulista - PE,342167,261070,2021,PE,2610707.0,2831,80628.0,827.3737677800606,23.56393223192184
2610806,Pedra - PE,22795,261080,2021,PE,2610806.0,186,324.0,815.9684141259048,1.4213643342838342
2610905,Pesqueira - PE,62722,261090,2021,PE,2610905.0,652,2250.0,1039.5076687605624,3.5872580593731067
2611002,Petrolândia - PE,34161,261100,2021,PE,2611002.0,236,594.0,690.8462867012089,1.738824975849653
2611101,Petrolina - PE,386791,261110,2021,PE,2611101.0,2457,69327.0,635.2267762176473,17.923633176573396
2611200,Poção - PE,10500,261120,2021,PE,2611200.0,131,150.0,1247.6190476190475,1.4285714285714286
2611309,Pombos - PE,27552,261130,2021,PE,2611309.0,220,848.0,798.4901277584205,3.077816492450639
2611408,Primavera - PE,13838,261140,2021,PE,2611408.0,81,153.0,585.3447029917618,1.1056511056511056
2611507,Quipapá - PE,17928,261150,2021,PE,2611507.0,141,243.0,786.4792503346721,1.355421686746988
2611533,Quixaba - PE,6554,261153,2021,PE,2611533.0,51,74.0,778.1507476350321,1.1290814769606348
2611606,Recife - PE,1488920,261160,2021,PE,2611606.0,16886,635383.0,1134.1106305241383,42.67408591462268
2611705,Riacho das Almas - PE,20639,261170,2021,PE,2611705.0,187,894.0,906.0516497892339,4.331605213430883
2611804,Ribeirão - PE,33507,261180,2021,PE,2611804.0,345,1028.0,1029.63559853165,3.0680156385232937
2611903,Rio Formoso - PE,20009,261190,2021,PE,2611903.0,165,367.0,824.6289169873556,1.834174621420361
2612000,Sairé - PE,10887,261200,2021,PE,2612000.0,109,369.0,1001.1940846881602,3.3893634610085424
2612109,Salgadinho - PE,5727,261210,2021,PE,2612109.0,45,40.0,785.7517024620221,0.6984459577440195
2612208,Salgueiro - PE,62372,261220,2021,PE,2612208.0,454,2220.0,727.8907201949593,3.559289424741871
2612307,Saloá - PE,13836,261230,2021,PE,2612307.0,147,89.0,1062.44579358196,0.6432494940734317
2612406,Sanharó - PE,18624,261240,2021,PE,2612406.0,171,449.0,918.1701030927835,2.410867697594502
2612455,Santa Cruz - PE,13841,261245,2021,PE,2612455.0,96,171.0,693.5915035040821,1.2354598656166462
2612471,Santa Cruz da Baixa Verde - PE,11567,261247,2021,PE,2612471.0,99,71.0,855.8831157603527,0.6138151638281317
2612505,Santa Cruz do Capibaribe - PE,98254,261250,2021,PE,2612505.0,544,6897.0,553.6670262788284,7.019561544568161
2612554,Santa Filomena - PE,12106,261255,2021,PE,2612554.0,92,65.0,759.9537419461424,0.5369238394184701
2612604,Santa Maria da Boa Vista - PE,40578,261260,2021,PE,2612604.0,244,1187.0,601.3110552516142,2.9252304204248607
2612703,Santa Maria do Cambucá - PE,14013,261270,2021,PE,2612703.0,152,81.0,1084.707057732106,0.5780346820809248
2612802,Santa Terezinha - PE,10244,261280,2021,PE,2612802.0,75,48.0,732.1358844201484,0.4685669660288949
2612901,São Benedito do Sul - PE,13113,261290,2021,PE,2612901.0,96,141.0,732.0979180965454,1.0752688172043012
2613008,São Bento do Una - PE,49449,261300,2021,PE,2613008.0,418,1333.0,845.3153754373192,2.695706687698437
2613107,São Caitano - PE,37126,261310,2021,PE,2613107.0,329,1420.0,886.1714162581479,3.824812799655228
2613206,São João - PE,23837,261320,2021,PE,2613206.0,177,236.0,742.543105256534,0.9900574736753787
2613305,São Joaquim do Monte - PE,20037,261330,2021,PE,2613305.0,175,265.0,873.3842391575585,1.3225532764385886
2613404,São José da Coroa Grande - PE,18825,261340,2021,PE,2613404.0,167,465.0,887.1181938911022,2.4701195219123506
2613503,São José do Belmonte - PE,34843,261350,2021,PE,2613503.0,261,522.0,749.0744195390753,1.4981488390781506
2613602,São José do Egito - PE,31004,261360,2021,PE,2613602.0,316,558.0,1019.2233260224488,1.7997677719004
2613701,São Lourenço da Mata - PE,111249,261370,2021,PE,2613701.0,1027,13000.0,923.1543654324984,11.685498296613902
2613800,São Vicente Férrer - PE,16677,261380,2021,PE,2613800.0,154,198.0,923.4274749655214,1.1872638963842417
2613909,Serra Talhada - PE,92228,261390,2021,PE,2613909.0,658,4284.0,713.4492778765667,4.645010192132541
2614006,Serrita - PE,18207,261400,2021,PE,2614006.0,129,73.0,708.5187015982864,0.4009446916021311
2614105,Sertânia - PE,32811,261410,2021,PE,2614105.0,286,822.0,871.6588948828137,2.5052573831946603
2614204,Sirinhaém - PE,37596,261420,2021,PE,2614204.0,261,415.0,694.2227896584743,1.1038408341312906
2614303,Moreilândia - PE,10540,261430,2021,PE,2614303.0,74,85.0,702.0872865275143,0.8064516129032258
2614402,Solidão - PE,5210,261440,2021,PE,2614402.0,37,11.0,710.172744721689,0.21113243761996162
2614501,Surubim - PE,64120,261450,2021,PE,2614501.0,614,2140.0,957.5795383655645,3.337492202121023
2614600,Tabira - PE,27681,261460,2021,PE,2614600.0,255,261.0,921.2094938766664,0.9428850113796466
2614709,Tacaimbó - PE,13738,261470,2021,PE,2614709.0,84,248.0,611.4427136409957,1.805211821225797
2614808,Tacaratu - PE,23902,261480,2021,PE,2614808.0,157,149.0,656.8487992636599,0.6233787967534097
2614857,Tamandaré - PE,23561,261485,2021,PE,2614857.0,174,455.0,738.5085522685795,1.9311574211620899
2615003,Taquaritinga do Norte - PE,24736,261500,2021,PE,2615003.0,200,595.0,808.5381630012937,2.4054010349288486
2615102,Terezinha - PE,6513,261510,2021,PE,2615102.0,53,85.0,813.757101182251,1.3050821434054967
2615201,Terra Nova - PE,8920,261520,2021,PE,2615201.0,61,74.0,683.8565022421524,0.8295964125560539
2615300,Timbaúba - PE,46147,261530,2021,PE,2615300.0,502,1480.0,1087.8280278241273,3.2071423927882634
2615409,Toritama - PE,41137,261540,2021,PE,2615409.0,271,2651.0,658.7743394024844,6.444320198361572
2615508,Tracunhaém - PE,13867,261550,2021,PE,2615508.0,123,300.0,886.9979087041177,2.163409533424677
2615607,Trindade - PE,30321,261560,2021,PE,2615607.0,230,359.0,758.5501797434122,1.1839978892516736
2615706,Triunfo - PE,14705,261570,2021,PE,2615706.0,158,411.0,1074.464467868072,2.7949676980618836
2615805,Tupanatinga - PE,26937,261580,2021,PE,2615805.0,150,228.0,556.8548836173294,0.8464194230983405
2615904,Tuparetama - PE,8005,261590,2021,PE,2615904.0,97,107.0,1211.742660836977,1.3366645846346032
2616001,Venturosa - PE,17251,261600,2021,PE,2616001.0,144,355.0,834.7342183061851,2.0578517187409426
2616100,Verdejante - PE,9169,261610,2021,PE,2616100.0,95,52.0,1036.0999018431671,0.567128367324681
2616183,Vertente do Lério - PE,7558,261618,2021,PE,2616183.0,66,41.0,873.2468907118285,0.5424715533209844
2616209,Vertentes - PE,21959,261620,2021,PE,2616209.0,167,394.0,760.5082198642926,1.794252925907373
2616308,Vicência - PE,26359,261630,2021,PE,2616308.0,243,400.0,921.8862627565537,1.5175082514511173
2616407,Vitória de Santo Antão - PE,134084,261640,2021,PE,2616407.0,1344,16528.0,1002.3567316010859,12.326601235046688
2616506,Xexéu - PE,11611,261650,2021,PE,2616506.0,149,85.0,1283.265868572905,0.7320644216691069
2700102,Água Branca - AL,19008,270010,2021,AL,2700102.0,165,210.0,868.0555555555555,1.10479797979798
2700201,Anadia - AL,13966,270020,2021,AL,2700201.0,141,403.0,1009.5947300587139,2.885579263926679
2700300,Arapiraca - AL,234696,270030,2021,AL,2700300.0,1893,21736.0,806.5753144493301,9.261342332208473
2700409,Atalaia - AL,37512,270040,2021,AL,2700409.0,296,1185.0,789.0808274685434,3.1589891234804863
2700508,Barra de Santo Antônio - AL,16365,270050,2021,AL,2700508.0,139,325.0,849.3736633058355,1.9859456156431408
2700607,Barra de São Miguel - AL,7944,270060,2021,AL,2700607.0,47,694.0,591.6414904330312,8.736153071500503
2700706,Batalha - AL,16448,270070,2021,AL,2700706.0,117,446.0,711.3326848249027,2.7115758754863815
2700805,Belém - AL,4722,270080,2021,AL,2700805.0,43,4341.0,910.6310885218128,91.93138500635324
2700904,Belo Monte - AL,5936,270090,2021,AL,2700904.0,29,32.0,488.544474393531,0.5390835579514826
2701001,Boca da Mata - AL,21187,270100,2021,AL,2701001.0,182,1807.0,859.0173219427007,8.528814839288243
2701100,Branquinha - AL,9603,270110,2021,AL,2701100.0,68,37.0,708.1120483182339,0.38529626158492136
2701209,Cacimbinhas - AL,10482,270120,2021,AL,2701209.0,98,200.0,934.9360809005915,1.9080328181644723
2701308,Cajueiro - AL,16024,270130,2021,AL,2701308.0,144,571.0,898.6520219670494,3.563404892661008
2701357,Campestre - AL,6665,270135,2021,AL,2701357.0,48,136.0,720.1800450112528,2.0405101275318827
2701407,Campo Alegre - AL,32106,270140,2021,AL,2701407.0,264,665.0,822.2762100541955,2.0712639382046967
2701506,Campo Grande - AL,8143,270150,2021,AL,2701506.0,64,1045.0,785.951123664497,12.833108191084367
2701605,Canapi - AL,15559,270160,2021,AL,2701605.0,109,130.0,700.559161899865,0.8355292756603895
2701704,Capela - AL,15032,270170,2021,AL,2701704.0,131,428.0,871.4741883980842,2.847259180415114
2701803,Carneiros - AL,8999,270180,2021,AL,2701803.0,53,26.0,588.9543282586955,0.2889209912212468
2701902,Chã Preta - AL,5910,270190,2021,AL,2701902.0,47,98.0,795.2622673434856,1.6582064297800336
2702009,Coité do Nóia - AL,10810,270200,2021,AL,2702009.0,97,148.0,897.3172987974098,1.3691026827012025
2702108,Colônia Leopoldina - AL,15816,270210,2021,AL,2702108.0,141,159.0,891.5022761760243,1.0053110773899847
2702207,Coqueiro Seco - AL,5581,270220,2021,AL,2702207.0,40,316.0,716.7174341515857,5.662067729797527
2702306,Coruripe - AL,50414,270230,2021,AL,2702306.0,367,2477.0,727.9723886222081,4.913317729202206
2702355,Craíbas - AL,25397,270235,2021,AL,2702355.0,197,648.0,775.6821671851006,2.5514824585580973
2702405,Delmiro Gouveia - AL,51318,270240,2021,AL,2702405.0,443,1650.0,863.24486534939,3.215246112475155
2702504,Dois Riachos - AL,9805,270250,2021,AL,2702504.0,69,46.0,703.7225905150433,0.46914839367669553
2702553,Estrela de Alagoas - AL,15429,270255,2021,AL,2702553.0,148,149.0,959.2326139088728,0.9657139153542031
2702603,Feira Grande - AL,22712,270260,2021,AL,2702603.0,169,258.0,744.1000352236703,1.1359633673828813
2702702,Feliz Deserto - AL,3963,270270,2021,AL,2702702.0,40,59.0,1009.3363613424174,1.4887711329800657
2702801,Flexeiras - AL,9618,270280,2021,AL,2702801.0,94,155.0,977.3341651070908,1.6115616552297776
2702900,Girau do Ponciano - AL,36102,270290,2021,AL,2702900.0,262,372.0,725.7215666722066,1.0304138274887817
2703007,Ibateguara - AL,13731,270300,2021,AL,2703007.0,109,152.0,793.8241934309227,1.106984196344039
2703106,Igaci - AL,23995,270310,2021,AL,2703106.0,203,273.0,846.0095853302771,1.137737028547614
2703205,Igreja Nova - AL,21372,270320,2021,AL,2703205.0,178,83.0,832.8654314055774,0.38835860003743217
2703304,Inhapi - AL,15167,270330,2021,AL,2703304.0,156,69.0,1028.548823102789,0.45493505637238746
2703403,Jacaré dos Homens - AL,5083,270340,2021,AL,2703403.0,32,94.0,629.5494786543379,1.8493015935471178
2703502,Jacuípe - AL,5352,270350,2021,AL,2703502.0,36,13.0,672.645739910314,0.2428998505231689
2703601,Japaratinga - AL,9219,270360,2021,AL,2703601.0,68,268.0,737.6071157392341,2.907039809089923
2703700,Jaramataia - AL,4985,270370,2021,AL,2703700.0,44,57.0,882.6479438314946,1.1434302908726177
2703759,Jequiá da Praia - AL,9470,270375,2021,AL,2703759.0,47,105.0,496.30411826821535,1.1087645195353748
2703809,Joaquim Gomes - AL,17150,270380,2021,AL,2703809.0,137,93.0,798.8338192419824,0.5422740524781341
2703908,Jundiá - AL,4092,270390,2021,AL,2703908.0,28,48.0,684.2619745845552,1.1730205278592376
2704005,Junqueiro - AL,23907,270400,2021,AL,2704005.0,191,599.0,798.9291839210273,2.5055423097837455
2704104,Lagoa da Canoa - AL,18457,270410,2021,AL,2704104.0,156,305.0,845.2077802459771,1.6524895703527116
2704203,Limoeiro de Anadia - AL,24740,270420,2021,AL,2704203.0,162,206.0,654.8100242522231,0.8326596604688763
2704302,Maceió - AL,957916,270430,2021,AL,2704302.0,8051,292779.0,840.470354394331,30.564162202113753
2704401,Major Isidoro - AL,17700,270440,2021,AL,2704401.0,167,252.0,943.5028248587571,1.423728813559322
2704500,Maragogi - AL,32174,270450,2021,AL,2704500.0,225,1221.0,699.3224342636912,3.794989743270964
2704609,Maravilha - AL,9534,270460,2021,AL,2704609.0,84,128.0,881.057268722467,1.342563457100902
2704708,Marechal Deodoro - AL,60370,270470,2021,AL,2704708.0,421,8235.0,697.3662415106842,13.640881232400199
2704807,Maribondo - AL,13679,270480,2021,AL,2704807.0,104,465.0,760.2894948461144,3.399371299071569
2704906,Mar Vermelho - AL,3155,270490,2021,AL,2704906.0,22,44.0,697.3058637083994,1.3946117274167988
2705002,Mata Grande - AL,21844,270500,2021,AL,2705002.0,135,181.0,618.0186778978209,0.8286028199963377
2705101,Matriz de Camaragibe - AL,23857,270510,2021,AL,2705101.0,172,439.0,720.962400972461,1.840130779226223
2705200,Messias - AL,15405,270520,2021,AL,2705200.0,123,569.0,798.442064264849,3.693605972086985
2705309,Minador do Negrão - AL,4845,270530,2021,AL,2705309.0,44,128.0,908.1527347781217,2.6418988648090815
2705408,Monteirópolis - AL,7184,270540,2021,AL,2705408.0,55,42.0,765.5902004454343,0.5846325167037862
2705507,Murici - AL,25187,270550,2021,AL,2705507.0,210,1361.0,833.7634493984992,5.403581212530273
2705606,Novo Lino - AL,10020,270560,2021,AL,2705606.0,68,73.0,678.6427145708583,0.7285429141716567
2705705,Olho d'Água das Flores - AL,20695,270570,2021,AL,2705705.0,161,531.0,777.9656921961827,2.5658371587339937
2705804,Olho d'Água do Casado - AL,8349,270580,2021,AL,2705804.0,50,32.0,598.8741166606779,0.3832794346628339
2705903,Olho d'Água Grande - AL,4330,270590,2021,AL,2705903.0,35,27.0,808.3140877598153,0.6235565819861432
2706000,Olivença - AL,10812,270600,2021,AL,2706000.0,91,45.0,841.6574176840547,0.41620421753607106
2706109,Ouro Branco - AL,11446,270610,2021,AL,2706109.0,113,108.0,987.2444522103792,0.943561069369212
2706208,Palestina - AL,4325,270620,2021,AL,2706208.0,34,14.0,786.1271676300578,0.3236994219653179
2706307,Palmeira dos Índios - AL,71574,270630,2021,AL,2706307.0,698,4529.0,975.2144633526141,6.32771676865901
2706406,Pão de Açúcar - AL,23823,270640,2021,AL,2706406.0,191,432.0,801.7462116442093,1.813373630525123
2706422,Pariconha - AL,10573,270642,2021,AL,2706422.0,81,52.0,766.1023361392225,0.4918187836943157
2706448,Paripueira - AL,13835,270644,2021,AL,2706448.0,101,936.0,730.0325262016624,6.765449945789665
2706505,Passo de Camaragibe - AL,13804,270650,2021,AL,2706505.0,86,188.0,623.0078238191828,1.3619240799768184
2706604,Paulo Jacinto - AL,6576,270660,2021,AL,2706604.0,42,112.0,638.6861313868613,1.70316301703163
2706703,Penedo - AL,58650,270670,2021,AL,2706703.0,482,3338.0,821.8243819266837,5.691389599317988
2706802,Piaçabuçu - AL,15908,270680,2021,AL,2706802.0,131,268.0,823.485038974101,1.684686949962283
2706901,Pilar - AL,35370,270690,2021,AL,2706901.0,271,3015.0,766.1860333616058,8.524173027989821
2707008,Pindoba - AL,2731,270700,2021,AL,2707008.0,17,64.0,622.4826071036251,2.343463932625412
2707107,Piranhas - AL,22609,270710,2021,AL,2707107.0,148,612.0,654.6065726038304,2.706886638064488
2707206,Poço das Trincheiras - AL,12518,270720,2021,AL,2707206.0,84,87.0,671.0337114555041,0.6949992011503435
2707305,Porto Calvo - AL,24071,270730,2021,AL,2707305.0,207,862.0,859.9559636076606,3.5810726600473597
2707404,Porto de Pedras - AL,9295,270740,2021,AL,2707404.0,63,173.0,677.7837547068316,1.8612157073695537
2707503,Porto Real do Colégio - AL,20082,270750,2021,AL,2707503.0,163,171.0,811.6721442087442,0.851508813863161
2707602,Quebrangulo - AL,11080,270760,2021,AL,2707602.0,80,220.0,722.0216606498195,1.9855595667870036
2707701,Rio Largo - AL,93927,270770,2021,AL,2707701.0,712,7821.0,758.0354956508778,8.326679229614488
2707800,Roteiro - AL,6474,270780,2021,AL,2707800.0,41,31.0,633.3024405313562,0.47883843064565956
2707909,Santa Luzia do Norte - AL,6919,270790,2021,AL,2707909.0,48,616.0,693.7418702124584,8.90302066772655
2708006,Santana do Ipanema - AL,46220,270800,2021,AL,2708006.0,389,1925.0,841.6270012981394,4.16486369536997
2708105,Santana do Mundaú - AL,11323,270810,2021,AL,2708105.0,91,219.0,803.6739380022962,1.9341164002472842
2708204,São Brás - AL,6555,270820,2021,AL,2708204.0,62,99.0,945.8428680396643,1.5102974828375286
2708303,São José da Laje - AL,20813,270830,2021,AL,2708303.0,187,336.0,898.4769134675443,1.6143756306154808
2708402,São José da Tapera - AL,30604,270840,2021,AL,2708402.0,183,226.0,597.9610508430271,0.7384655600575089
2708501,São Luís do Quitunde - AL,30873,270850,2021,AL,2708501.0,192,657.0,621.9026333689632,2.128073073559421
2708600,São Miguel dos Campos - AL,51990,270860,2021,AL,2708600.0,410,3392.0,788.6131948451625,6.524331602231198
2708709,São Miguel dos Milagres - AL,8482,270870,2021,AL,2708709.0,66,197.0,778.118368309361,2.3225654326809715
2708808,São Sebastião - AL,31786,270880,2021,AL,2708808.0,212,441.0,666.9602969860945,1.3874032592965455
2708907,Satuba - AL,24278,270890,2021,AL,2708907.0,148,2927.0,609.6054040695279,12.056182552104787
2708956,Senador Rui Palmeira - AL,12303,270895,2021,AL,2708956.0,83,29.0,674.6322035275949,0.23571486629277413
2709004,Tanque d'Arca - AL,5796,270900,2021,AL,2709004.0,63,61.0,1086.9565217391305,1.0524499654934438
2709103,Taquarana - AL,19032,270910,2021,AL,2709103.0,170,338.0,893.2324506094998,1.7759562841530054
2709152,Teotônio Vilela - AL,38053,270915,2021,AL,2709152.0,268,776.0,704.2808714161827,2.039261030667753
2709202,Traipu - AL,23565,270920,2021,AL,2709202.0,136,243.0,577.1270952684066,1.031190324633991
2709301,União dos Palmares - AL,59280,270930,2021,AL,2709301.0,525,2390.0,885.6275303643725,4.031713900134952
2709400,Viçosa - AL,24092,270940,2021,AL,2709400.0,201,775.0,834.3018429354144,3.216835464054458
2800100,Amparo do São Francisco - SE,2170,280010,2021,SE,2800100.0,15,61.0,691.2442396313364,2.8110599078341014
2800209,Aquidabã - SE,20131,280020,2021,SE,2800209.0,171,557.0,849.4361929362674,2.7668769559386024
2800308,Aracaju - SE,602757,280030,2021,SE,2800308.0,4934,240876.0,818.5719950162337,39.9623728965404
2800407,Arauá - SE,10318,280040,2021,SE,2800407.0,83,125.0,804.4194611358791,1.211475092072107
2800506,Areia Branca - SE,18081,280050,2021,SE,2800506.0,153,425.0,846.1921353907417,2.350533709418727
2800605,Barra dos Coqueiros - SE,41511,280060,2021,SE,2800605.0,244,6669.0,587.79600587796,16.065621160656214
2800670,Boquim - SE,24636,280067,2021,SE,2800670.0,202,720.0,819.9383016723493,2.922552362396493
2800704,Brejo Grande - SE,7841,280070,2021,SE,2800704.0,45,43.0,573.9063894911363,0.5483994388470859
2801009,Campo do Brito - SE,18149,280100,2021,SE,2801009.0,161,545.0,887.1012176979448,3.0029202710893164
2801108,Canhoba - SE,3791,280110,2021,SE,2801108.0,34,48.0,896.8609865470852,1.2661566868900025
2801207,Canindé de São Francisco - SE,26834,280120,2021,SE,2801207.0,177,349.0,659.6109413430722,1.3005888052470747
2801306,Capela - SE,31645,280130,2021,SE,2801306.0,286,754.0,903.7762679728235,2.3826828882919893
2801405,Carira - SE,19939,280140,2021,SE,2801405.0,159,394.0,797.4321681127439,1.9760268819900697
2801504,Carmópolis - SE,13853,280150,2021,SE,2801504.0,109,3058.0,786.833176929185,22.074640872013283
2801603,Cedro de São João - SE,5391,280160,2021,SE,2801603.0,46,215.0,853.2739751437582,3.9881283620849564
2801702,Cristinápolis - SE,17100,280170,2021,SE,2801702.0,136,250.0,795.3216374269006,1.461988304093567
2801900,Cumbe - SE,3824,280190,2021,SE,2801900.0,25,96.0,653.765690376569,2.510460251046025
2802007,Divina Pastora - SE,4340,280200,2021,SE,2802007.0,40,83.0,921.6589861751152,1.912442396313364
2802106,Estância - SE,65078,280210,2021,SE,2802106.0,540,5147.0,829.7735025661514,7.908970773533299
2802205,Feira Nova - SE,5975,280220,2021,SE,2802205.0,45,31.0,753.1380753138075,0.5188284518828452
2802304,Frei Paulo - SE,14530,280230,2021,SE,2802304.0,101,413.0,695.1135581555402,2.842395044735031
2802403,Gararu - SE,11096,280240,2021,SE,2802403.0,84,123.0,757.0295602018745,1.108507570295602
2802502,General Maynard - SE,3037,280250,2021,SE,2802502.0,26,132.0,856.1080013170891,4.346394468225222
2802601,Graccho Cardoso - SE,5834,280260,2021,SE,2802601.0,38,77.0,651.3541309564621,1.3198491600959892
2802700,Ilha das Flores - SE,8321,280270,2021,SE,2802700.0,75,72.0,901.3339742819372,0.8652806153106598
2802809,Indiaroba - SE,16549,280280,2021,SE,2802809.0,99,126.0,598.2234576107318,0.7613753096863859
2802908,Itabaiana - SE,103440,280290,2021,SE,2802908.0,772,6985.0,746.3263727764888,6.752706883217324
2803005,Itabaianinha - SE,40678,280300,2021,SE,2803005.0,313,713.0,769.4576921185899,1.7527902060081617
2803104,Itabi - SE,4745,280310,2021,SE,2803104.0,40,90.0,842.9926238145416,1.8967334035827188
2803203,Itaporanga d'Ajuda - SE,34411,280320,2021,SE,2803203.0,219,1341.0,636.4243991746824,3.897009677138125
2803302,Japaratuba - SE,16209,280330,2021,SE,2803302.0,127,672.0,783.5153309889569,4.145844900980936
2803401,Japoatã - SE,13407,280340,2021,SE,2803401.0,122,158.0,909.9724024763183,1.1784888491086747
2803500,Lagarto - SE,101579,280350,2021,SE,2803500.0,751,8798.0,739.3260417999784,8.661239035627442
2803609,Laranjeiras - SE,23975,280360,2021,SE,2803609.0,176,2602.0,734.0980187695516,10.852971845672576
2803708,Macambira - SE,6838,280370,2021,SE,2803708.0,56,85.0,818.9529102076631,1.2430535244223457
2803807,Malhada dos Bois - SE,3579,280380,2021,SE,2803807.0,32,60.0,894.1044984632579,1.6764459346186085
2803906,Malhador - SE,11533,280390,2021,SE,2803906.0,117,188.0,1014.48018728865,1.6301049163270613
2804003,Maruim - SE,15719,280400,2021,SE,2804003.0,140,1569.0,890.641898339589,9.98155098924868
2804102,Moita Bonita - SE,11050,280410,2021,SE,2804102.0,98,219.0,886.8778280542987,1.9819004524886878
2804201,Monte Alegre de Sergipe - SE,14336,280420,2021,SE,2804201.0,77,153.0,537.109375,1.0672433035714286
2804300,Muribeca - SE,7822,280430,2021,SE,2804300.0,66,245.0,843.7739708514447,3.1321912554333933
2804409,Neópolis - SE,16426,280440,2021,SE,2804409.0,129,514.0,785.3403141361256,3.1291854377206865
2804458,Nossa Senhora Aparecida - SE,9232,280445,2021,SE,2804458.0,76,126.0,823.2235701906412,1.3648180242634316
2804508,Nossa Senhora da Glória - SE,41212,280450,2021,SE,2804508.0,237,1620.0,575.075220809473,3.930893914393866
2804607,Nossa Senhora das Dores - SE,24996,280460,2021,SE,2804607.0,195,949.0,780.1248199711954,3.796607457193151
2804706,Nossa Senhora de Lourdes - SE,6268,280470,2021,SE,2804706.0,54,107.0,861.5188257817485,1.7070835992342055
2804805,Nossa Senhora do Socorro - SE,192330,280480,2021,SE,2804805.0,1212,20405.0,630.1669006395258,10.609369313159673
2804904,Pacatuba - SE,12502,280490,2021,SE,2804904.0,85,329.0,679.8912174052152,2.631578947368421
2805000,Pedra Mole - SE,2778,280500,2021,SE,2805000.0,17,23.0,611.9510439164867,0.827933765298776
2805109,Pedrinhas - SE,7396,280510,2021,SE,2805109.0,65,155.0,878.8534342888048,2.09572742022715
2805208,Pinhão - SE,5677,280520,2021,SE,2805208.0,48,78.0,845.5169984146556,1.3739651224238154
2805307,Pirambu - SE,7913,280530,2021,SE,2805307.0,53,276.0,669.783899911538,3.4879312523695187
2805406,Poço Redondo - SE,33439,280540,2021,SE,2805406.0,168,233.0,502.4073686414068,0.6967911719848081
2805505,Poço Verde - SE,21794,280550,2021,SE,2805505.0,194,366.0,890.153253188951,1.6793612920987429
2805604,Porto da Folha - SE,26576,280560,2021,SE,2805604.0,192,328.0,722.4563515954244,1.2341962673088502
2805703,Propriá - SE,26618,280570,2021,SE,2805703.0,245,1803.0,920.4297843564505,6.77361184161094
2805802,Riachão do Dantas - SE,18313,280580,2021,SE,2805802.0,154,126.0,840.93267078032,0.6880358215475345
2805901,Riachuelo - SE,8748,280590,2021,SE,2805901.0,65,296.0,743.0269775948789,3.383630544124371
2806008,Ribeirópolis - SE,17033,280600,2021,SE,2806008.0,127,540.0,745.6114601068514,3.1703164445488174
2806107,Rosário do Catete - SE,9295,280610,2021,SE,2806107.0,62,693.0,667.0252824098978,7.455621301775148
2806206,Salgado - SE,20279,280620,2021,SE,2806206.0,163,622.0,803.7871689925539,3.06721238719858
2806305,Santa Luzia do Itanhy - SE,13616,280630,2021,SE,2806305.0,97,41.0,712.3971797884841,0.3011163337250294
2806404,Santana do São Francisco - SE,7346,280640,2021,SE,2806404.0,52,301.0,707.868227606861,4.097468009801252
2806503,Santa Rosa de Lima - SE,3937,280650,2021,SE,2806503.0,21,58.0,533.4010668021336,1.4732029464058927
2806602,Santo Amaro das Brotas - SE,11092,280660,2021,SE,2806602.0,71,525.0,640.1009736747205,4.7331410025243414
2806701,São Cristóvão - SE,95612,280670,2021,SE,2806701.0,555,10109.0,580.471070576915,10.572940635066729
2806800,São Domingos - SE,10327,280680,2021,SE,2806800.0,97,124.0,939.2853684516316,1.200735934927859
2806909,São Francisco - SE,3243,280690,2021,SE,2806909.0,30,45.0,925.0693802035153,1.3876040703052728
2807006,São Miguel do Aleixo - SE,3434,280700,2021,SE,2807006.0,28,20.0,815.3756552125801,0.5824111822947
2807105,Simão Dias - SE,42578,280710,2021,SE,2807105.0,318,1403.0,746.8645779510545,3.29512893982808
2807204,Siriri - SE,7834,280720,2021,SE,2807204.0,54,180.0,689.3030380393159,2.2976767934643862
2807303,Telha - SE,3274,280730,2021,SE,2807303.0,32,55.0,977.3976786805132,1.6799022602321318
2807402,Tobias Barreto - SE,50905,280740,2021,SE,2807402.0,400,1292.0,785.7774285433651,2.5380610941950694
2807501,Tomar do Geru - SE,12012,280750,2021,SE,2807501.0,84,128.0,699.3006993006993,1.0656010656010655
2807600,Umbaúba - SE,23917,280760,2021,SE,2807600.0,160,618.0,668.9802232721495,2.5839361123886775
2900108,Abaíra - BA,7301,290010,2021,BA,2900108.0,82,238.0,1123.1338172853034,3.2598274209012463
2900207,Abaré - BA,17639,290020,2021,BA,2900207.0,116,117.0,657.6336527014004,0.6633029083281364
2900306,Acajutiba - BA,13795,290030,2021,BA,2900306.0,141,126.0,1022.109459949257,0.913374411018485
2900355,Adustina - BA,14201,290035,2021,BA,2900355.0,107,87.0,753.4680656291811,0.6126329131751285
2900405,Água Fria - BA,14497,290040,2021,BA,2900405.0,113,241.0,779.4716148168587,1.6624129130164862
2900504,Érico Cardoso - BA,10604,290050,2021,BA,2900504.0,78,72.0,735.5714824594493,0.6789890607317993
2900603,Aiquara - BA,4447,290060,2021,BA,2900603.0,40,39.0,899.4827973915,0.8769957274567124
2900702,Alagoinhas - BA,151055,290070,2021,BA,2900702.0,1318,24013.0,872.5298732249844,15.896858760054286
2900801,Alcobaça - BA,24530,290080,2021,BA,2900801.0,177,631.0,721.5654300856095,2.572360375050958
2900900,Almadina - BA,5218,290090,2021,BA,2900900.0,73,128.0,1399.003449597547,2.4530471444998083
2901007,Amargosa - BA,36521,290100,2021,BA,2901007.0,348,986.0,952.8764272610279,2.6998165439062456
2901106,Amélia Rodrigues - BA,24138,290110,2021,BA,2901106.0,190,2607.0,787.1406081696908,10.800397713149392
2901155,América Dourada - BA,15137,290115,2021,BA,2901155.0,105,41.0,693.6645306203343,0.2708594833850829
2901205,Anagé - BA,25438,290120,2021,BA,2901205.0,165,149.0,648.6358990486674,0.5857378724742511
2901304,Andaraí - BA,13080,290130,2021,BA,2901304.0,111,163.0,848.6238532110092,1.2461773700305812
2901353,Andorinha - BA,15012,290135,2021,BA,2901353.0,135,2559.0,899.2805755395683,17.046362909672265
2901403,Angical - BA,13732,290140,2021,BA,2901403.0,112,110.0,815.6131663268279,0.801048645499563
2901502,Anguera - BA,11031,290150,2021,BA,2901502.0,77,157.0,698.0328166077419,1.4232617169794217
2901601,Antas - BA,14206,290160,2021,BA,2901601.0,95,101.0,668.7315218921582,0.7109671969590314
2901700,Antônio Cardoso - BA,11146,290170,2021,BA,2901700.0,88,229.0,789.5209043603087,2.0545487170285304
2901809,Antônio Gonçalves - BA,10862,290180,2021,BA,2901809.0,89,153.0,819.3702817160744,1.4085803719388696
2901908,Aporá - BA,15922,290190,2021,BA,2901908.0,149,114.0,935.8120839090567,0.7159904534606205
2901957,Apuarema - BA,6913,290195,2021,BA,2901957.0,62,27.0,896.8609865470852,0.39056849414147254
2902005,Aracatu - BA,13936,290200,2021,BA,2902005.0,101,127.0,724.7416762342135,0.911308840413318
2902054,Araçás - BA,11557,290205,2021,BA,2902054.0,74,508.0,640.3045773124513,4.395604395604396
2902104,Araci - BA,48294,290210,2021,BA,2902104.0,350,1031.0,724.727709446308,2.1348407669689817
2902203,Aramari - BA,9833,290220,2021,BA,2902203.0,62,302.0,630.5298484694397,3.0712905522221092
2902252,Arataca - BA,10191,290225,2021,BA,2902252.0,66,86.0,647.6302619958788,0.8438818565400843
2902302,Aratuípe - BA,8677,290230,2021,BA,2902302.0,50,47.0,576.2360262763627,0.5416618646997811
2902401,Aurelino Leal - BA,11179,290240,2021,BA,2902401.0,134,153.0,1198.6760890956257,1.3686376241166471
2902500,Baianópolis - BA,13614,290250,2021,BA,2902500.0,113,72.0,830.0279124430734,0.5288673424416042
2902609,Baixa Grande - BA,18220,290260,2021,BA,2902609.0,159,196.0,872.6673984632272,1.0757409440175631
2902658,Banzaê - BA,11958,290265,2021,BA,2902658.0,88,29.0,735.9090148854324,0.2425154708145175
2902708,Barra - BA,51092,290270,2021,BA,2902708.0,373,422.0,730.0555860017223,0.8259610115086511
2902807,Barra da Estiva - BA,26026,290280,2021,BA,2902807.0,178,299.0,683.9314531622224,1.1488511488511488
2902906,Barra do Choça - BA,36539,290290,2021,BA,2902906.0,271,981.0,741.6732806042858,2.684802539752046
2903003,Barra do Mendes - BA,13836,290300,2021,BA,2903003.0,114,157.0,823.937554206418,1.1347210176351545
2903102,Barra do Rocha - BA,5775,290310,2021,BA,2903102.0,42,127.0,727.2727272727273,2.1991341991341993
2903201,Barreiras - BA,159734,290320,2021,BA,2903201.0,1065,14382.0,666.733444351234,9.003718682309339
2903235,Barro Alto - BA,13453,290323,2021,BA,2903235.0,121,84.0,899.4276369582993,0.6243960454917119
2903276,Barrocas - BA,15203,290327,2021,BA,2903276.0,108,781.0,710.3861080049991,5.137143984739854
2903300,Barro Preto - BA,5833,290330,2021,BA,2903300.0,75,267.0,1285.7877593005314,4.577404423109892
2903409,Belmonte - BA,20121,290340,2021,BA,2903409.0,182,880.0,904.5276079717707,4.3735400825008695
2903508,Belo Campo - BA,18412,290350,2021,BA,2903508.0,150,196.0,814.68607429937,1.06452313708451
2903607,Biritinga - BA,15146,290360,2021,BA,2903607.0,118,196.0,779.0835864254589,1.294071041859237
2903706,Boa Nova - BA,13690,290370,2021,BA,2903706.0,115,127.0,840.0292184075968,0.9276844411979547
2903805,Boa Vista do Tupim - BA,16873,290380,2021,BA,2903805.0,124,98.0,734.9019143009542,0.5808095774313993
2903904,Bom Jesus da Lapa - BA,65550,290390,2021,BA,2903904.0,527,2504.0,803.9664378337146,3.8199847444698705
2903953,Bom Jesus da Serra - BA,9730,290395,2021,BA,2903953.0,79,31.0,811.9218910585818,0.31860226104830425
2904001,Boninal - BA,13622,290400,2021,BA,2904001.0,114,56.0,836.8815151960064,0.41109969167523125
2904050,Bonito - BA,15844,290405,2021,BA,2904050.0,91,97.0,574.3499116384752,0.6122191365816713
2904100,Boquira - BA,19322,290410,2021,BA,2904100.0,163,187.0,843.597971224511,0.9678087154538868
2904209,Botuporã - BA,11024,290420,2021,BA,2904209.0,77,51.0,698.4760522496372,0.46262699564586357
2904308,Brejões - BA,12943,290430,2021,BA,2904308.0,90,151.0,695.35656339334,1.1666537896932705
2904407,Brejolândia - BA,9108,290440,2021,BA,2904407.0,87,38.0,955.2042160737813,0.417215634606939
2904506,Brotas de Macaúbas - BA,11765,290450,2021,BA,2904506.0,122,68.0,1036.9740756481087,0.577985550361241
2904605,Brumado - BA,70510,290460,2021,BA,2904605.0,601,6640.0,852.36136718196,9.417103956885548
2904704,Buerarema - BA,14804,290470,2021,BA,2904704.0,183,600.0,1236.1523912456094,4.05295865982167
2904753,Buritirama - BA,19589,290475,2021,BA,2904753.0,134,65.0,684.0573791413549,0.33181887794170195
2904803,Caatiba - BA,6205,290480,2021,BA,2904803.0,47,50.0,757.453666398066,0.8058017727639
2904852,Cabaceiras do Paraguaçu - BA,16559,290485,2021,BA,2904852.0,124,180.0,748.8374901866055,1.0870221631741048
2904902,Cachoeira - BA,29250,290490,2021,BA,2904902.0,241,910.0,823.9316239316239,3.111111111111111
2905008,Caculé - BA,22462,290500,2021,BA,2905008.0,180,501.0,801.35339684801,2.230433621226961
2905107,Caém - BA,10384,290510,2021,BA,2905107.0,93,54.0,895.608628659476,0.5200308166409862
2905156,Caetanos - BA,11266,290515,2021,BA,2905156.0,73,53.0,647.9673353452866,0.4704420379904137
2905206,Caetité - BA,52012,290520,2021,BA,2905206.0,375,2120.0,720.9874644312852,4.0759824655848655
2905305,Cafarnaum - BA,17466,290530,2021,BA,2905305.0,128,47.0,732.8523989465247,0.269094240238177
2905404,Cairu - BA,17761,290540,2021,BA,2905404.0,78,210.0,439.1644614605034,1.1823658577782783
2905503,Caldeirão Grande - BA,13080,290550,2021,BA,2905503.0,84,57.0,642.2018348623853,0.4357798165137615
2905602,Camacan - BA,22579,290560,2021,BA,2905602.0,268,918.0,1186.9436201780416,4.065724788520306
2905701,Camaçari - BA,300372,290570,2021,BA,2905701.0,2146,72646.0,714.4474185343507,24.18534350738418
2905800,Camamu - BA,30469,290580,2021,BA,2905800.0,272,311.0,892.7106239128294,1.0207095736650367
2905909,Campo Alegre de Lourdes - BA,30671,290590,2021,BA,2905909.0,187,358.0,609.6964559355742,1.1672263701868215
2906006,Campo Formoso - BA,71377,290600,2021,BA,2906006.0,515,3014.0,721.5209381173207,4.222648752399232
2906105,Canápolis - BA,10225,290610,2021,BA,2906105.0,61,65.0,596.5770171149144,0.6356968215158924
2906204,Canarana - BA,24206,290620,2021,BA,2906204.0,202,101.0,834.5038420226391,0.4172519210113195
2906303,Canavieiras - BA,32683,290630,2021,BA,2906303.0,290,492.0,887.3114463176574,1.505369764097543
2906402,Candeal - BA,7772,290640,2021,BA,2906402.0,59,205.0,759.1353576942871,2.637673700463201
2906501,Candeias - BA,72382,290650,2021,BA,2906501.0,667,12602.0,921.4998203973363,17.41040590201984
2906600,Candiba - BA,13016,290660,2021,BA,2906600.0,117,132.0,898.8936693300553,1.014136447449293
2906709,Cândido Sales - BA,25247,290670,2021,BA,2906709.0,228,640.0,903.077593377431,2.5349546480769996
2906808,Cansanção - BA,37439,290680,2021,BA,2906808.0,278,243.0,742.5412003525736,0.6490557974304869
2906824,Canudos - BA,16105,290682,2021,BA,2906824.0,99,79.0,614.715926730829,0.49053089102763114
2906857,Capela do Alto Alegre - BA,10744,290685,2021,BA,2906857.0,86,127.0,800.446760982874,1.1820551005212212
2906873,Capim Grosso - BA,33235,290687,2021,BA,2906873.0,264,338.0,794.3433127726794,1.017000150443809
2906899,Caraíbas - BA,9940,290689,2021,BA,2906899.0,73,38.0,734.4064386317907,0.3822937625754527
2906907,Caravelas - BA,20580,290690,2021,BA,2906907.0,176,1198.0,855.1992225461612,5.821185617103984
2907004,Cardeal da Silva - BA,8365,290700,2021,BA,2907004.0,61,224.0,729.2289300657502,2.6778242677824267
2907103,Carinhanha - BA,28869,290710,2021,BA,2907103.0,222,184.0,768.990959160345,0.6373618760608265
2907202,Casa Nova - BA,72086,290720,2021,BA,2907202.0,474,2219.0,657.5479288627473,3.0782676247815113
2907301,Castro Alves - BA,24712,290730,2021,BA,2907301.0,220,478.0,890.2557461961801,1.934282939462609
2907400,Catolândia - BA,3434,290740,2021,BA,2907400.0,17,19.0,495.0495049504951,0.553290623179965
2907509,Catu - BA,48148,290750,2021,BA,2907509.0,419,8923.0,870.2334468721442,18.532441638281963
2907558,Caturama - BA,8841,290755,2021,BA,2907558.0,88,46.0,995.3625155525393,0.5203031331297365
2907608,Central - BA,16348,290760,2021,BA,2907608.0,140,120.0,856.3738683631025,0.7340347443112307
2907707,Chorrochó - BA,10579,290770,2021,BA,2907707.0,67,59.0,633.3301824369032,0.557708668116079
2907806,Cícero Dantas - BA,30907,290780,2021,BA,2907806.0,293,438.0,948.0053062413045,1.4171546898760798
2907905,Cipó - BA,17230,290790,2021,BA,2907905.0,144,173.0,835.7515960533952,1.004062681369704
2908002,Coaraci - BA,17333,290800,2021,BA,2908002.0,219,982.0,1263.485836266082,5.665493567183985
2908101,Cocos - BA,19151,290810,2021,BA,2908101.0,112,143.0,584.8258576575636,0.7466973004020678
2908200,Conceição da Feira - BA,20800,290820,2021,BA,2908200.0,193,878.0,927.8846153846154,4.221153846153846
2908309,Conceição do Almeida - BA,15794,290830,2021,BA,2908309.0,143,307.0,905.407116626567,1.9437761175129797
2908408,Conceição do Coité - BA,67825,290840,2021,BA,2908408.0,470,1588.0,692.9598230740877,2.341319572429045
2908507,Conceição do Jacuípe - BA,35308,290850,2021,BA,2908507.0,222,3981.0,628.7526906083607,11.275065141044523
2908606,Conde - BA,23654,290860,2021,BA,2908606.0,148,408.0,625.6869874017079,1.724866830134438
2908705,Condeúba - BA,17053,290870,2021,BA,2908705.0,141,317.0,826.8339881545768,1.8589104556383043
2908804,Contendas do Sincorá - BA,4333,290880,2021,BA,2908804.0,42,39.0,969.3053311793215,0.9000692360950842
2908903,Coração de Maria - BA,26692,290890,2021,BA,2908903.0,182,1086.0,681.852240371647,4.068634796942904
2909000,Cordeiros - BA,7546,290900,2021,BA,2909000.0,47,85.0,622.8465412138881,1.1264245958123509
2909109,Coribe - BA,13990,290910,2021,BA,2909109.0,104,61.0,743.3881343817012,0.43602573266619016
2909208,Coronel João Sá - BA,17056,290920,2021,BA,2909208.0,101,51.0,592.1669793621013,0.29901500938086306
2909307,Correntina - BA,32457,290930,2021,BA,2909307.0,173,523.0,533.0129093878054,1.6113627260683365
2909406,Cotegipe - BA,13063,290940,2021,BA,2909406.0,99,28.0,757.8657276276506,0.21434586235933553
2909505,Cravolândia - BA,4415,290950,2021,BA,2909505.0,32,35.0,724.80181200453,0.7927519818799547
2909604,Crisópolis - BA,19729,290960,2021,BA,2909604.0,162,101.0,821.1262608343048,0.511936742865832
2909703,Cristópolis - BA,13993,290970,2021,BA,2909703.0,100,45.0,714.6430358036162,0.32158936611162725
2909802,Cruz das Almas - BA,60348,290980,2021,BA,2909802.0,457,4652.0,757.2744747133294,7.70862331808842
2909901,Curaçá - BA,34180,290990,2021,BA,2909901.0,218,987.0,637.7998829724985,2.88765359859567
2910008,Dário Meira - BA,10820,291000,2021,BA,2910008.0,92,23.0,850.2772643253234,0.21256931608133084
2910057,Dias d'Ávila - BA,71485,291005,2021,BA,2910057.0,580,10258.0,811.3590263691683,14.349863607749876
2910107,Dom Basílio - BA,11884,291010,2021,BA,2910107.0,84,275.0,706.8327162571525,2.3140356782228206
2910206,Dom Macedo Costa - BA,4407,291020,2021,BA,2910206.0,48,106.0,1089.1763104152485,2.405264352167007
2910305,Elísio Medrado - BA,7808,291030,2021,BA,2910305.0,64,139.0,819.672131147541,1.7802254098360657
2910404,Encruzilhada - BA,19107,291040,2021,BA,2910404.0,154,144.0,805.9873344847438,0.753650494583137
2910503,Entre Rios - BA,38098,291050,2021,BA,2910503.0,282,2328.0,740.1963357656571,6.110556984618616
2910602,Esplanada - BA,32554,291060,2021,BA,2910602.0,207,594.0,635.8665601769368,1.8246605639859925
2910701,Euclides da Cunha - BA,61456,291070,2021,BA,2910701.0,440,1252.0,715.9593855766727,2.0372298880499873
2910727,Eunápolis - BA,113710,291072,2021,BA,2910727.0,952,20467.0,837.21748307097,17.99929645589658
2910750,Fátima - BA,17895,291075,2021,BA,2910750.0,129,112.0,720.8717518860017,0.6258731489242805
2910776,Feira da Mata - BA,5631,291077,2021,BA,2910776.0,41,21.0,728.1122358373291,0.37293553542887586
2910800,Feira de Santana - BA,616272,291080,2021,BA,2910800.0,4669,137926.0,757.6200119427785,22.38070202767609
2910859,Filadélfia - BA,17897,291085,2021,BA,2910859.0,128,184.0,715.2036654187852,1.0281052690395038
2910909,Firmino Alves - BA,4873,291090,2021,BA,2910909.0,51,38.0,1046.583213626103,0.779807100348861
2911006,Floresta Azul - BA,11059,291100,2021,BA,2911006.0,94,211.0,849.9864363866534,1.9079482774211052
2911105,Formosa do Rio Preto - BA,25899,291110,2021,BA,2911105.0,136,609.0,525.1167998764431,2.35144214062319
2911204,Gandu - BA,32178,291120,2021,BA,2911204.0,244,705.0,758.2820560631487,2.1909379078873763
2911253,Gavião - BA,4360,291125,2021,BA,2911253.0,46,23.0,1055.045871559633,0.5275229357798166
2911303,Gentio do Ouro - BA,10884,291130,2021,BA,2911303.0,81,59.0,744.2116868798236,0.5420801176038221
2911402,Glória - BA,15524,291140,2021,BA,2911402.0,125,162.0,805.2048441123421,1.0435454779695954
2911501,Gongogi - BA,5555,291150,2021,BA,2911501.0,64,81.0,1152.115211521152,1.458145814581458
2911600,Governador Mangabeira - BA,20605,291160,2021,BA,2911600.0,183,427.0,888.1339480708565,2.0723125454986655
2911659,Guajeru - BA,8050,291165,2021,BA,2911659.0,61,22.0,757.7639751552796,0.27329192546583847
2911709,Guanambi - BA,87817,291170,2021,BA,2911709.0,688,4681.0,783.4473962900122,5.330402997141784
2911808,Guaratinga - BA,19049,291180,2021,BA,2911808.0,149,349.0,782.1932909864036,1.832117171505066
2911857,Heliópolis - BA,12309,291185,2021,BA,2911857.0,75,36.0,609.3102607847917,0.2924689251767
2911907,Iaçu - BA,24607,291190,2021,BA,2911907.0,245,469.0,995.6516438411833,1.9059617182102653
2912004,Ibiassucê - BA,10429,291200,2021,BA,2912004.0,85,79.0,815.034998561703,0.7575031163102887
2912103,Ibicaraí - BA,21665,291210,2021,BA,2912103.0,242,836.0,1117.009000692361,3.858758366028156
2912202,Ibicoara - BA,20785,291220,2021,BA,2912202.0,83,140.0,399.3264373346163,0.6735626653836901
2912301,Ibicuí - BA,13934,291230,2021,BA,2912301.0,131,178.0,940.1464044782546,1.2774508396727429
2912400,Ibipeba - BA,16603,291240,2021,BA,2912400.0,121,29.0,728.7839547069807,0.17466722881406974
2912509,Ibipitanga - BA,13863,291250,2021,BA,2912509.0,104,40.0,750.198369761235,0.2885378345235519
2912608,Ibiquera - BA,3725,291260,2021,BA,2912608.0,29,14.0,778.5234899328859,0.37583892617449666
2912707,Ibirapitanga - BA,25344,291270,2021,BA,2912707.0,184,261.0,726.010101010101,1.0298295454545454
2912806,Ibirapuã - BA,8896,291280,2021,BA,2912806.0,82,500.0,921.7625899280575,5.620503597122302
2912905,Ibirataia - BA,18792,291290,2021,BA,2912905.0,193,256.0,1027.0327799063432,1.362281822051937
2913002,Ibitiara - BA,14637,291300,2021,BA,2913002.0,128,65.0,874.4961399193825,0.4440800710528114
2913101,Ibititá - BA,16969,291310,2021,BA,2913101.0,120,113.0,707.1719017031057,0.6659202074370911
2913200,Ibotirama - BA,26309,291320,2021,BA,2913200.0,233,535.0,885.6284921509749,2.0335246493595345
2913309,Ichu - BA,6190,291330,2021,BA,2913309.0,48,68.0,775.4442649434571,1.098546042003231
2913408,Igaporã - BA,15527,291340,2021,BA,2913408.0,92,122.0,592.5162619952341,0.7857280865588974
2913457,Igrapiúna - BA,13151,291345,2021,BA,2913457.0,64,345.0,486.6550072237853,2.623374648315717
2913507,Iguaí - BA,21491,291350,2021,BA,2913507.0,191,206.0,888.7441254478618,0.9585407845144479
2913606,Ilhéus - BA,178649,291360,2021,BA,2913606.0,1742,24368.0,975.0964181159704,13.640154716791026
2913705,Inhambupe - BA,33790,291370,2021,BA,2913705.0,270,1152.0,799.0529742527374,3.4092926901450133
2913804,Ipecaetá - BA,13709,291380,2021,BA,2913804.0,111,194.0,809.687066890364,1.4151287475381136
2913903,Ipiaú - BA,40706,291390,2021,BA,2913903.0,417,3295.0,1024.419004569351,8.094629784306981
2914000,Ipirá - BA,56876,291400,2021,BA,2914000.0,493,1507.0,866.7979464097334,2.649623742879246
2914109,Ipupiara - BA,9935,291410,2021,BA,2914109.0,87,46.0,875.691997986915,0.463009562154001
2914208,Irajuba - BA,6101,291420,2021,BA,2914208.0,50,23.0,819.5377806916898,0.3769873791181773
2914307,Iramaia - BA,10752,291430,2021,BA,2914307.0,68,99.0,632.4404761904761,0.9207589285714286
2914406,Iraquara - BA,23879,291440,2021,BA,2914406.0,194,420.0,812.4293312115248,1.758867624272373
2914505,Irará - BA,28043,291450,2021,BA,2914505.0,225,1035.0,802.3392647006383,3.690760617622936
2914604,Irecê - BA,74507,291460,2021,BA,2914604.0,549,3294.0,736.8435180587059,4.4210611083522355
2914653,Itabela - BA,28165,291465,2021,BA,2914653.0,308,1479.0,1093.5558317060181,5.2511982957571455
2914703,Itaberaba - BA,65073,291470,2021,BA,2914703.0,551,3002.0,846.741352020039,4.61328046962642
2914802,Itabuna - BA,186708,291480,2021,BA,2914802.0,2024,38402.0,1084.0456756004028,20.567945669173255
2914901,Itacaré - BA,27704,291490,2021,BA,2914901.0,135,609.0,487.2942535373953,2.198238521513139
2915007,Itaeté - BA,13472,291500,2021,BA,2915007.0,97,114.0,720.0118764845605,0.8461995249406176
2915106,Itagi - BA,13803,291510,2021,BA,2915106.0,127,69.0,920.089835542998,0.49989132797217994
2915205,Itagibá - BA,15310,291520,2021,BA,2915205.0,133,1242.0,868.7132593076421,8.112344872632267
2915304,Itagimirim - BA,6347,291530,2021,BA,2915304.0,71,409.0,1118.6387269576178,6.443989286276981
2915353,Itaguaçu da Bahia - BA,12311,291535,2021,BA,2915353.0,81,30.0,657.948176427585,0.24368450978799447
2915403,Itaju do Colônia - BA,6037,291540,2021,BA,2915403.0,59,73.0,977.3066092430015,1.2092098724532052
2915502,Itajuípe - BA,18781,291550,2021,BA,2915502.0,238,1100.0,1267.23816623183,5.8569831212395504
2915601,Itamaraju - BA,59605,291560,2021,BA,2915601.0,596,2776.0,999.9161144199312,4.657327405419009
2915700,Itamari - BA,7051,291570,2021,BA,2915700.0,56,31.0,794.2135867252871,0.4396539497943554
2915809,Itambé - BA,24394,291580,2021,BA,2915809.0,212,377.0,869.0661638107732,1.5454619988521767
2915908,Itanagra - BA,5914,291590,2021,BA,2915908.0,36,101.0,608.725059181603,1.7078119715928306
2916005,Itanhém - BA,17813,291600,2021,BA,2916005.0,177,391.0,993.656318419132,2.1950261045303994
2916104,Itaparica - BA,19789,291610,2021,BA,2916104.0,190,810.0,960.1293647986255,4.093183081509929
2916203,Itapé - BA,10341,291620,2021,BA,2916203.0,103,303.0,996.0351996905521,2.9300841311285177
2916302,Itapebi - BA,9174,291630,2021,BA,2916302.0,90,342.0,981.0333551340744,3.727926749509483
2916401,Itapetinga - BA,65897,291640,2021,BA,2916401.0,637,4005.0,966.660090747682,6.0776666616082675
2916500,Itapicuru - BA,31679,291650,2021,BA,2916500.0,196,58.0,618.7063985605606,0.18308658732914548
2916609,Itapitanga - BA,10279,291660,2021,BA,2916609.0,72,86.0,700.4572429224633,0.8366572623796089
2916708,Itaquara - BA,8153,291670,2021,BA,2916708.0,53,44.0,650.0674598307371,0.5396786458972158
2916807,Itarantim - BA,17052,291680,2021,BA,2916807.0,141,494.0,826.8824771287826,2.897020877316444
2916856,Itatim - BA,15737,291685,2021,BA,2916856.0,113,471.0,718.0529961237847,2.9929465590646247
2916906,Itiruçu - BA,10999,291690,2021,BA,2916906.0,104,121.0,945.5405036821528,1.1001000090917357
2917003,Itiúba - BA,33872,291700,2021,BA,2917003.0,290,417.0,856.1643835616438,1.2311053377420877
2917102,Itororó - BA,16617,291710,2021,BA,2917102.0,176,495.0,1059.1562857314798,2.978877053619787
2917201,Ituaçu - BA,17914,291720,2021,BA,2917201.0,150,215.0,837.3339287707938,1.2001786312381377
2917300,Ituberá - BA,21902,291730,2021,BA,2917300.0,179,446.0,817.2769610081272,2.0363437129029314
2917334,Iuiu - BA,11118,291733,2021,BA,2917334.0,76,47.0,683.5761827666846,0.42273790250044974
2917359,Jaborandi - BA,9275,291735,2021,BA,2917359.0,49,89.0,528.3018867924528,0.9595687331536389
2917409,Jacaraci - BA,14436,291740,2021,BA,2917409.0,119,83.0,824.3280687170961,0.5749515101136049
2917508,Jacobina - BA,82590,291750,2021,BA,2917508.0,724,10463.0,876.6194454534448,12.668603947209107
2917607,Jaguaquara - BA,45964,291760,2021,BA,2917607.0,450,777.0,979.0270646592986,1.6904533983117223
2917706,Jaguarari - BA,32703,291770,2021,BA,2917706.0,265,9848.0,810.3232119377426,30.113445249671283
2917805,Jaguaripe - BA,17659,291780,2021,BA,2917805.0,120,85.0,679.5401778130132,0.48134095928421766
2917904,Jandaíra - BA,9285,291790,2021,BA,2917904.0,62,49.0,667.7436725901993,0.5277329025309638
2918001,Jequié - BA,158813,291800,2021,BA,2918001.0,1404,11118.0,884.0586098115393,7.0006863417982155
2918100,Jeremoabo - BA,37626,291810,2021,BA,2918100.0,279,341.0,741.5085313347154,0.9062882049646521
2918209,Jiquiriçá - BA,13629,291820,2021,BA,2918209.0,116,78.0,851.1262748550885,0.572309046885318
2918308,Jitaúna - BA,14355,291830,2021,BA,2918308.0,134,187.0,933.4726576105887,1.3026819923371646
2918357,João Dourado - BA,24854,291835,2021,BA,2918357.0,195,253.0,784.5819586384484,1.0179447976180895
2918407,Juazeiro - BA,237821,291840,2021,BA,2918407.0,1761,33181.0,740.4728766593362,13.952090017281904
2918456,Jucuruçu - BA,9655,291845,2021,BA,2918456.0,61,19.0,631.7969963749352,0.1967892283790782
2918506,Jussara - BA,16354,291850,2021,BA,2918506.0,109,86.0,666.5036076800783,0.5258652317475847
2918555,Jussari - BA,5888,291855,2021,BA,2918555.0,54,95.0,917.1195652173914,1.6134510869565215
2918605,Jussiape - BA,7379,291860,2021,BA,2918605.0,79,48.0,1070.605773139992,0.6504946469711342
2918704,Lafaiete Coutinho - BA,4075,291870,2021,BA,2918704.0,25,41.0,613.4969325153374,1.0061349693251533
2918753,Lagoa Real - BA,14105,291875,2021,BA,2918753.0,62,37.0,439.56043956043953,0.2623183268344559
2918803,Laje - BA,21052,291880,2021,BA,2918803.0,192,263.0,912.0273608208246,1.2492874786243586
2918902,Lajedão - BA,3845,291890,2021,BA,2918902.0,36,75.0,936.2808842652795,1.950585175552666
2919009,Lajedinho - BA,3527,291900,2021,BA,2919009.0,31,8.0,878.9339381910971,0.22682166146867025
2919058,Lajedo do Tabocal - BA,7494,291905,2021,BA,2919058.0,60,25.0,800.6405124099279,0.33360021350413666
2919108,Lamarão - BA,9015,291910,2021,BA,2919108.0,66,74.0,732.1131447587354,0.8208541320022186
2919157,Lapão - BA,25736,291915,2021,BA,2919157.0,230,207.0,893.6897730805098,0.8043207957724587
2919207,Lauro de Freitas - BA,203331,291920,2021,BA,2919207.0,1604,74552.0,788.8615115255421,36.66533878257619
2919306,Lençóis - BA,10774,291930,2021,BA,2919306.0,53,225.0,491.9250046408019,2.0883608687581217
2919405,Licínio de Almeida - BA,11834,291940,2021,BA,2919405.0,95,219.0,802.7716748352206,1.8505999661990873
2919504,Livramento de Nossa Senhora - BA,43903,291950,2021,BA,2919504.0,338,733.0,769.8790515454525,1.6695897774639545
2919553,Luís Eduardo Magalhães - BA,107909,291955,2021,BA,2919553.0,437,7242.0,404.9708550723295,6.711210371702083
2919603,Macajuba - BA,10454,291960,2021,BA,2919603.0,93,93.0,889.6116319112301,0.8896116319112302
2919702,Macarani - BA,21599,291970,2021,BA,2919702.0,137,749.0,634.2886244733553,3.467753136719293
2919801,Macaúbas - BA,41859,291980,2021,BA,2919801.0,320,480.0,764.4712009364772,1.1467068014047157
2919900,Macururé - BA,7256,291990,2021,BA,2919900.0,49,25.0,675.303197353914,0.34454244762954794
2919926,Madre de Deus - BA,18504,291992,2021,BA,2919926.0,132,1649.0,713.3592736705577,8.911586683960225
2919959,Maetinga - BA,6973,291995,2021,BA,2919959.0,66,74.0,946.5079592714757,1.0612361967589274
2920007,Maiquinique - BA,8731,292000,2021,BA,2920007.0,87,279.0,996.4494330546329,3.1955102508303748
2920106,Mairi - BA,17674,292010,2021,BA,2920106.0,115,205.0,650.6733054203916,1.1598958922711327
2920205,Malhada - BA,15398,292020,2021,BA,2920205.0,109,110.0,707.8841407975061,0.7143784907130796
2920304,Malhada de Pedras - BA,8670,292030,2021,BA,2920304.0,66,38.0,761.2456747404844,0.4382929642445213
2920403,Manoel Vitorino - BA,13860,292040,2021,BA,2920403.0,127,111.0,916.3059163059163,0.8008658008658008
2920452,Mansidão - BA,13919,292045,2021,BA,2920452.0,63,25.0,452.61872260938287,0.17961060421007258
2920502,Maracás - BA,27620,292050,2021,BA,2920502.0,234,1942.0,847.2121650977552,7.031136857349747
2920601,Maragogipe - BA,35859,292060,2021,BA,2920601.0,277,522.0,772.4699517554868,1.4557014975320004
2920700,Maraú - BA,24527,292070,2021,BA,2920700.0,113,233.0,460.71676112039796,0.9499734985933869
2920809,Marcionílio Souza - BA,9267,292080,2021,BA,2920809.0,78,25.0,841.6963418582067,0.26977446854429693
2920908,Mascote - BA,13544,292090,2021,BA,2920908.0,106,108.0,782.6343768458357,0.7974010632014176
2921005,Mata de São João - BA,42566,292100,2021,BA,2921005.0,352,5058.0,826.9510877225956,11.882723300286614
2921054,Matina - BA,10330,292105,2021,BA,2921054.0,80,156.0,774.4433688286545,1.510164569215876
2921104,Medeiros Neto - BA,22194,292110,2021,BA,2921104.0,230,800.0,1036.3161214742722,3.604577813823556
2921203,Miguel Calmon - BA,24661,292120,2021,BA,2921203.0,244,514.0,989.416487571469,2.084262600867767
2921302,Milagres - BA,11071,292130,2021,BA,2921302.0,105,116.0,948.4238099539338,1.0477824948062506
2921401,Mirangaba - BA,15734,292140,2021,BA,2921401.0,98,65.0,622.8549637727215,0.413118088216601
2921450,Mirante - BA,10187,292145,2021,BA,2921450.0,57,75.0,559.5366643761657,0.7362324531265338
2921500,Monte Santo - BA,47780,292150,2021,BA,2921500.0,396,245.0,828.7986605274174,0.512766848053579
2921609,Morpará - BA,7996,292160,2021,BA,2921609.0,92,27.0,1150.575287643822,0.3376688344172086
2921708,Morro do Chapéu - BA,33594,292170,2021,BA,2921708.0,234,590.0,696.5529558849794,1.7562659998809311
2921807,Mortugaba - BA,11143,292180,2021,BA,2921807.0,111,80.0,996.1410751144217,0.7179395135959795
2921906,Mucugê - BA,12137,292190,2021,BA,2921906.0,76,150.0,626.1843948257394,1.2358902529455384
2922003,Mucuri - BA,37977,292200,2021,BA,2922003.0,236,6917.0,621.4287595123365,18.213655633673014
2922052,Mulungu do Morro - BA,13152,292205,2021,BA,2922052.0,89,38.0,676.7031630170317,0.2889294403892944
2922102,Mundo Novo - BA,17305,292210,2021,BA,2922102.0,138,269.0,797.4573822594626,1.554464027737648
2922201,Muniz Ferreira - BA,7190,292220,2021,BA,2922201.0,59,167.0,820.5841446453408,2.322670375521558
2922250,Muquém do São Francisco - BA,10443,292225,2021,BA,2922250.0,60,30.0,574.5475438092502,0.2872737719046251
2922300,Muritiba - BA,28707,292230,2021,BA,2922300.0,263,897.0,916.1528547044275,3.124673424600272
2922409,Mutuípe - BA,20037,292240,2021,BA,2922409.0,205,456.0,1023.1072515845684,2.2757897888905525
2922508,Nazaré - BA,27060,292250,2021,BA,2922508.0,246,934.0,909.090909090909,3.451589061345159
2922607,Nilo Peçanha - BA,12063,292260,2021,BA,2922607.0,89,55.0,737.7932520931774,0.45593965016994115
2922656,Nordestina - BA,18523,292265,2021,BA,2922656.0,131,585.0,707.2288506181504,3.1582357069589158
2922706,Nova Canaã - BA,13715,292270,2021,BA,2922706.0,124,128.0,904.1195771053591,0.9332847247539191
2922730,Nova Fátima - BA,7967,292273,2021,BA,2922730.0,56,98.0,702.8994602736287,1.2300740554788503
2922755,Nova Ibiá - BA,6501,292275,2021,BA,2922755.0,56,26.0,861.4059375480696,0.3999384710044608
2922805,Nova Itarana - BA,7780,292280,2021,BA,2922805.0,59,57.0,758.3547557840617,0.7326478149100257
2922854,Nova Redenção - BA,7538,292285,2021,BA,2922854.0,58,33.0,769.4348633589811,0.4377819050145927
2922904,Nova Soure - BA,24236,292290,2021,BA,2922904.0,162,174.0,668.4271331902954,0.7179402541673543
2923001,Nova Viçosa - BA,39509,292300,2021,BA,2923001.0,223,4204.0,564.4283580956238,10.640613531094182
2923035,Novo Horizonte - BA,11162,292303,2021,BA,2923035.0,96,97.0,860.0609209819029,0.8690198889087977
2923050,Novo Triunfo - BA,10660,292305,2021,BA,2923050.0,63,21.0,590.9943714821763,0.19699812382739215
2923100,Olindina - BA,22633,292310,2021,BA,2923100.0,206,154.0,910.1754075906863,0.6804223920823577
2923209,Oliveira dos Brejinhos - BA,20715,292320,2021,BA,2923209.0,174,114.0,839.9710354815352,0.5503258508327299
2923308,Ouriçangas - BA,7716,292330,2021,BA,2923308.0,55,236.0,712.8045619491965,3.0585795749092792
2923357,Ourolândia - BA,19243,292335,2021,BA,2923357.0,136,198.0,706.7505066777529,1.0289455906043756
2923407,Palmas de Monte Alto - BA,20078,292340,2021,BA,2923407.0,177,142.0,881.5619085566292,0.7072417571471262
2923506,Palmeiras - BA,10339,292350,2021,BA,2923506.0,74,154.0,715.7365315794564,1.4895057549085984
2923605,Paramirim - BA,20351,292360,2021,BA,2923605.0,155,260.0,761.6333349712545,1.2775784973711366
2923704,Paratinga - BA,29252,292370,2021,BA,2923704.0,194,130.0,663.2025160672774,0.4444140571584849
2923803,Paripiranga - BA,26604,292380,2021,BA,2923803.0,213,531.0,800.6314839873704,1.9959404600811907
2923902,Pau Brasil - BA,9370,292390,2021,BA,2923902.0,83,93.0,885.8057630736392,0.9925293489861259
2924009,Paulo Afonso - BA,112870,292400,2021,BA,2924009.0,982,9035.0,870.0274652254807,8.004784265083725
2924058,Pé de Serra - BA,13243,292405,2021,BA,2924058.0,105,126.0,792.8717058068413,0.9514460469682096
2924108,Pedrão - BA,6235,292410,2021,BA,2924108.0,42,50.0,673.6166800320769,0.8019246190858059
2924207,Pedro Alexandre - BA,13954,292420,2021,BA,2924207.0,76,32.0,544.6466962878028,0.22932492475275906
2924306,Piatã - BA,20086,292430,2021,BA,2924306.0,163,202.0,811.5105048292344,1.0056755949417506
2924405,Pilão Arcado - BA,35357,292440,2021,BA,2924405.0,183,129.0,517.5778487993891,0.36484995898973327
2924504,Pindaí - BA,14731,292450,2021,BA,2924504.0,114,158.0,773.8782160070599,1.0725680537641709
2924603,Pindobaçu - BA,19083,292460,2021,BA,2924603.0,156,166.0,817.4815280616256,0.8698841901168579
2924652,Pintadas - BA,10325,292465,2021,BA,2924652.0,74,141.0,716.7070217917675,1.3656174334140436
2924678,Piraí do Norte - BA,10974,292467,2021,BA,2924678.0,56,25.0,510.2970657918717,0.227811190085657
2924702,Piripá - BA,9152,292470,2021,BA,2924702.0,87,181.0,950.6118881118882,1.9777097902097904
2924801,Piritiba - BA,17566,292480,2021,BA,2924801.0,153,225.0,871.0007969941933,1.2808835249914607
2924900,Planaltino - BA,8022,292490,2021,BA,2924900.0,50,52.0,623.2859636000996,0.6482174021441036
2925006,Planalto - BA,23334,292500,2021,BA,2925006.0,204,700.0,874.2607354075598,2.9999142881631955
2925105,Poções - BA,48293,292510,2021,BA,2925105.0,453,1261.0,938.0241442859214,2.611144472283768
2925204,Pojuca - BA,32136,292520,2021,BA,2925204.0,257,7253.0,799.7261638038337,22.569703759024147
2925253,Ponto Novo - BA,17938,292525,2021,BA,2925253.0,136,104.0,758.1670197346416,0.5797747797970788
2925303,Porto Seguro - BA,168326,292530,2021,BA,2925303.0,1034,11598.0,614.2841866378337,6.890201157278139
2925402,Potiraguá - BA,10274,292540,2021,BA,2925402.0,70,73.0,681.3315164492894,0.7105314385828305
2925501,Prado - BA,35003,292550,2021,BA,2925501.0,303,823.0,865.6400879924578,2.3512270376824844
2925600,Presidente Dutra - BA,15130,292560,2021,BA,2925600.0,127,264.0,839.391936549901,1.7448777263714477
2925709,Presidente Jânio Quadros - BA,12621,292570,2021,BA,2925709.0,96,65.0,760.6370335155692,0.5150146581095001
2925758,Presidente Tancredo Neves - BA,27734,292575,2021,BA,2925758.0,174,167.0,627.3887646931564,0.6021489868032018
2925808,Queimadas - BA,25988,292580,2021,BA,2925808.0,224,233.0,861.9362782822841,0.896567646606126
2925907,Quijingue - BA,25272,292590,2021,BA,2925907.0,191,93.0,755.7771446660336,0.3679962013295347
2925931,Quixabeira - BA,9461,292593,2021,BA,2925931.0,60,28.0,634.1824331466019,0.2959518021350809
2925956,Rafael Jambeiro - BA,19662,292595,2021,BA,2925956.0,159,236.0,808.6664632285627,1.2002848133455397
2926004,Remanso - BA,40586,292600,2021,BA,2926004.0,307,777.0,756.4184694229538,1.9144532597447397
2926103,Retirolândia - BA,13651,292610,2021,BA,2926103.0,134,86.0,981.61306863966,0.62999047688814
2926202,Riachão das Neves - BA,21642,292620,2021,BA,2926202.0,201,131.0,928.7496534516218,0.6053045005082709
2926301,Riachão do Jacuípe - BA,33386,292630,2021,BA,2926301.0,320,949.0,958.4855927634337,2.8425088360390585
2926400,Riacho de Santana - BA,30711,292640,2021,BA,2926400.0,257,368.0,836.8337077919964,1.1982677216632476
2926509,Ribeira do Amparo - BA,13841,292650,2021,BA,2926509.0,110,35.0,794.7402644317607,0.2528719023191966
2926608,Ribeira do Pombal - BA,54010,292660,2021,BA,2926608.0,369,2027.0,683.2068135530458,3.753008702092205
2926657,Ribeirão do Largo - BA,9740,292665,2021,BA,2926657.0,58,88.0,595.482546201232,0.9034907597535934
2926707,Rio de Contas - BA,13184,292670,2021,BA,2926707.0,120,189.0,910.1941747572815,1.4335558252427185
2926806,Rio do Antônio - BA,13146,292680,2021,BA,2926806.0,109,95.0,829.1495511942796,0.7226532785638217
2926905,Rio do Pires - BA,10497,292690,2021,BA,2926905.0,71,52.0,676.383728684386,0.4953796322758884
2927002,Rio Real - BA,35362,292700,2021,BA,2927002.0,288,746.0,814.4335727617215,2.1096091850008483
2927101,Rodelas - BA,10308,292710,2021,BA,2927101.0,67,59.0,649.9805975941016,0.5723709740007761
2927200,Ruy Barbosa - BA,28282,292720,2021,BA,2927200.0,298,355.0,1053.6737147302172,1.2552153313061312
2927309,Salinas da Margarida - BA,14987,292730,2021,BA,2927309.0,115,264.0,767.3316874624675,1.7615266564355774
2927408,Salvador - BA,2417678,292740,2021,BA,2927408.0,22328,810765.0,923.5307596793286,33.53486278983388
2927507,Santa Bárbara - BA,20952,292750,2021,BA,2927507.0,170,636.0,811.3783886979763,3.0355097365406642
2927606,Santa Brígida - BA,14965,292760,2021,BA,2927606.0,117,70.0,781.8242565987304,0.4677581022385567
2927705,Santa Cruz Cabrália - BA,29185,292770,2021,BA,2927705.0,222,1055.0,760.6647250299811,3.614870652732568
2927804,Santa Cruz da Vitória - BA,4681,292780,2021,BA,2927804.0,56,84.0,1196.32557145909,1.794488357188635
2927903,Santa Inês - BA,10300,292790,2021,BA,2927903.0,122,230.0,1184.4660194174758,2.233009708737864
2928000,Santaluz - BA,37834,292800,2021,BA,2928000.0,271,2149.0,716.286937675107,5.6800761220066605
2928059,Santa Luzia - BA,13896,292805,2021,BA,2928059.0,110,218.0,791.5947035118019,1.568796776050662
2928109,Santa Maria da Vitória - BA,38604,292810,2021,BA,2928109.0,332,753.0,860.0145062687805,1.9505750699409388
2928208,Santana - BA,24755,292820,2021,BA,2928208.0,183,342.0,739.2445970511008,1.3815390830135326
2928307,Santanópolis - BA,8716,292830,2021,BA,2928307.0,66,159.0,757.2280862781092,1.8242312987608995
2928406,Santa Rita de Cássia - BA,27390,292840,2021,BA,2928406.0,208,162.0,759.4012413289521,0.5914567360350493
2928505,Santa Terezinha - BA,10441,292850,2021,BA,2928505.0,82,81.0,785.3653864572359,0.7757877597931233
2928604,Santo Amaro - BA,56012,292860,2021,BA,2928604.0,509,3725.0,908.7338427479826,6.650360637006355
2928703,Santo Antônio de Jesus - BA,103055,292870,2021,BA,2928703.0,781,9625.0,757.8477512008151,9.339672990150891
2928802,Santo Estêvão - BA,52276,292880,2021,BA,2928802.0,429,2218.0,820.6442727064044,4.242864794551993
2928901,São Desidério - BA,32828,292890,2021,BA,2928901.0,212,491.0,645.7901791153893,1.495674424271963
2928950,São Domingos - BA,8426,292895,2021,BA,2928950.0,62,66.0,735.8177070970804,0.7832898172323759
2929008,São Félix - BA,11026,292900,2021,BA,2929008.0,75,174.0,680.2104117540359,1.5780881552693633
2929057,São Félix do Coribe - BA,15194,292905,2021,BA,2929057.0,120,180.0,789.7854416216928,1.1846781624325393
2929107,São Felipe - BA,20283,292910,2021,BA,2929107.0,169,388.0,833.2100774047232,1.9129320120297788
2929206,São Francisco do Conde - BA,38733,292920,2021,BA,2929206.0,272,1510.0,702.2435649188031,3.898484496424238
2929255,São Gabriel - BA,18600,292925,2021,BA,2929255.0,130,145.0,698.9247311827958,0.7795698924731183
2929305,São Gonçalo dos Campos - BA,39513,292930,2021,BA,2929305.0,234,3025.0,592.2101586819527,7.655708247918406
2929354,São José da Vitória - BA,5315,292935,2021,BA,2929354.0,66,78.0,1241.7685794920037,1.4675446848541864
2929370,São José do Jacuípe - BA,10187,292937,2021,BA,2929370.0,61,48.0,598.8023952095808,0.47118877000098164
2929404,São Miguel das Matas - BA,10334,292940,2021,BA,2929404.0,91,174.0,880.5883491387654,1.683762337913683
2929503,São Sebastião do Passé - BA,40958,292950,2021,BA,2929503.0,340,4477.0,830.1186581376043,10.930709507300161
2929602,Sapeaçu - BA,17963,292960,2021,BA,2929602.0,170,400.0,946.3898012581417,2.226799532372098
2929701,Sátiro Dias - BA,16008,292970,2021,BA,2929701.0,126,46.0,787.1064467766116,0.28735632183908044
2929750,Saubara - BA,11438,292975,2021,BA,2929750.0,110,216.0,961.7065920615493,1.8884420353208604
2929800,Saúde - BA,10478,292980,2021,BA,2929800.0,92,109.0,878.0301584271807,1.040274861614812
2929909,Seabra - BA,46160,292990,2021,BA,2929909.0,386,1009.0,836.2218370883882,2.1858752166377817
2930006,Sebastião Laranjeiras - BA,9360,293000,2021,BA,2930006.0,65,14.0,694.4444444444445,0.1495726495726496
2930105,Senhor do Bonfim - BA,74523,293010,2021,BA,2930105.0,665,5003.0,892.3419615420743,6.713363659541349
2930154,Serra do Ramalho - BA,34222,293015,2021,BA,2930154.0,232,136.0,677.9264800420782,0.397405177955701
2930204,Sento Sé - BA,38154,293020,2021,BA,2930204.0,247,713.0,647.3764218692667,1.868742464748126
2930303,Serra Dourada - BA,17066,293030,2021,BA,2930303.0,125,78.0,732.4504863471229,0.45704910348060473
2930402,Serra Preta - BA,17996,293040,2021,BA,2930402.0,144,270.0,800.1778172927318,1.500333407423872
2930501,Serrinha - BA,80435,293050,2021,BA,2930501.0,622,6716.0,773.2952073102506,8.34959905513769
2930600,Serrolândia - BA,13335,293060,2021,BA,2930600.0,138,121.0,1034.8706411698538,0.9073865766779152
2930709,Simões Filho - BA,114559,293070,2021,BA,2930709.0,894,18186.0,780.3839069824282,15.874789409823759
2930758,Sítio do Mato - BA,13408,293075,2021,BA,2930758.0,88,26.0,656.3245823389021,0.19391408114558473
2930766,Sítio do Quinto - BA,14773,293076,2021,BA,2930766.0,76,19.0,514.452040885399,0.12861301022134974
2930774,Sobradinho - BA,25475,293077,2021,BA,2930774.0,216,1796.0,847.8900883218843,7.050049067713444
2930808,Souto Soares - BA,17054,293080,2021,BA,2930808.0,128,42.0,750.5570540635628,0.24627653336460656
2930907,Tabocas do Brejo Velho - BA,11979,293090,2021,BA,2930907.0,57,61.0,475.8327072376659,0.5092244761666249
2931004,Tanhaçu - BA,21006,293100,2021,BA,2931004.0,158,441.0,752.1660477958678,2.0994001713796058
2931053,Tanque Novo - BA,17158,293105,2021,BA,2931053.0,131,80.0,763.4922485138128,0.46625480825271015
2931103,Tanquinho - BA,7717,293110,2021,BA,2931103.0,75,238.0,971.8802643514318,3.084100038875211
2931202,Taperoá - BA,18044,293120,2021,BA,2931202.0,126,136.0,698.2930614054533,0.7537131456439814
2931301,Tapiramutá - BA,15818,293130,2021,BA,2931301.0,76,69.0,480.4652927045138,0.43621191048172964
2931350,Teixeira de Freitas - BA,145216,293135,2021,BA,2931350.0,1300,21226.0,895.2181577787571,14.616846628470693
2931400,Teodoro Sampaio - BA,7110,293140,2021,BA,2931400.0,79,107.0,1111.111111111111,1.5049226441631505
2931509,Teofilândia - BA,21176,293150,2021,BA,2931509.0,135,2031.0,637.5141669814885,9.591046467699282
2931608,Teolândia - BA,15332,293160,2021,BA,2931608.0,92,84.0,600.0521784503,0.5478737281502739
2931707,Terra Nova - BA,10798,293170,2021,BA,2931707.0,104,228.0,963.1413224671235,2.1115021300240784
2931806,Tremedal - BA,16296,293180,2021,BA,2931806.0,153,121.0,938.880706921944,0.7425135002454589
2931905,Tucano - BA,48736,293190,2021,BA,2931905.0,318,704.0,652.495075508864,1.4445173998686802
2932002,Uauá - BA,24665,293200,2021,BA,2932002.0,228,704.0,924.3867828907358,2.8542469085749036
2932101,Ubaíra - BA,18626,293210,2021,BA,2932101.0,165,194.0,885.8584773971867,1.0415548158488135
2932200,Ubaitaba - BA,17596,293220,2021,BA,2932200.0,185,747.0,1051.3753125710389,4.245283018867925
2932309,Ubatã - BA,16094,293230,2021,BA,2932309.0,166,509.0,1031.4402883062012,3.162669317758171
2932408,Uibaí - BA,13432,293240,2021,BA,2932408.0,127,210.0,945.5032757593806,1.563430613460393
2932457,Umburanas - BA,13642,293245,2021,BA,2932457.0,86,149.0,630.4060988124909,1.0922152177100133
2932507,Una - BA,18131,293250,2021,BA,2932507.0,178,1505.0,981.7439744084717,8.300700457779493
2932606,Urandi - BA,15355,293260,2021,BA,2932606.0,90,158.0,586.1282969716705,1.0289807880169326
2932705,Uruçuca - BA,21420,293270,2021,BA,2932705.0,208,940.0,971.0550887021476,4.3884220354808585
2932804,Utinga - BA,16277,293280,2021,BA,2932804.0,140,217.0,860.1093567610739,1.3331695029796646
2932903,Valença - BA,85655,293290,2021,BA,2932903.0,643,3484.0,750.6858910746599,4.067480007004845
2933000,Valente - BA,24362,293300,2021,BA,2933000.0,184,466.0,755.2746079960594,1.912815039816107
2933059,Várzea da Roça - BA,13800,293305,2021,BA,2933059.0,97,619.0,702.8985507246376,4.4855072463768115
2933109,Várzea do Poço - BA,8101,293310,2021,BA,2933109.0,63,40.0,777.6817676830021,0.4937662017034934
2933158,Várzea Nova - BA,13377,293315,2021,BA,2933158.0,114,53.0,852.2090154743216,0.39620243701876356
2933174,Varzedo - BA,9913,293317,2021,BA,2933174.0,63,135.0,635.5291031978211,1.3618480782810451
2933208,Vera Cruz - BA,42529,293320,2021,BA,2933208.0,403,1277.0,947.5887041783254,3.0026570105104753
2933257,Vereda - BA,6003,293325,2021,BA,2933257.0,51,67.0,849.5752123938031,1.1161086123604864
2933307,Vitória da Conquista - BA,370879,293330,2021,BA,2933307.0,2836,54963.0,764.669878855368,14.81965816344414
2933406,Wagner - BA,9503,293340,2021,BA,2933406.0,64,40.0,673.4715353046406,0.4209197095654004
2933455,Wanderley - BA,12968,293345,2021,BA,2933455.0,107,46.0,825.107958050586,0.35471930906847626
2933505,Wenceslau Guimarães - BA,24474,293350,2021,BA,2933505.0,164,90.0,670.0988804445534,0.3677371904878647
2933604,Xique-Xique - BA,44757,293360,2021,BA,2933604.0,390,432.0,871.3720758763992,0.9652121455861653
3100104,Abadia dos Dourados - MG,6272,310010,2021,MG,3100104.0,70,547.0,1116.0714285714287,8.721301020408163
3100203,Abaeté - MG,22675,310020,2021,MG,3100203.0,238,3227.0,1049.614112458655,14.231532524807056
3100302,Abre Campo - MG,13927,310030,2021,MG,3100302.0,112,889.0,804.1932936023552,6.383284267968693
3100401,Acaiaca - MG,3909,310040,2021,MG,3100401.0,43,287.0,1100.0255819902789,7.342031210028139
3100500,Açucena - MG,8943,310050,2021,MG,3100500.0,103,1239.0,1151.738790115174,13.854411271385441
3100609,Água Boa - MG,12589,310060,2021,MG,3100609.0,98,196.0,778.4573834299786,1.5569147668599572
3100708,Água Comprida - MG,2108,310070,2021,MG,3100708.0,21,258.0,996.2049335863378,12.23908918406072
3100807,Aguanil - MG,4357,310080,2021,MG,3100807.0,42,418.0,963.9660316731696,9.593757172366308
3100906,Águas Formosas - MG,18448,310090,2021,MG,3100906.0,204,1000.0,1105.8109280138767,5.420641803989593
3101003,Águas Vermelhas - MG,14037,310100,2021,MG,3101003.0,93,182.0,662.534729643086,1.2965733418821686
3101102,Aimorés - MG,25269,310110,2021,MG,3101102.0,293,2506.0,1159.5235268510824,9.917289960030077
3101201,Aiuruoca - MG,6233,310120,2021,MG,3101201.0,77,228.0,1235.3601796887533,3.6579496229744906
3101300,Alagoa - MG,2749,310130,2021,MG,3101300.0,41,307.0,1491.4514368861403,11.167697344488905
3101409,Albertina - MG,2952,310140,2021,MG,3101409.0,25,288.0,846.8834688346883,9.75609756097561
3101508,Além Paraíba - MG,30717,310150,2021,MG,3101508.0,468,7127.0,1523.5862877234104,23.202135625223818
3101607,Alfenas - MG,78970,310160,2021,MG,3101607.0,724,18173.0,916.8038495631253,23.012536406230215
3101631,Alfredo Vasconcelos - MG,6931,310163,2021,MG,3101631.0,67,536.0,966.6714759774924,7.733371807819939
3101706,Almenara - MG,40364,310170,2021,MG,3101706.0,356,3408.0,881.9740362699436,8.443167178674067
3101805,Alpercata - MG,6903,310180,2021,MG,3101805.0,65,602.0,941.6195856873823,8.720846008981601
3101904,Alpinópolis - MG,18300,310190,2021,MG,3101904.0,185,1415.0,1010.9289617486338,7.73224043715847
3102001,Alterosa - MG,13915,310200,2021,MG,3102001.0,161,722.0,1157.0247933884298,5.188645346748114
3102050,Alto Caparaó - MG,5795,310205,2021,MG,3102050.0,59,200.0,1018.1190681622088,3.4512510785159622
3102100,Alto Rio Doce - MG,10891,310210,2021,MG,3102100.0,114,395.0,1046.7358369295748,3.6268478560279127
3102209,Alvarenga - MG,3975,310220,2021,MG,3102209.0,37,51.0,930.817610062893,1.2830188679245282
3102308,Alvinópolis - MG,15059,310230,2021,MG,3102308.0,135,2361.0,896.4738694468424,15.678331894548112
3102407,Alvorada de Minas - MG,4159,310240,2021,MG,3102407.0,26,341.0,625.1502765087761,8.199086318826641
3102506,Amparo do Serra - MG,4541,310250,2021,MG,3102506.0,60,249.0,1321.2948689715922,5.483373706232107
3102605,Andradas - MG,40553,310260,2021,MG,3102605.0,472,7738.0,1163.9089586467092,19.081202377136094
3102704,Cachoeira de Pajeú - MG,9110,310270,2021,MG,3102704.0,72,95.0,790.3402854006587,1.0428100987925357
3102803,Andrelândia - MG,11927,310280,2021,MG,3102803.0,119,774.0,997.7362287247422,6.489477655739079
3102852,Angelândia - MG,7718,310285,2021,MG,3102852.0,45,70.0,583.0526043016325,0.9069707178025395
3102902,Antônio Carlos - MG,11095,310290,2021,MG,3102902.0,110,1748.0,991.4375844975215,15.754844524560612
3103009,Antônio Dias - MG,9219,310300,2021,MG,3103009.0,92,2283.0,997.9390389413168,24.764074194598113
3103108,Antônio Prado de Minas - MG,1538,310310,2021,MG,3103108.0,21,65.0,1365.4096228868661,4.226267880364109
3103207,Araçaí - MG,2181,310320,2021,MG,3103207.0,24,268.0,1100.4126547455296,12.287941311325081
3103306,Aracitaba - MG,2049,310330,2021,MG,3103306.0,21,34.0,1024.8901903367496,1.6593460224499756
3103405,Araçuaí - MG,34297,310340,2021,MG,3103405.0,269,2439.0,784.3251596349535,7.111409161151121
3103504,Araguari - MG,117808,310350,2021,MG,3103504.0,1170,28697.0,993.1413825886187,24.35912671465435
3103603,Arantina - MG,2915,310360,2021,MG,3103603.0,25,243.0,857.6329331046312,8.336192109777016
3103702,Araponga - MG,8048,310370,2021,MG,3103702.0,71,141.0,882.2067594433399,1.7519880715705767
3103751,Araporã - MG,8479,310375,2021,MG,3103751.0,81,1890.0,955.3013327043284,22.290364429767664
3103801,Arapuá - MG,2631,310380,2021,MG,3103801.0,27,853.0,1026.2257696693273,32.42113264918282
3103900,Araújos - MG,9199,310390,2021,MG,3103900.0,74,4405.0,804.435264702685,47.885639743450376
3104007,Araxá - MG,111691,310400,2021,MG,3104007.0,982,36253.0,879.2113957257075,32.45830013161311
3104106,Arceburgo - MG,9177,310410,2021,MG,3104106.0,113,2111.0,1231.3392176092407,23.00316007409829
3104205,Arcos - MG,41416,310420,2021,MG,3104205.0,428,11830.0,1033.417036893954,28.563840061811863
3104304,Areado - MG,13881,310430,2021,MG,3104304.0,182,3278.0,1311.1447302067575,23.615013327570058
3104403,Argirita - MG,2688,310440,2021,MG,3104403.0,46,174.0,1711.309523809524,6.4732142857142865
3104452,Aricanduva - MG,4719,310445,2021,MG,3104452.0,21,51.0,445.00953591862685,1.080737444373808
3104502,Arinos - MG,17272,310450,2021,MG,3104502.0,130,579.0,752.6632700324224,3.352246410375174
3104601,Astolfo Dutra - MG,14138,310460,2021,MG,3104601.0,136,1416.0,961.9465270901118,10.015560899702928
3104700,Ataléia - MG,13736,310470,2021,MG,3104700.0,133,479.0,968.2585905649389,3.487186953989516
3104809,Augusto de Lima - MG,4538,310480,2021,MG,3104809.0,47,183.0,1035.6985456148084,4.032613486117232
3104908,Baependi - MG,18366,310490,2021,MG,3104908.0,180,3937.0,980.0718719372754,21.436349776761407
3105004,Baldim - MG,7492,310500,2021,MG,3105004.0,99,399.0,1321.4095034703685,5.325680726107848
3105103,Bambuí - MG,23546,310510,2021,MG,3105103.0,254,4042.0,1078.7394886604943,17.166397689628813
3105202,Bandeira - MG,4741,310520,2021,MG,3105202.0,41,38.0,864.7964564437883,0.8015186669479013
3105301,Bandeira do Sul - MG,5943,310530,2021,MG,3105301.0,70,884.0,1177.8563015312131,14.874642436479894
3105400,Barão de Cocais - MG,30778,310540,2021,MG,3105400.0,263,11978.0,854.5064656572878,38.917408538566505
3105509,Barão do Monte Alto - MG,4964,310550,2021,MG,3105509.0,54,157.0,1087.832393231265,3.162771958098308
3105608,Barbacena - MG,125317,310560,2021,MG,3105608.0,1229,32904.0,980.7129120550285,26.256613228851634
3105707,Barra Longa - MG,5666,310570,2021,MG,3105707.0,70,461.0,1235.4394634662901,8.13625132368514
3105905,Barroso - MG,20080,310590,2021,MG,3105905.0,232,3627.0,1155.3784860557769,18.062749003984063
3106002,Bela Vista de Minas - MG,10167,310600,2021,MG,3106002.0,92,2581.0,904.888364315924,25.386052916297825
3106101,Belmiro Braga - MG,3244,310610,2021,MG,3106101.0,28,303.0,863.1319358816276,9.340320591861898
3106200,Belo Horizonte - MG,2315560,310620,2021,MG,3106200.0,21607,1247333.0,933.122009362746,53.867444592236865
3106309,Belo Oriente - MG,23928,310630,2021,MG,3106309.0,222,5762.0,927.7833500501504,24.08057505850886
3106408,Belo Vale - MG,8627,310640,2021,MG,3106408.0,74,1166.0,857.7721108148835,13.515706502839922
3106507,Berilo - MG,9826,310650,2021,MG,3106507.0,70,158.0,712.3956849175656,1.6079788316710766
3106606,Bertópolis - MG,4451,310660,2021,MG,3106606.0,45,46.0,1011.008762075938,1.0334756234554032
3106655,Berizal - MG,4201,310665,2021,MG,3106655.0,23,41.0,547.4886931682933,0.9759581052130446
3106705,Betim - MG,411846,310670,2021,MG,3106705.0,3266,156322.0,793.0148647795536,37.95642060381793
3106804,Bias Fortes - MG,3361,310680,2021,MG,3106804.0,43,79.0,1279.381136566498,2.3504909253198454
3106903,Bicas - MG,13978,310690,2021,MG,3106903.0,189,2712.0,1352.1247674917727,19.401917298612105
3107000,Biquinhas - MG,2383,310700,2021,MG,3107000.0,22,132.0,923.2060428031893,5.539236256819136
3107109,Boa Esperança - MG,39848,310710,2021,MG,3107109.0,458,4739.0,1149.3675968680989,11.892692230475808
3107208,Bocaina de Minas - MG,5348,310720,2021,MG,3107208.0,40,150.0,747.9431563201197,2.804786836200449
3107307,Bocaiúva - MG,48032,310730,2021,MG,3107307.0,398,3398.0,828.614257161892,7.0744503664223854
3107406,Bom Despacho - MG,51737,310740,2021,MG,3107406.0,501,13229.0,968.3592013452655,25.56970833252798
3107505,Bom Jardim de Minas - MG,6783,310750,2021,MG,3107505.0,88,1116.0,1297.361049683031,16.452896948252985
3107604,Bom Jesus da Penha - MG,4474,310760,2021,MG,3107604.0,42,143.0,938.7572641931158,3.1962449709432272
3107703,Bom Jesus do Amparo - MG,5631,310770,2021,MG,3107703.0,42,537.0,745.8710708577518,9.536494405966968
3107802,Bom Jesus do Galho - MG,14536,310780,2021,MG,3107802.0,151,968.0,1038.800220143093,6.6593285635663175
3107901,Bom Repouso - MG,12649,310790,2021,MG,3107901.0,110,338.0,869.6339631591429,2.672147995889003
3108008,Bom Sucesso - MG,17151,310800,2021,MG,3108008.0,205,1478.0,1195.2655821817968,8.61757331933998
3108107,Bonfim - MG,7434,310810,2021,MG,3108107.0,54,432.0,726.3922518159807,5.811138014527845
3108206,Bonfinópolis de Minas - MG,5528,310820,2021,MG,3108206.0,47,165.0,850.2170767004342,2.984804630969609
3108255,Bonito de Minas - MG,10204,310825,2021,MG,3108255.0,56,65.0,548.8043904351235,0.6370050960407684
3108305,Borda da Mata - MG,17404,310830,2021,MG,3108305.0,194,1901.0,1114.686279016318,10.92277637324753
3108404,Botelhos - MG,14828,310840,2021,MG,3108404.0,182,2422.0,1227.4076072295657,16.333962773131912
3108503,Botumirim - MG,5790,310850,2021,MG,3108503.0,40,143.0,690.8462867012089,2.469775474956822
3108552,Brasilândia de Minas - MG,15020,310855,2021,MG,3108552.0,117,3372.0,778.9613848202397,22.450066577896138
3108602,Brasília de Minas - MG,32025,310860,2021,MG,3108602.0,290,1022.0,905.5425448868071,3.191256830601093
3108701,Brás Pires - MG,4260,310870,2021,MG,3108701.0,57,348.0,1338.0281690140844,8.169014084507042
3108800,Braúnas - MG,4441,310880,2021,MG,3108800.0,51,519.0,1148.390002251745,11.686557081738346
3108909,Brazópolis - MG,14246,310890,2021,MG,3108909.0,173,1894.0,1214.3759651832095,13.294959988768776
3109006,Brumadinho - MG,38915,310900,2021,MG,3109006.0,353,15546.0,907.1052293460104,39.94860593601439
3109105,Bueno Brandão - MG,10911,310910,2021,MG,3109105.0,98,482.0,898.1761525066446,4.417560260287783
3109204,Buenópolis - MG,9150,310920,2021,MG,3109204.0,101,482.0,1103.8251366120219,5.26775956284153
3109253,Bugre - MG,4041,310925,2021,MG,3109253.0,30,276.0,742.3904974016332,6.829992576095026
3109303,Buritis - MG,24030,310930,2021,MG,3109303.0,189,1245.0,786.5168539325844,5.181023720349563
3109402,Buritizeiro - MG,23910,310940,2021,MG,3109402.0,192,1570.0,803.0112923462985,6.566290255123379
3109451,Cabeceira Grande - MG,6627,310945,2021,MG,3109451.0,44,112.0,663.9505055077713,1.6900558322015997
3109501,Cabo Verde - MG,11410,310950,2021,MG,3109501.0,116,950.0,1016.6520595968449,8.326029798422436
3109600,Cachoeira da Prata - MG,3693,310960,2021,MG,3109600.0,38,457.0,1028.9737340915246,12.374763065258596
3109709,Cachoeira de Minas - MG,11883,310970,2021,MG,3109709.0,91,2477.0,765.7998821846335,20.84490448539931
3109808,Cachoeira Dourada - MG,2315,310980,2021,MG,3109808.0,23,600.0,993.5205183585313,25.917926565874733
3109907,Caetanópolis - MG,11435,310990,2021,MG,3109907.0,128,2292.0,1119.3703541757761,20.04372540445999
3110004,Caeté - MG,38776,311000,2021,MG,3110004.0,381,11004.0,982.5665360016505,28.37837837837838
3110103,Caiana - MG,5304,311010,2021,MG,3110103.0,42,90.0,791.8552036199095,1.6968325791855203
3110202,Cajuri - MG,4088,311020,2021,MG,3110202.0,52,288.0,1272.0156555772994,7.045009784735812
3110301,Caldas - MG,14217,311030,2021,MG,3110301.0,156,1243.0,1097.277906731378,8.743054090173736
3110400,Camacho - MG,2838,311040,2021,MG,3110400.0,32,120.0,1127.554615926709,4.2283298097251585
3110509,Camanducaia - MG,26097,311050,2021,MG,3110509.0,237,5751.0,908.1503621105875,22.037015748936657
3110608,Cambuí - MG,29536,311060,2021,MG,3110608.0,278,7675.0,941.2242686890573,25.9852383531961
3110707,Cambuquira - MG,12313,311070,2021,MG,3110707.0,124,1400.0,1007.0657029156176,11.370096645821489
3110806,Campanário - MG,2923,311080,2021,MG,3110806.0,38,94.0,1300.0342114266164,3.215874101950051
3110905,Campanha - MG,15935,311090,2021,MG,3110905.0,193,1590.0,1211.170379667399,9.978035770316913
3111002,Campestre - MG,20696,311100,2021,MG,3111002.0,219,1673.0,1058.1754928488597,8.083687669114804
3111101,Campina Verde - MG,18011,311110,2021,MG,3111101.0,189,2168.0,1049.3587252234745,12.037088445949697
3111150,Campo Azul - MG,3714,311115,2021,MG,3111150.0,31,13.0,834.679590737749,0.3500269251480883
3111200,Campo Belo - MG,52277,311120,2021,MG,3111200.0,716,8076.0,1369.6271783002085,15.448476385408497
3111309,Campo do Meio - MG,11377,311130,2021,MG,3111309.0,118,425.0,1037.1802759954294,3.7356069262547247
3111408,Campo Florido - MG,8466,311140,2021,MG,3111408.0,62,2780.0,732.3411292227735,32.837231278053395
3111507,Campos Altos - MG,12979,311150,2021,MG,3111507.0,118,1037.0,909.1609523075738,7.989829724940288
3111606,Campos Gerais - MG,26105,311160,2021,MG,3111606.0,223,1348.0,854.2424822830875,5.163761731469068
3111705,Canaã - MG,4715,311170,2021,MG,3111705.0,43,222.0,911.983032873807,4.7083775185577945
3111804,Canápolis - MG,10608,311180,2021,MG,3111804.0,105,1057.0,989.8190045248869,9.964177978883862
3111903,Cana Verde - MG,5272,311190,2021,MG,3111903.0,57,156.0,1081.1836115326253,2.959028831562974
3112000,Candeias - MG,14001,311200,2021,MG,3112000.0,159,1248.0,1135.633169059353,8.913649025069638
3112059,Cantagalo - MG,3974,311205,2021,MG,3112059.0,29,81.0,729.7433316557624,2.038248616004026
3112109,Caparaó - MG,5048,311210,2021,MG,3112109.0,26,113.0,515.0554675118859,2.23851030110935
3112208,Capela Nova - MG,4362,311220,2021,MG,3112208.0,40,135.0,917.0105456212746,3.094910591471802
3112307,Capelinha - MG,39626,311230,2021,MG,3112307.0,234,3990.0,590.5213748548932,10.069146519961642
3112406,Capetinga - MG,6562,311240,2021,MG,3112406.0,89,799.0,1356.2938128619323,12.176165803108809
3112505,Capim Branco - MG,10663,311250,2021,MG,3112505.0,101,2313.0,947.2006002063209,21.69183156710119
3112604,Capinópolis - MG,14655,311260,2021,MG,3112604.0,167,2936.0,1139.5428181508018,20.03411804844763
3112653,Capitão Andrade - MG,4585,311265,2021,MG,3112653.0,63,221.0,1374.0458015267175,4.820065430752454
3112703,Capitão Enéas - MG,14108,311270,2021,MG,3112703.0,123,2183.0,871.8457612702013,15.473490218315849
3112802,Capitólio - MG,10380,311280,2021,MG,3112802.0,92,981.0,886.3198458574182,9.45086705202312
3112901,Caputira - MG,8936,311290,2021,MG,3112901.0,85,383.0,951.2085944494181,4.286034019695614
3113008,Caraí - MG,19548,311300,2021,MG,3113008.0,181,278.0,925.9259259259259,1.4221403724166155
3113107,Caranaíba - MG,2933,311310,2021,MG,3113107.0,20,122.0,681.8956699624957,4.159563586771224
3113206,Carandaí - MG,23812,311320,2021,MG,3113206.0,233,3977.0,978.4982361834369,16.70166302704519
3113305,Carangola - MG,31240,311330,2021,MG,3113305.0,461,3437.0,1475.6722151088347,11.00192061459667
3113404,Caratinga - MG,87360,311340,2021,MG,3113404.0,855,15734.0,978.7087912087912,18.010531135531135
3113503,Carbonita - MG,8512,311350,2021,MG,3113503.0,54,1663.0,634.3984962406015,19.537124060150376
3113602,Careaçu - MG,6816,311360,2021,MG,3113602.0,80,602.0,1173.7089201877934,8.832159624413146
3113701,Carlos Chagas - MG,18615,311370,2021,MG,3113701.0,207,1711.0,1112.0064464141822,9.191512221326887
3113800,Carmésia - MG,2605,311380,2021,MG,3113800.0,19,67.0,729.3666026871401,2.5719769673704413
3113909,Carmo da Cachoeira - MG,11547,311390,2021,MG,3113909.0,110,783.0,952.6283883259721,6.780982073265783
3114006,Carmo da Mata - MG,11019,311400,2021,MG,3114006.0,87,3001.0,789.5453307922679,27.23477629548961
3114105,Carmo de Minas - MG,13797,311410,2021,MG,3114105.0,111,3591.0,804.5227223309415,26.027397260273972
3114204,Carmo do Cajuru - MG,23479,311420,2021,MG,3114204.0,180,10709.0,766.6425316240045,45.61097150645257
3114303,Carmo do Paranaíba - MG,29011,311430,2021,MG,3114303.0,313,4389.0,1078.9011064768536,15.128744269415048
3114402,Carmo do Rio Claro - MG,20954,311440,2021,MG,3114402.0,213,1559.0,1016.5123604085139,7.44010690083039
3114501,Carmópolis de Minas - MG,18003,311450,2021,MG,3114501.0,159,3315.0,883.1861356440594,18.413597733711047
3114550,Carneirinho - MG,9422,311455,2021,MG,3114550.0,100,3180.0,1061.3457864572279,33.750796009339844
3114600,Carrancas - MG,4049,311460,2021,MG,3114600.0,42,339.0,1037.293158804643,8.372437638923191
3114709,Carvalhópolis - MG,3341,311470,2021,MG,3114709.0,45,338.0,1346.902125112242,10.116731517509727
3114808,Carvalhos - MG,4422,311480,2021,MG,3114808.0,50,319.0,1130.7100859339666,7.213930348258707
3114907,Casa Grande - MG,2214,311490,2021,MG,3114907.0,22,92.0,993.676603432701,4.155374887082204
3115003,Cascalho Rico - MG,2712,311500,2021,MG,3115003.0,30,51.0,1106.1946902654868,1.8805309734513276
3115102,Cássia - MG,17155,311510,2021,MG,3115102.0,203,1952.0,1183.328475663072,11.378606820169047
3115201,Conceição da Barra de Minas - MG,3560,311520,2021,MG,3115201.0,38,319.0,1067.4157303370787,8.960674157303371
3115300,Cataguases - MG,66261,311530,2021,MG,3115300.0,858,15781.0,1294.8793407886992,23.816422933550655
3115359,Catas Altas - MG,5473,311535,2021,MG,3115359.0,50,1845.0,913.575735428467,33.71094463731043
3115409,Catas Altas da Noruega - MG,3110,311540,2021,MG,3115409.0,28,128.0,900.3215434083601,4.115755627009646
3115458,Catuji - MG,7030,311545,2021,MG,3115458.0,78,280.0,1109.5305832147938,3.982930298719772
3115474,Catuti - MG,4739,311547,2021,MG,3115474.0,33,21.0,696.3494408102976,0.4431314623338257
3115508,Caxambu - MG,21056,311550,2021,MG,3115508.0,256,5267.0,1215.80547112462,25.01424772036474
3115607,Cedro do Abaeté - MG,1081,311560,2021,MG,3115607.0,14,29.0,1295.0971322849214,2.682701202590194
3115706,Central de Minas - MG,6171,311570,2021,MG,3115706.0,87,242.0,1409.8201263976664,3.9215686274509802
3115805,Centralina - MG,10207,311580,2021,MG,3115805.0,130,711.0,1273.6357401783089,6.965807778975214
3115904,Chácara - MG,3075,311590,2021,MG,3115904.0,38,291.0,1235.7723577235772,9.463414634146341
3116001,Chalé - MG,6075,311600,2021,MG,3116001.0,66,122.0,1086.4197530864196,2.008230452674897
3116100,Chapada do Norte - MG,10337,311610,2021,MG,3116100.0,60,139.0,580.4391989939054,1.3446841443358808
3116159,Chapada Gaúcha - MG,12355,311615,2021,MG,3116159.0,81,162.0,655.6050182112505,1.311210036422501
3116209,Chiador - MG,2800,311620,2021,MG,3116209.0,32,173.0,1142.857142857143,6.178571428571429
3116308,Cipotânea - MG,5581,311630,2021,MG,3116308.0,73,107.0,1308.0093173266441,1.9172191363554918
3116407,Claraval - MG,4658,311640,2021,MG,3116407.0,21,367.0,450.83726921425506,7.8789179905538855
3116506,Claro dos Poções - MG,7166,311650,2021,MG,3116506.0,70,173.0,976.8350544236673,2.4141780630756347
3116605,Cláudio - MG,30159,311660,2021,MG,3116605.0,228,8345.0,755.993235849995,27.670015584071088
3116704,Coimbra - MG,7117,311670,2021,MG,3116704.0,78,633.0,1095.9674019952226,8.894196993115076
3116803,Coluna - MG,8163,311680,2021,MG,3116803.0,58,179.0,710.52309200049,2.1928212666911673
3116902,Comendador Gomes - MG,2773,311690,2021,MG,3116902.0,20,370.0,721.2405337179949,13.342949873782906
3117009,Comercinho - MG,6660,311700,2021,MG,3117009.0,51,87.0,765.7657657657658,1.3063063063063063
3117108,Conceição da Aparecida - MG,10371,311710,2021,MG,3117108.0,82,307.0,790.6662809757979,2.960177417799634
3117207,Conceição das Pedras - MG,2772,311720,2021,MG,3117207.0,25,64.0,901.8759018759018,2.3088023088023086
3117306,Conceição das Alagoas - MG,28381,311730,2021,MG,3117306.0,284,9668.0,1000.66946196399,34.06504351502766
3117405,Conceição de Ipanema - MG,4409,311740,2021,MG,3117405.0,43,52.0,975.2778407802223,1.1794057609435245
3117504,Conceição do Mato Dentro - MG,23163,311750,2021,MG,3117504.0,193,5271.0,833.2254025817035,22.756119673617405
3117603,Conceição do Pará - MG,5415,311760,2021,MG,3117603.0,49,1122.0,904.8938134810711,20.7202216066482
3117702,Conceição do Rio Verde - MG,12541,311770,2021,MG,3117702.0,143,2575.0,1140.2599473726177,20.53265289849294
3117801,Conceição dos Ouros - MG,10880,311780,2021,MG,3117801.0,104,2106.0,955.8823529411766,19.356617647058822
3117836,Cônego Marinho - MG,7237,311783,2021,MG,3117836.0,39,39.0,538.897333149095,0.5388973331490949
3117876,Confins - MG,7350,311787,2021,MG,3117876.0,49,2531.0,666.6666666666667,34.435374149659864
3117900,Congonhal - MG,11083,311790,2021,MG,3117900.0,119,1855.0,1073.7165027519625,16.73734548407471
3118007,Congonhas - MG,52890,311800,2021,MG,3118007.0,458,19967.0,865.9481943656646,37.751937984496124
3118106,Congonhas do Norte - MG,4831,311810,2021,MG,3118106.0,50,342.0,1034.98240529911,7.079279652245912
3118205,Conquista - MG,6694,311820,2021,MG,3118205.0,60,3310.0,896.32506722438,49.44726620854497
3118304,Conselheiro Lafaiete - MG,131621,311830,2021,MG,3118304.0,1183,51584.0,898.79274583843,39.19131445589989
3118403,Conselheiro Pena - MG,20824,311840,2021,MG,3118403.0,232,3481.0,1114.099116404149,16.716288897426047
3118502,Consolação - MG,1563,311850,2021,MG,3118502.0,25,65.0,1599.488163787588,4.158669225847729
3118601,Contagem - MG,621863,311860,2021,MG,3118601.0,5106,278886.0,821.0811706115335,44.846855336303975
3118700,Coqueiral - MG,9023,311870,2021,MG,3118700.0,117,618.0,1296.6862462595589,6.849163249473568
3118809,Coração de Jesus - MG,25377,311880,2021,MG,3118809.0,174,444.0,685.6602435276037,1.749615793829058
3118908,Cordisburgo - MG,7547,311890,2021,MG,3118908.0,84,557.0,1113.025043063469,7.380416059361336
3119005,Cordislândia - MG,3200,311900,2021,MG,3119005.0,37,115.0,1156.25,3.5937499999999996
3119104,Corinto - MG,23532,311910,2021,MG,3119104.0,240,1908.0,1019.8878123406425,8.108108108108109
3119203,Coroaci - MG,10884,311920,2021,MG,3119203.0,88,388.0,808.5262771040059,3.5648658581403896
3119302,Coromandel - MG,28894,311930,2021,MG,3119302.0,290,3152.0,1003.6685817124663,10.908839205371358
3119401,Coronel Fabriciano - MG,104736,311940,2021,MG,3119401.0,934,41847.0,891.7659639474489,39.95474335472044
3119500,Coronel Murta - MG,8200,311950,2021,MG,3119500.0,49,85.0,597.5609756097562,1.0365853658536586
3119609,Coronel Pacheco - MG,2762,311960,2021,MG,3119609.0,25,383.0,905.1412020275163,13.86676321506155
3119708,Coronel Xavier Chaves - MG,3486,311970,2021,MG,3119708.0,36,313.0,1032.7022375215147,8.97877223178428
3119807,Córrego Danta - MG,2960,311980,2021,MG,3119807.0,31,219.0,1047.2972972972973,7.398648648648648
3119906,Córrego do Bom Jesus - MG,4272,311990,2021,MG,3119906.0,33,367.0,772.4719101123595,8.590823970037453
3119955,Córrego Fundo - MG,6133,311995,2021,MG,3119955.0,44,983.0,717.430295124735,16.028045002445783
3120003,Córrego Novo - MG,2875,312000,2021,MG,3120003.0,40,315.0,1391.304347826087,10.956521739130434
3120102,Couto de Magalhães de Minas - MG,4245,312010,2021,MG,3120102.0,53,105.0,1248.527679623086,2.4734982332155475
3120151,Crisólita - MG,5265,312015,2021,MG,3120151.0,37,83.0,702.7540360873694,1.5764482431149098
3120201,Cristais - MG,12197,312020,2021,MG,3120201.0,125,531.0,1024.842174305157,4.353529556448307
3120300,Cristália - MG,5121,312030,2021,MG,3120300.0,40,69.0,781.0974419058778,1.3473930872876392
3120409,Cristiano Otoni - MG,4667,312040,2021,MG,3120409.0,61,728.0,1307.0494964645384,15.598885793871867
3120508,Cristina - MG,10374,312050,2021,MG,3120508.0,85,2097.0,819.3560825139773,20.213996529786005
3120607,Crucilândia - MG,5434,312060,2021,MG,3120607.0,56,244.0,1030.5483989694517,4.4902465955097535
3120706,Cruzeiro da Fortaleza - MG,3521,312070,2021,MG,3120706.0,43,240.0,1221.243964782732,6.816245384833854
3120805,Cruzília - MG,15362,312080,2021,MG,3120805.0,176,2344.0,1145.6841557088921,15.258429891941153
3120839,Cuparaque - MG,3983,312083,2021,MG,3120839.0,48,85.0,1205.1217675119258,2.1340697966357016
3120870,Curral de Dentro - MG,7406,312087,2021,MG,3120870.0,78,132.0,1053.2001080205239,1.7823386443424252
3120904,Curvelo - MG,80665,312090,2021,MG,3120904.0,812,13804.0,1006.6323684373644,17.112750263435196
3121001,Datas - MG,5465,312100,2021,MG,3121001.0,30,132.0,548.9478499542544,2.4153705397987193
3121100,Delfim Moreira - MG,7952,312110,2021,MG,3121100.0,87,562.0,1094.0643863179075,7.0674044265593565
3121209,Delfinópolis - MG,8393,312120,2021,MG,3121209.0,69,691.0,822.1136661503633,8.233051352317407
3121258,Delta - MG,10494,312125,2021,MG,3121258.0,75,3498.0,714.694110920526,33.33333333333333
3121308,Descoberto - MG,4928,312130,2021,MG,3121308.0,57,496.0,1156.6558441558443,10.064935064935066
3121407,Desterro de Entre Rios - MG,7653,312140,2021,MG,3121407.0,96,784.0,1254.4100352802823,10.24434862145564
3121506,Desterro do Melo - MG,2994,312150,2021,MG,3121506.0,39,117.0,1302.6052104208416,3.9078156312625247
3121605,Diamantina - MG,47702,312160,2021,MG,3121605.0,405,5924.0,849.0210054085783,12.418766508741772
3121704,Diogo de Vasconcelos - MG,3549,312170,2021,MG,3121704.0,20,91.0,563.5390250774866,2.564102564102564
3121803,Dionísio - MG,6847,312180,2021,MG,3121803.0,58,753.0,847.086315174529,10.997517160800351
3121902,Divinésia - MG,4226,312190,2021,MG,3121902.0,38,665.0,899.1954566966399,15.735920492191196
3122009,Divino - MG,20706,312200,2021,MG,3122009.0,226,749.0,1091.4710711870955,3.6173089925625423
3122108,Divino das Laranjeiras - MG,4178,312210,2021,MG,3122108.0,57,164.0,1364.2891335567258,3.925323121110579
3122207,Divinolândia de Minas - MG,6516,312220,2021,MG,3122207.0,66,450.0,1012.8913443830571,6.906077348066299
3122306,Divinópolis - MG,231091,312230,2021,MG,3122306.0,2048,134850.0,886.2309652907296,58.35363558078852
3122355,Divisa Alegre - MG,6321,312235,2021,MG,3122355.0,43,164.0,680.2721088435374,2.5945261825660495
3122405,Divisa Nova - MG,5851,312240,2021,MG,3122405.0,61,350.0,1042.556827892668,5.981883438728422
3122454,Divisópolis - MG,10213,312245,2021,MG,3122454.0,62,127.0,607.0694213257613,1.2435131694898658
3122470,Dom Bosco - MG,3697,312247,2021,MG,3122470.0,22,300.0,595.077089532053,8.114687584527996
3122504,Dom Cavati - MG,4904,312250,2021,MG,3122504.0,76,427.0,1549.7553017944535,8.707177814029365
3122603,Dom Joaquim - MG,4899,312260,2021,MG,3122603.0,36,664.0,734.8438456827924,13.553786487038172
3122702,Dom Silvério - MG,5228,312270,2021,MG,3122702.0,48,395.0,918.1331293037491,7.555470543228767
3122801,Dom Viçoso - MG,3095,312280,2021,MG,3122801.0,39,571.0,1260.096930533118,18.449111470113085
3122900,Dona Euzébia - MG,6093,312290,2021,MG,3122900.0,78,425.0,1280.1575578532743,6.975217462662071
3123007,Dores de Campos - MG,10007,312300,2021,MG,3123007.0,130,1631.0,1299.090636554412,16.298590986309584
3123106,Dores de Guanhães - MG,5029,312310,2021,MG,3123106.0,34,222.0,676.0787432889242,4.4143965002982695
3123205,Dores do Indaiá - MG,12630,312320,2021,MG,3123205.0,152,2302.0,1203.4837688044338,18.226444972288203
3123304,Dores do Turvo - MG,4987,312330,2021,MG,3123304.0,59,391.0,1183.0759975937438,7.840385001002607
3123403,Doresópolis - MG,1461,312340,2021,MG,3123403.0,20,74.0,1368.9253935660506,5.065023956194388
3123502,Douradoquara - MG,1829,312350,2021,MG,3123502.0,19,82.0,1038.819026790596,4.48332422088573
3123528,Durandé - MG,7817,312352,2021,MG,3123528.0,60,311.0,767.5578866572854,3.9785083791735962
3123601,Elói Mendes - MG,26336,312360,2021,MG,3123601.0,251,4188.0,953.0680437424058,15.902187120291616
3123700,Engenheiro Caldas - MG,13622,312370,2021,MG,3123700.0,104,779.0,763.4708559682865,5.718690353839378
3123809,Engenheiro Navarro - MG,6354,312380,2021,MG,3123809.0,73,765.0,1148.8825936418004,12.039660056657224
3123858,Entre Folhas - MG,5179,312385,2021,MG,3123858.0,70,173.0,1351.6122803630044,3.340413207182854
3123908,Entre Rios de Minas - MG,14746,312390,2021,MG,3123908.0,152,2161.0,1030.78801030788,14.654821646548216
3124005,Ervália - MG,20255,312400,2021,MG,3124005.0,160,776.0,789.9284127375956,3.831152801777339
3124104,Esmeraldas - MG,85598,312410,2021,MG,3124104.0,565,13017.0,660.0621509848361,15.207131007733826
3124203,Espera Feliz - MG,24102,312420,2021,MG,3124203.0,232,1107.0,962.5757198572734,4.592979835698283
3124302,Espinosa - MG,30443,312430,2021,MG,3124302.0,262,583.0,860.6247741681174,1.9150543638931774
3124401,Espírito Santo do Dourado - MG,6611,312440,2021,MG,3124401.0,52,467.0,786.5678414763273,7.063984268643171
3124500,Estiva - MG,11502,312450,2021,MG,3124500.0,104,2040.0,904.1905755520779,17.73604590505999
3124609,Estrela Dalva - MG,2186,312460,2021,MG,3124609.0,38,164.0,1738.334858188472,7.502287282708142
3124708,Estrela do Indaiá - MG,2772,312470,2021,MG,3124708.0,28,292.0,1010.1010101010102,10.533910533910534
3124807,Estrela do Sul - MG,6840,312480,2021,MG,3124807.0,74,871.0,1081.8713450292398,12.73391812865497
3124906,Eugenópolis - MG,10801,312490,2021,MG,3124906.0,118,573.0,1092.4914359781503,5.305064345893898
3125002,Ewbank da Câmara - MG,3875,312500,2021,MG,3125002.0,48,555.0,1238.7096774193549,14.32258064516129
3125101,Extrema - MG,53482,312510,2021,MG,3125101.0,400,26920.0,747.9151864178601,50.33469204592199
3125200,Fama - MG,2578,312520,2021,MG,3125200.0,32,196.0,1241.2723041117144,7.602792862684252
3125309,Faria Lemos - MG,3188,312530,2021,MG,3125309.0,34,161.0,1066.499372647428,5.050188205771644
3125408,Felício dos Santos - MG,5133,312540,2021,MG,3125408.0,44,83.0,857.1985193843756,1.616988116111436
3125507,São Gonçalo do Rio Preto - MG,3032,312550,2021,MG,3125507.0,24,75.0,791.55672823219,2.4736147757255935
3125606,Felisburgo - MG,6489,312560,2021,MG,3125606.0,73,165.0,1124.980736631222,2.542764678687009
3125705,Felixlândia - MG,13978,312570,2021,MG,3125705.0,129,1457.0,922.8788095578767,10.423522678494777
3125804,Fernandes Tourinho - MG,2789,312580,2021,MG,3125804.0,34,153.0,1219.0749372534958,5.485837217640731
3125903,Ferros - MG,9590,312590,2021,MG,3125903.0,101,858.0,1053.1803962460897,8.94681960375391
3125952,Fervedouro - MG,10445,312595,2021,MG,3125952.0,97,171.0,928.6740067017713,1.6371469602680706
3126000,Florestal - MG,8045,312600,2021,MG,3126000.0,51,2941.0,633.9341205717836,36.556867619639526
3126109,Formiga - MG,68248,312610,2021,MG,3126109.0,777,15186.0,1138.4949009494783,22.25120150041027
3126208,Formoso - MG,7949,312620,2021,MG,3126208.0,46,199.0,578.6891432884639,2.5034595546609637
3126307,Fortaleza de Minas - MG,3477,312630,2021,MG,3126307.0,39,250.0,1121.6566005176876,7.19010641357492
3126406,Fortuna de Minas - MG,3093,312640,2021,MG,3126406.0,23,228.0,743.6146136437117,7.371483996120272
3126505,Francisco Badaró - MG,7366,312650,2021,MG,3126505.0,64,83.0,868.8569101276133,1.1267988053217486
3126604,Francisco Dumont - MG,4503,312660,2021,MG,3126604.0,30,71.0,666.2225183211193,1.5767266266933155
3126703,Francisco Sá - MG,23476,312670,2021,MG,3126703.0,187,714.0,796.5581870846822,3.041403987050605
3126752,Franciscópolis - MG,5034,312675,2021,MG,3126752.0,43,97.0,854.191497814859,1.926897099721891
3126802,Frei Gaspar - MG,5640,312680,2021,MG,3126802.0,63,237.0,1117.0212765957447,4.202127659574468
3126901,Frei Inocêncio - MG,8226,312690,2021,MG,3126901.0,91,655.0,1106.2484804279115,7.962557743739362
3126950,Frei Lagonegro - MG,3391,312695,2021,MG,3126950.0,19,9.0,560.3066941905043,0.26540843409023884
3127008,Fronteira - MG,14540,312700,2021,MG,3127008.0,131,2814.0,900.9628610729023,19.353507565337004
3127057,Fronteira dos Vales - MG,4345,312705,2021,MG,3127057.0,45,68.0,1035.6731875719217,1.5650172612197928
3127073,Fruta de Leite - MG,4647,312707,2021,MG,3127073.0,38,51.0,817.7318700236711,1.0974822466107166
3127107,Frutal - MG,58588,312710,2021,MG,3127107.0,681,18181.0,1162.3540656789785,31.03195193554994
3127206,Funilândia - MG,4686,312720,2021,MG,3127206.0,32,300.0,682.8851899274434,6.402048655569782
3127305,Galiléia - MG,6222,312730,2021,MG,3127305.0,78,405.0,1253.616200578592,6.509161041465767
3127339,Gameleiras - MG,4793,312733,2021,MG,3127339.0,42,20.0,876.2779052785313,0.4172751929897768
3127354,Glaucilândia - MG,2928,312735,2021,MG,3127354.0,23,150.0,785.5191256830601,5.122950819672131
3127370,Goiabeira - MG,2830,312737,2021,MG,3127370.0,35,93.0,1236.7491166077739,3.286219081272085
3127388,Goianá - MG,4053,312738,2021,MG,3127388.0,26,331.0,641.5001233654083,8.166790032075006
3127404,Gonçalves - MG,4727,312740,2021,MG,3127404.0,31,361.0,655.8070657922573,7.636979056484028
3127503,Gonzaga - MG,5230,312750,2021,MG,3127503.0,56,153.0,1070.7456978967496,2.9254302103250476
3127602,Gouveia - MG,11331,312760,2021,MG,3127602.0,115,613.0,1014.9148354072898,5.409937340040597
3127701,Governador Valadares - MG,257171,312770,2021,MG,3127701.0,2919,76477.0,1135.042442577118,29.737800918455036
3127800,Grão Mogol - MG,13901,312780,2021,MG,3127800.0,99,436.0,712.1789799295015,3.136465002517805
3127909,Grupiara - MG,1392,312790,2021,MG,3127909.0,15,25.0,1077.5862068965519,1.7959770114942528
3128006,Guanhães - MG,32244,312800,2021,MG,3128006.0,257,5889.0,797.047512715544,18.26386304428731
3128105,Guapé - MG,13772,312810,2021,MG,3128105.0,144,370.0,1045.599767644496,2.6866105140865524
3128204,Guaraciaba - MG,9753,312820,2021,MG,3128204.0,113,366.0,1158.6178611709217,3.7526914795447555
3128253,Guaraciama - MG,5051,312825,2021,MG,3128253.0,39,540.0,772.1243318154822,10.690952286675905
3128303,Guaranésia - MG,19150,312830,2021,MG,3128303.0,196,3466.0,1023.4986945169713,18.099216710182766
3128402,Guarani - MG,7714,312840,2021,MG,3128402.0,94,1142.0,1218.5636505055743,14.804252009333679
3128501,Guarará - MG,3149,312850,2021,MG,3128501.0,56,340.0,1778.342330898698,10.797078437599238
3128600,Guarda-Mor - MG,6539,312860,2021,MG,3128600.0,65,295.0,994.0357852882704,4.5113931793852275
3128709,Guaxupé - MG,50911,312870,2021,MG,3128709.0,539,13670.0,1058.7102983638113,26.850778810080335
3128808,Guidoval - MG,7131,312880,2021,MG,3128808.0,70,1579.0,981.6295049782639,22.142756976581126
3128907,Guimarânia - MG,8478,312890,2021,MG,3128907.0,65,622.0,766.690257136117,7.336635999056382
3129004,Guiricema - MG,7778,312900,2021,MG,3129004.0,94,266.0,1208.5368989457445,3.419902288506043
3129103,Gurinhatã - MG,5192,312910,2021,MG,3129103.0,49,227.0,943.7596302003082,4.37211093990755
3129202,Heliodora - MG,6134,312920,2021,MG,3129202.0,79,328.0,1287.9034887512225,5.347244864688621
3129301,Iapu - MG,12030,312930,2021,MG,3129301.0,93,1659.0,773.0673316708229,13.790523690773068
3129400,Ibertioga - MG,5198,312940,2021,MG,3129400.0,68,305.0,1308.1954597922277,5.867641400538669
3129509,Ibiá - MG,22229,312950,2021,MG,3129509.0,210,3449.0,944.711862881821,15.51576769085429
3129608,Ibiaí - MG,6286,312960,2021,MG,3129608.0,60,163.0,954.5020680878141,2.593063951638562
3129657,Ibiracatu - MG,5081,312965,2021,MG,3129657.0,27,42.0,531.3914583743358,0.8266089352489667
3129707,Ibiraci - MG,10948,312970,2021,MG,3129707.0,95,1516.0,867.7383997077092,13.847278041651442
3129806,Ibirité - MG,170537,312980,2021,MG,3129806.0,1337,44095.0,783.9940892592224,25.856558987199257
3129905,Ibitiúra de Minas - MG,3365,312990,2021,MG,3129905.0,43,154.0,1277.8603268945021,4.576523031203566
3130002,Ibituruna - MG,2698,313000,2021,MG,3130002.0,34,61.0,1260.1927353595256,2.260934025203855
3130051,Icaraí de Minas - MG,10677,313005,2021,MG,3130051.0,66,56.0,618.1511660578815,0.5244918984733539
3130101,Igarapé - MG,45847,313010,2021,MG,3130101.0,330,12672.0,719.7853730887517,27.639758326608067
3130200,Igaratinga - MG,10830,313020,2021,MG,3130200.0,90,2509.0,831.0249307479224,23.16712834718375
3130309,Iguatama - MG,6826,313030,2021,MG,3130309.0,93,1624.0,1362.4377380603576,23.7913858775271
3130408,Ijaci - MG,7003,313040,2021,MG,3130408.0,56,1548.0,799.6572897329717,22.104812223332857
3130507,Ilicínea - MG,12741,313050,2021,MG,3130507.0,107,200.0,839.8084922690526,1.5697354995683228
3130556,Imbé de Minas - MG,6986,313055,2021,MG,3130556.0,46,132.0,658.4597766962496,1.8894932722588034
3130606,Inconfidentes - MG,7301,313060,2021,MG,3130606.0,57,536.0,780.7149705519793,7.3414600739624705
3130655,Indaiabira - MG,6346,313065,2021,MG,3130655.0,50,37.0,787.897888433659,0.5830444374409076
3130705,Indianópolis - MG,6171,313070,2021,MG,3130705.0,28,352.0,453.73521309350184,5.704099821746881
3130804,Ingaí - MG,2580,313080,2021,MG,3130804.0,28,145.0,1085.2713178294573,5.62015503875969
3130903,Inhapim - MG,22692,313090,2021,MG,3130903.0,219,1569.0,965.097831835008,6.914331041776838
3131000,Inhaúma - MG,6239,313100,2021,MG,3131000.0,78,845.0,1250.2003526206124,13.543837153389967
3131109,Inimutaba - MG,7371,313110,2021,MG,3131109.0,69,477.0,936.1009361009361,6.471306471306472
3131158,Ipaba - MG,17136,313115,2021,MG,3131158.0,127,3916.0,741.1297852474323,22.85247432306256
3131208,Ipanema - MG,19522,313120,2021,MG,3131208.0,206,959.0,1055.2197520745826,4.912406515725848
3131307,Ipatinga - MG,227731,313130,2021,MG,3131307.0,1955,108483.0,858.4689831423917,47.636465830299784
3131406,Ipiaçu - MG,3775,313140,2021,MG,3131406.0,50,417.0,1324.5033112582782,11.04635761589404
3131505,Ipuiúna - MG,9135,313150,2021,MG,3131505.0,112,554.0,1226.0536398467434,6.064586754241927
3131604,Iraí de Minas - MG,7180,313160,2021,MG,3131604.0,52,328.0,724.233983286908,4.56824512534819
3131703,Itabira - MG,113343,313170,2021,MG,3131703.0,1083,56399.0,955.5067361901484,49.759579329998324
3131802,Itabirinha - MG,10362,313180,2021,MG,3131802.0,135,522.0,1302.8372900984366,5.037637521713955
3131901,Itabirito - MG,53365,313190,2021,MG,3131901.0,477,25180.0,893.8442799587745,47.18448421249883
3132008,Itacambira - MG,4252,313200,2021,MG,3132008.0,33,94.0,776.1053621825023,2.2107243650047037
3132107,Itacarambi - MG,17208,313210,2021,MG,3132107.0,129,319.0,749.6513249651324,1.8537889353788934
3132206,Itaguara - MG,13846,313220,2021,MG,3132206.0,128,1230.0,924.4547161635129,8.883432038133757
3132305,Itaipé - MG,10463,313230,2021,MG,3132305.0,95,231.0,907.9613877473,2.2077797954697505
3132404,Itajubá - MG,93073,313240,2021,MG,3132404.0,1043,30018.0,1120.6257453826565,32.25210318782031
3132503,Itamarandiba - MG,32948,313250,2021,MG,3132503.0,216,2452.0,655.5784873133423,7.4420298652422
3132602,Itamarati de Minas - MG,3690,313260,2021,MG,3132602.0,44,323.0,1192.4119241192411,8.753387533875339
3132701,Itambacuri - MG,21042,313270,2021,MG,3132701.0,224,1328.0,1064.5375914836993,6.311187149510503
3132800,Itambé do Mato Dentro - MG,2142,313280,2021,MG,3132800.0,32,123.0,1493.9309056956117,5.742296918767507
3132909,Itamogi - MG,10770,313290,2021,MG,3132909.0,124,824.0,1151.3463324048282,7.65088207985144
3133006,Itamonte - MG,14786,313300,2021,MG,3133006.0,150,5156.0,1014.4731502772893,34.87082375219803
3133105,Itanhandu - MG,15236,313310,2021,MG,3133105.0,158,4324.0,1037.0175899186138,28.380152270937252
3133204,Itanhomi - MG,11128,313320,2021,MG,3133204.0,122,826.0,1096.333572969087,7.422717469446441
3133303,Itaobim - MG,19151,313330,2021,MG,3133303.0,221,1384.0,1153.986736985014,7.226776669625607
3133402,Itapagipe - MG,13690,313340,2021,MG,3133402.0,156,3997.0,1139.5178962746531,29.196493791088386
3133501,Itapecerica - MG,21046,313350,2021,MG,3133501.0,240,6436.0,1140.359213152143,30.580632899363298
3133600,Itapeva - MG,12692,313360,2021,MG,3133600.0,94,3222.0,740.6240151276395,25.386069965332492
3133709,Itatiaiuçu - MG,12966,313370,2021,MG,3133709.0,125,4054.0,964.0598488354158,31.266389017430203
3133758,Itaú de Minas - MG,14406,313375,2021,MG,3133758.0,139,2558.0,964.875746216854,17.756490351242537
3133808,Itaúna - MG,97669,313380,2021,MG,3133808.0,973,31715.0,996.221933264393,32.47192046606395
3133907,Itaverava - MG,5642,313390,2021,MG,3133907.0,53,235.0,939.3831974477137,4.165189649060617
3134004,Itinga - MG,13745,313400,2021,MG,3134004.0,135,403.0,982.1753364859949,2.9319752637322662
3134103,Itueta - MG,6055,313410,2021,MG,3134103.0,56,250.0,924.8554913294798,4.128819157720892
3134202,Ituiutaba - MG,102217,313420,2021,MG,3134202.0,1191,24670.0,1165.1682205503976,24.134928632223605
3134301,Itumirim - MG,6638,313430,2021,MG,3134301.0,62,552.0,934.0162699608317,8.315757758360952
3134400,Iturama - MG,38295,313440,2021,MG,3134400.0,476,12637.0,1242.98211254733,32.9990860425643
3134509,Itutinga - MG,4217,313450,2021,MG,3134509.0,35,383.0,829.9739151055252,9.082285985297604
3134608,Jaboticatubas - MG,20406,313460,2021,MG,3134608.0,164,1597.0,803.6851906302068,7.826129569734391
3134707,Jacinto - MG,11042,313470,2021,MG,3134707.0,101,229.0,914.6893678681399,2.073899655859446
3134806,Jacuí - MG,7495,313480,2021,MG,3134806.0,83,582.0,1107.4049366244162,7.765176784523016
3134905,Jacutinga - MG,25525,313490,2021,MG,3134905.0,267,3316.0,1046.0333006856024,12.991185112634671
3135001,Jaguaraçu - MG,3092,313500,2021,MG,3135001.0,29,643.0,937.9042690815006,20.795601552393272
3135050,Jaíba - MG,37660,313505,2021,MG,3135050.0,245,4276.0,650.5576208178438,11.354221986192247
3135076,Jampruca - MG,4296,313507,2021,MG,3135076.0,34,57.0,791.4338919925513,1.3268156424581006
3135100,Janaúba - MG,70699,313510,2021,MG,3135100.0,565,6187.0,799.1626472793108,8.751184599499286
3135209,Januária - MG,65150,313520,2021,MG,3135209.0,539,3666.0,827.3215656178049,5.627014581734459
3135308,Japaraíba - MG,4506,313530,2021,MG,3135308.0,29,828.0,643.5863293386595,18.375499334221036
3135357,Japonvar - MG,8127,313535,2021,MG,3135357.0,59,48.0,725.9751445797957,0.5906238464377999
3135407,Jeceaba - MG,6197,313540,2021,MG,3135407.0,67,866.0,1081.1683072454414,13.974503792157494
3135456,Jenipapo de Minas - MG,6100,313545,2021,MG,3135456.0,51,62.0,836.0655737704918,1.0163934426229508
3135506,Jequeri - MG,12419,313550,2021,MG,3135506.0,135,648.0,1087.0440454142845,5.217811417988566
3135605,Jequitaí - MG,6484,313560,2021,MG,3135605.0,75,164.0,1156.6933991363355,2.5293028994447875
3135704,Jequitibá - MG,5883,313570,2021,MG,3135704.0,56,239.0,951.8952915179331,4.062553119156893
3135803,Jequitinhonha - MG,24007,313580,2021,MG,3135803.0,226,984.0,941.3920939725913,4.0988045153496895
3135902,Jesuânia - MG,5138,313590,2021,MG,3135902.0,46,872.0,895.2899961074348,16.97158427403659
3136009,Joaíma - MG,13888,313600,2021,MG,3136009.0,150,453.0,1080.069124423963,3.2618087557603688
3136108,Joanésia - MG,4329,313610,2021,MG,3136108.0,59,585.0,1362.9013629013627,13.513513513513514
3136207,João Monlevade - MG,80187,313620,2021,MG,3136207.0,774,25384.0,965.2437427513188,31.6560040904386
3136306,João Pinheiro - MG,46801,313630,2021,MG,3136306.0,405,5476.0,865.3661246554561,11.70060468793402
3136405,Joaquim Felício - MG,3854,313640,2021,MG,3136405.0,38,82.0,985.9885832900883,2.127659574468085
3136504,Jordânia - MG,10304,313650,2021,MG,3136504.0,84,205.0,815.2173913043478,1.9895186335403727
3136520,José Gonçalves de Minas - MG,3969,313652,2021,MG,3136520.0,17,36.0,428.31947593852357,0.9070294784580499
3136553,José Raydan - MG,4268,313655,2021,MG,3136553.0,46,47.0,1077.788191190253,1.1012183692596065
3136579,Josenópolis - MG,3630,313657,2021,MG,3136579.0,26,80.0,716.2534435261707,2.203856749311295
3136603,Nova União - MG,5909,313660,2021,MG,3136603.0,55,659.0,930.7835505161618,11.15247926891183
3136652,Juatuba - MG,30716,313665,2021,MG,3136652.0,250,11045.0,813.9080609454356,35.95845813256934
3136702,Juiz de Fora - MG,540756,313670,2021,MG,3136702.0,5988,217087.0,1107.3386148281295,40.14509316586409
3136801,Juramento - MG,3768,313680,2021,MG,3136801.0,29,246.0,769.6390658174098,6.528662420382165
3136900,Juruaia - MG,11084,313690,2021,MG,3136900.0,78,651.0,703.7170696499459,5.87333092746301
3136959,Juvenília - MG,5789,313695,2021,MG,3136959.0,41,24.0,708.2397650716877,0.41457937467610984
3137007,Ladainha - MG,14383,313700,2021,MG,3137007.0,121,346.0,841.2709448654662,2.4056177431690187
3137106,Lagamar - MG,6631,313710,2021,MG,3137106.0,71,852.0,1070.728396923541,12.848740763082493
3137205,Lagoa da Prata - MG,51412,313720,2021,MG,3137205.0,490,14704.0,953.0848829067145,28.600326771959857
3137304,Lagoa dos Patos - MG,3313,313730,2021,MG,3137304.0,31,50.0,935.7078176878963,1.5092061575611229
3137403,Lagoa Dourada - MG,12769,313740,2021,MG,3137403.0,101,897.0,790.9781502075339,7.024825749862949
3137502,Lagoa Formosa - MG,18904,313750,2021,MG,3137502.0,186,1929.0,983.9187473550571,10.204189589504868
3137536,Lagoa Grande - MG,8969,313753,2021,MG,3137536.0,94,565.0,1048.054409633181,6.299475972795183
3137601,Lagoa Santa - MG,75145,313760,2021,MG,3137601.0,512,22054.0,681.3493911770577,29.3485927207399
3137700,Lajinha - MG,20835,313770,2021,MG,3137700.0,175,1059.0,839.9328053755698,5.082793376529877
3137809,Lambari - MG,20414,313780,2021,MG,3137809.0,245,4293.0,1200.156755168022,21.02968550994416
3137908,Lamim - MG,3184,313790,2021,MG,3137908.0,30,85.0,942.2110552763818,2.669597989949749
3138005,Laranjal - MG,5963,313800,2021,MG,3138005.0,90,303.0,1509.3073956062385,5.0813348985410025
3138104,Lassance - MG,7124,313810,2021,MG,3138104.0,52,219.0,729.92700729927,3.0741156653565413
3138203,Lavras - MG,104761,313820,2021,MG,3138203.0,870,31489.0,830.4617176239249,30.057941409493992
3138302,Leandro Ferreira - MG,3199,313830,2021,MG,3138302.0,25,604.0,781.4942169427945,18.88090028133792
3138351,Leme do Prado - MG,4341,313835,2021,MG,3138351.0,30,107.0,691.0850034554251,2.4648698456576823
3138401,Leopoldina - MG,51145,313840,2021,MG,3138401.0,584,7613.0,1141.8515983967152,14.885130511291425
3138500,Liberdade - MG,4737,313850,2021,MG,3138500.0,56,377.0,1182.1828161283513,7.958623601435508
3138609,Lima Duarte - MG,17221,313860,2021,MG,3138609.0,170,2272.0,987.1668311944718,13.19319435572847
3138625,Limeira do Oeste - MG,8687,313862,2021,MG,3138625.0,79,3724.0,909.4048578335444,42.868654311039485
3138658,Lontra - MG,8790,313865,2021,MG,3138658.0,65,100.0,739.476678043231,1.1376564277588168
3138674,Luisburgo - MG,6956,313867,2021,MG,3138674.0,52,215.0,747.5560667050029,3.0908568142610693
3138682,Luislândia - MG,6210,313868,2021,MG,3138682.0,58,50.0,933.9774557165861,0.8051529790660225
3138708,Luminárias - MG,5586,313870,2021,MG,3138708.0,55,413.0,984.6043680630147,7.393483709273182
3138807,Luz - MG,17875,313880,2021,MG,3138807.0,193,3383.0,1079.7202797202797,18.925874125874127
3138906,Machacalis - MG,6487,313890,2021,MG,3138906.0,75,170.0,1156.1584707877294,2.620625867118853
3139003,Machado - MG,37684,313900,2021,MG,3139003.0,383,10578.0,1016.3464600360895,28.070268548986306
3139102,Madre de Deus de Minas - MG,5191,313910,2021,MG,3139102.0,53,519.0,1020.9978809477943,9.998073588903871
3139201,Malacacheta - MG,17516,313920,2021,MG,3139201.0,175,763.0,999.0865494405116,4.35601735556063
3139250,Mamonas - MG,5997,313925,2021,MG,3139250.0,63,22.0,1050.5252626313156,0.3668500917125229
3139300,Manga - MG,18886,313930,2021,MG,3139300.0,172,300.0,910.7275230329344,1.5884782378481417
3139409,Manhuaçu - MG,91886,313940,2021,MG,3139409.0,722,15635.0,785.756263195699,17.015649826959493
3139508,Manhumirim - MG,20613,313950,2021,MG,3139508.0,218,1851.0,1057.5850191626644,8.979770048027943
3139607,Mantena - MG,26535,313960,2021,MG,3139607.0,308,2215.0,1160.7311098549085,8.347465611456567
3139706,Maravilhas - MG,7333,313970,2021,MG,3139706.0,54,606.0,736.3971089594982,8.26401200054548
3139805,Mar de Espanha - MG,12721,313980,2021,MG,3139805.0,156,1537.0,1226.3186856379214,12.082383460419779
3139904,Maria da Fé - MG,14247,313990,2021,MG,3139904.0,153,2055.0,1073.9102969046114,14.424089281954094
3140001,Mariana - MG,61387,314000,2021,MG,3140001.0,416,23628.0,677.6679101438416,38.490234088650695
3140100,Marilac - MG,4224,314010,2021,MG,3140100.0,51,251.0,1207.3863636363635,5.942234848484849
3140159,Mário Campos - MG,15900,314015,2021,MG,3140159.0,120,4532.0,754.7169811320755,28.503144654088054
3140209,Maripá de Minas - MG,3387,314020,2021,MG,3140209.0,42,431.0,1240.0354295837024,12.725125479775611
3140308,Marliéria - MG,4592,314030,2021,MG,3140308.0,48,601.0,1045.2961672473868,13.087979094076655
3140407,Marmelópolis - MG,3200,314040,2021,MG,3140407.0,34,55.0,1062.5,1.7187500000000002
3140506,Martinho Campos - MG,14003,314050,2021,MG,3140506.0,121,2622.0,864.100549882168,18.724559023066487
3140530,Martins Soares - MG,8396,314053,2021,MG,3140530.0,63,329.0,750.3573130061935,3.918532634587899
3140555,Mata Verde - MG,9112,314055,2021,MG,3140555.0,68,85.0,746.2686567164179,0.9328358208955223
3140605,Materlândia - MG,3963,314060,2021,MG,3140605.0,40,71.0,1009.3363613424174,1.791572041382791
3140704,Mateus Leme - MG,37841,314070,2021,MG,3140704.0,307,11852.0,811.2893422478263,31.320525356095242
3140803,Matias Barbosa - MG,14121,314080,2021,MG,3140803.0,177,3570.0,1253.4523050775442,25.281495644784364
3140852,Matias Cardoso - MG,8895,314085,2021,MG,3140852.0,60,106.0,674.5362563237774,1.19168071950534
3140902,Matipó - MG,18552,314090,2021,MG,3140902.0,169,1377.0,910.9529969814575,7.4223803363518766
3141009,Mato Verde - MG,12038,314100,2021,MG,3141009.0,143,221.0,1187.9049676025918,1.8358531317494602
3141108,Matozinhos - MG,37618,314110,2021,MG,3141108.0,344,10994.0,914.455845605827,29.225370833111807
3141207,Matutina - MG,3814,314120,2021,MG,3141207.0,39,334.0,1022.5485055060304,8.75721027792344
3141306,Medeiros - MG,3900,314130,2021,MG,3141306.0,22,127.0,564.1025641025642,3.256410256410256
3141405,Medina - MG,20156,314140,2021,MG,3141405.0,179,644.0,888.0730303631674,3.1950783885691605
3141504,Mendes Pimentel - MG,5606,314150,2021,MG,3141504.0,60,335.0,1070.2818408847663,5.975740278273279
3141603,Mercês - MG,10373,314160,2021,MG,3141603.0,123,539.0,1185.7707509881423,5.1961823966065745
3141702,Mesquita - MG,5040,314170,2021,MG,3141702.0,50,956.0,992.063492063492,18.96825396825397
3141801,Minas Novas - MG,24405,314180,2021,MG,3141801.0,168,1004.0,688.3835279655808,4.113911083794305
3141900,Minduri - MG,3741,314190,2021,MG,3141900.0,56,486.0,1496.9259556268378,12.991178829190057
3142007,Mirabela - MG,13651,314200,2021,MG,3142007.0,109,239.0,798.4763021024102,1.7507874880961103
3142106,Miradouro - MG,8968,314210,2021,MG,3142106.0,75,384.0,836.306868867083,4.281891168599464
3142205,Miraí - MG,13633,314220,2021,MG,3142205.0,126,792.0,924.2279762341378,5.809432993471723
3142254,Miravânia - MG,3985,314225,2021,MG,3142254.0,23,19.0,577.1643663739021,0.4767879548306148
3142304,Moeda - MG,5125,314230,2021,MG,3142304.0,47,1326.0,917.0731707317073,25.87317073170732
3142403,Moema - MG,7548,314240,2021,MG,3142403.0,70,1015.0,927.3979862215157,13.447270800211978
3142502,Monjolos - MG,2169,314250,2021,MG,3142502.0,12,44.0,553.2503457814662,2.028584601198709
3142601,Monsenhor Paulo - MG,8340,314260,2021,MG,3142601.0,93,905.0,1115.1079136690648,10.851318944844126
3142700,Montalvânia - MG,14060,314270,2021,MG,3142700.0,135,213.0,960.1706970128023,1.5149359886201992
3142809,Monte Alegre de Minas - MG,20170,314280,2021,MG,3142809.0,214,1955.0,1060.9816559246406,9.69261279127417
3142908,Monte Azul - MG,20328,314290,2021,MG,3142908.0,209,419.0,1028.1385281385283,2.0611963793781976
3143005,Monte Belo - MG,13046,314300,2021,MG,3143005.0,133,2188.0,1019.4695692166181,16.77142419132301
3143104,Monte Carmelo - MG,47692,314310,2021,MG,3143104.0,486,4176.0,1019.0388325085969,8.756185523777573
3143153,Monte Formoso - MG,4381,314315,2021,MG,3143153.0,29,25.0,661.949326637754,0.570645971239443
3143203,Monte Santo de Minas - MG,20890,314320,2021,MG,3143203.0,239,1901.0,1144.0880804212543,9.10004786979416
3143302,Montes Claros - MG,414240,314330,2021,MG,3143302.0,3061,97123.0,738.9436075704905,23.446069911162613
3143401,Monte Sião - MG,24089,314340,2021,MG,3143401.0,205,1944.0,851.0108348208727,8.070073477520861
3143450,Montezuma - MG,6888,314345,2021,MG,3143450.0,56,60.0,813.0081300813009,0.8710801393728222
3143500,Morada Nova de Minas - MG,9067,314350,2021,MG,3143500.0,73,621.0,805.1174589169516,6.849012903937355
3143609,Morro da Garça - MG,2411,314360,2021,MG,3143609.0,27,67.0,1119.867274989631,2.7789299046038987
3143708,Morro do Pilar - MG,3133,314370,2021,MG,3143708.0,20,254.0,638.3657835939994,8.107245451643792
3143807,Munhoz - MG,7451,314380,2021,MG,3143807.0,64,285.0,858.9451080391894,3.824989934237015
3143906,Muriaé - MG,104108,314390,2021,MG,3143906.0,1196,16137.0,1148.807008106966,15.500249740653938
3144003,Mutum - MG,27635,314400,2021,MG,3144003.0,253,565.0,915.505699294373,2.0445087751040347
3144102,Muzambinho - MG,21891,314410,2021,MG,3144102.0,220,2110.0,1004.9792152025948,9.63866429126125
3144201,Nacip Raydan - MG,2459,314420,2021,MG,3144201.0,27,66.0,1098.0073200488002,2.684017893452623
3144300,Nanuque - MG,35038,314430,2021,MG,3144300.0,390,4715.0,1113.077230435527,13.456818311547464
3144359,Naque - MG,6303,314435,2021,MG,3144359.0,71,1202.0,1126.4477233063621,19.07028399174996
3144375,Natalândia - MG,3520,314437,2021,MG,3144375.0,25,66.0,710.2272727272727,1.875
3144409,Natércia - MG,4691,314440,2021,MG,3144409.0,54,230.0,1151.140481773609,4.9030057557024085
3144508,Nazareno - MG,8179,314450,2021,MG,3144508.0,81,840.0,990.3411174960264,10.270204181440274
3144607,Nepomuceno - MG,25018,314460,2021,MG,3144607.0,245,3347.0,979.2949076664802,13.37836757534575
3144656,Ninheira - MG,10588,314465,2021,MG,3144656.0,76,25.0,717.7937287495278,0.23611635814129203
3144672,Nova Belém - MG,3151,314467,2021,MG,3144672.0,35,54.0,1110.7584893684545,1.7137416693113299
3144706,Nova Era - MG,17438,314470,2021,MG,3144706.0,156,5453.0,894.598004358298,31.270787934396143
3144805,Nova Lima - MG,111697,314480,2021,MG,3144805.0,731,61967.0,654.4490899487005,55.47776574124641
3144904,Nova Módica - MG,3663,314490,2021,MG,3144904.0,47,85.0,1283.1012831012831,2.3205023205023205
3145000,Nova Ponte - MG,14598,314500,2021,MG,3145000.0,85,3904.0,582.2715440471297,26.743389505411702
3145059,Nova Porteirinha - MG,6706,314505,2021,MG,3145059.0,53,163.0,790.3370116313748,2.4306591112436626
3145109,Nova Resende - MG,16387,314510,2021,MG,3145109.0,135,638.0,823.8237627387563,3.893330078720937
3145208,Nova Serrana - MG,105552,314520,2021,MG,3145208.0,526,26149.0,498.33257541306654,24.773571320297105
3145307,Novo Cruzeiro - MG,26975,314530,2021,MG,3145307.0,262,724.0,971.2696941612604,2.6839666357738645
3145356,Novo Oriente de Minas - MG,10275,314535,2021,MG,3145356.0,94,320.0,914.8418491484185,3.1143552311435525
3145372,Novorizonte - MG,4571,314537,2021,MG,3145372.0,40,74.0,875.0820389411508,1.618901772041129
3145406,Olaria - MG,1945,314540,2021,MG,3145406.0,19,74.0,976.8637532133675,3.8046272493573263
3145455,Olhos-d'Água - MG,5385,314545,2021,MG,3145455.0,27,92.0,501.39275766016715,1.7084493964716805
3145505,Olímpio Noronha - MG,2555,314550,2021,MG,3145505.0,20,467.0,782.7788649706457,18.27788649706458
3145604,Oliveira - MG,39262,314560,2021,MG,3145604.0,392,10639.0,998.420864958484,27.09744791401355
3145703,Oliveira Fortes - MG,2027,314570,2021,MG,3145703.0,23,102.0,1134.6817957572769,5.032067094227923
3145802,Onça de Pitangui - MG,2969,314580,2021,MG,3145802.0,25,247.0,842.0343550016842,8.31929942741664
3145851,Oratórios - MG,4917,314585,2021,MG,3145851.0,54,354.0,1098.2306284319707,7.199511897498474
3145877,Orizânia - MG,8437,314587,2021,MG,3145877.0,63,160.0,746.7109162024416,1.896408676069693
3145901,Ouro Branco - MG,38724,314590,2021,MG,3145901.0,263,16254.0,679.16537547774,41.97396963123644
3146008,Ouro Fino - MG,32094,314600,2021,MG,3146008.0,358,4431.0,1115.4732971895057,13.806318938119274
3146107,Ouro Preto - MG,74821,314610,2021,MG,3146107.0,638,26739.0,852.7017815853837,35.73729300597426
3146206,Ouro Verde de Minas - MG,5757,314620,2021,MG,3146206.0,67,200.0,1163.8005905853743,3.4740316136876843
3146255,Padre Carvalho - MG,5058,314625,2021,MG,3146255.0,40,272.0,790.8264136022143,5.3776196124950575
3146305,Padre Paraíso - MG,17334,314630,2021,MG,3146305.0,154,506.0,888.4273681781469,2.919118495442483
3146404,Paineiras - MG,4224,314640,2021,MG,3146404.0,52,376.0,1231.060606060606,8.901515151515152
3146503,Pains - MG,8142,314650,2021,MG,3146503.0,84,1660.0,1031.6875460574797,20.388111029231148
3146552,Pai Pedro - MG,5551,314655,2021,MG,3146552.0,45,21.0,810.6647450909746,0.37831021437578816
3146602,Paiva - MG,1474,314660,2021,MG,3146602.0,17,43.0,1153.3242876526458,2.9172320217096335
3146701,Palma - MG,5707,314670,2021,MG,3146701.0,72,248.0,1261.6085509024006,4.345540564219379
3146750,Palmópolis - MG,6301,314675,2021,MG,3146750.0,61,21.0,968.1003015394382,0.33328043167751153
3146909,Papagaios - MG,13920,314690,2021,MG,3146909.0,168,1417.0,1206.896551724138,10.179597701149426
3147006,Paracatu - MG,94023,314700,2021,MG,3147006.0,722,23599.0,767.8972166384821,25.099177860736205
3147105,Pará de Minas - MG,97139,314710,2021,MG,3147105.0,863,28083.0,888.417628347008,28.910118489998865
3147204,Paraguaçu - MG,21723,314720,2021,MG,3147204.0,204,3335.0,939.096809832896,15.352391474474059
3147303,Paraisópolis - MG,20445,314730,2021,MG,3147303.0,208,6211.0,1017.3636585962338,30.37906578625581
3147402,Paraopeba - MG,24107,314740,2021,MG,3147402.0,206,5144.0,854.5235823619695,21.338200522669766
3147501,Passabém - MG,1600,314750,2021,MG,3147501.0,19,104.0,1187.5,6.5
3147600,Passa Quatro - MG,15515,314760,2021,MG,3147600.0,150,3702.0,966.8063164679343,23.860779890428617
3147709,Passa Tempo - MG,8473,314770,2021,MG,3147709.0,101,1347.0,1192.0217160391833,15.897556945591882
3147808,Passa Vinte - MG,2233,314780,2021,MG,3147808.0,19,104.0,850.8732646663681,4.6574115539632785
3147907,Passos - MG,111939,314790,2021,MG,3147907.0,1082,24898.0,966.5978792020654,22.242471346000947
3147956,Patis - MG,4837,314795,2021,MG,3147956.0,36,25.0,744.2629729170974,0.5168492867479842
3148004,Patos de Minas - MG,159235,314800,2021,MG,3148004.0,1435,54106.0,901.1837849718969,33.978710710584984
3148103,Patrocínio - MG,89826,314810,2021,MG,3148103.0,772,18224.0,859.4393605414913,20.28811257319707
3148202,Patrocínio do Muriaé - MG,5576,314820,2021,MG,3148202.0,70,342.0,1255.3802008608322,6.1334289813486365
3148301,Paula Cândido - MG,8659,314830,2021,MG,3148301.0,95,485.0,1097.124379258575,5.601108673056935
3148400,Paulistas - MG,4389,314840,2021,MG,3148400.0,47,234.0,1070.8589655958076,5.331510594668489
3148509,Pavão - MG,8047,314850,2021,MG,3148509.0,80,326.0,994.1593140300733,4.051199204672549
3148608,Peçanha - MG,17446,314860,2021,MG,3148608.0,132,930.0,756.6204287515762,5.33073483893156
3148707,Pedra Azul - MG,24410,314870,2021,MG,3148707.0,211,1858.0,864.3998361327326,7.611634575993445
3148756,Pedra Bonita - MG,7320,314875,2021,MG,3148756.0,47,43.0,642.0765027322404,0.587431693989071
3148806,Pedra do Anta - MG,3311,314880,2021,MG,3148806.0,23,173.0,694.654183026276,5.225007550588947
3148905,Pedra do Indaiá - MG,4112,314890,2021,MG,3148905.0,23,1723.0,559.3385214007782,41.90175097276265
3149002,Pedra Dourada - MG,2757,314900,2021,MG,3149002.0,26,46.0,943.0540442509974,1.6684802321363803
3149101,Pedralva - MG,10760,314910,2021,MG,3149101.0,91,1125.0,845.7249070631971,10.455390334572492
3149150,Pedras de Maria da Cruz - MG,10433,314915,2021,MG,3149150.0,68,73.0,651.7780120770632,0.699702865906259
3149200,Pedrinópolis - MG,3344,314920,2021,MG,3149200.0,48,396.0,1435.4066985645934,11.842105263157894
3149309,Pedro Leopoldo - MG,62580,314930,2021,MG,3149309.0,618,18685.0,987.535953978907,29.857782038990095
3149408,Pedro Teixeira - MG,1810,314940,2021,MG,3149408.0,22,44.0,1215.4696132596684,2.430939226519337
3149507,Pequeri - MG,3351,314950,2021,MG,3149507.0,36,506.0,1074.3061772605192,15.099970158161744
3149606,Pequi - MG,4155,314960,2021,MG,3149606.0,56,337.0,1347.7737665463296,8.110709987966306
3149705,Perdigão - MG,12268,314970,2021,MG,3149705.0,76,3467.0,619.4978806651451,28.2605151613955
3149804,Perdizes - MG,17151,314980,2021,MG,3149804.0,103,2544.0,600.548072998659,14.832954346685323
3149903,Perdões - MG,21384,314990,2021,MG,3149903.0,201,2965.0,939.9551066217733,13.865506921062476
3149952,Periquito - MG,6553,314995,2021,MG,3149952.0,83,1051.0,1266.5954524645201,16.038455669159163
3150000,Pescador - MG,3570,315000,2021,MG,3150000.0,42,95.0,1176.4705882352941,2.661064425770308
3150109,Piau - MG,2796,315010,2021,MG,3150109.0,42,349.0,1502.145922746781,12.482117310443492
3150158,Piedade de Caratinga - MG,8529,315015,2021,MG,3150158.0,75,226.0,879.3527963418924,2.6497830929769024
3150208,Piedade de Ponte Nova - MG,3976,315020,2021,MG,3150208.0,37,343.0,930.5835010060363,8.626760563380282
3150307,Piedade do Rio Grande - MG,4604,315030,2021,MG,3150307.0,61,87.0,1324.9348392702,1.8896611642050392
3150406,Piedade dos Gerais - MG,5019,315040,2021,MG,3150406.0,24,189.0,478.1829049611476,3.765690376569038
3150505,Pimenta - MG,8563,315050,2021,MG,3150505.0,93,658.0,1086.0679668340535,7.684222819105453
3150539,Pingo-d'Água - MG,4706,315053,2021,MG,3150539.0,54,898.0,1147.4713132171696,19.082022949426264
3150570,Pintópolis - MG,7084,315057,2021,MG,3150570.0,41,22.0,578.7690570299266,0.3105590062111801
3150604,Piracema - MG,6700,315060,2021,MG,3150604.0,84,649.0,1253.731343283582,9.686567164179106
3150703,Pirajuba - MG,5537,315070,2021,MG,3150703.0,52,2627.0,939.1367166335561,47.444464511468304
3150802,Piranga - MG,17018,315080,2021,MG,3150802.0,132,521.0,775.6493124926548,3.0614643318838874
3150901,Piranguçu - MG,6041,315090,2021,MG,3150901.0,65,704.0,1075.9807978811455,11.653699718589637
3151008,Piranguinho - MG,9120,315100,2021,MG,3151008.0,110,1710.0,1206.140350877193,18.75
3151107,Pirapetinga - MG,11077,315110,2021,MG,3151107.0,133,2467.0,1200.6861063464837,22.271373115464478
3151206,Pirapora - MG,55606,315120,2021,MG,3151206.0,430,9741.0,773.297845556235,17.517893752472755
3151305,Piraúba - MG,11610,315130,2021,MG,3151305.0,129,1375.0,1111.111111111111,11.843238587424635
3151404,Pitangui - MG,26685,315140,2021,MG,3151404.0,272,8696.0,1019.2992317781525,32.58759602773094
3151503,Piumhi - MG,36062,315150,2021,MG,3151503.0,382,4203.0,1059.28678387222,11.654927624646442
3151602,Planura - MG,11145,315160,2021,MG,3151602.0,132,2983.0,1184.3876177658144,26.76536563481382
3151701,Poço Fundo - MG,16390,315170,2021,MG,3151701.0,140,2077.0,854.1793776693106,12.672361195851128
3151800,Poços de Caldas - MG,163742,315180,2021,MG,3151800.0,1688,76345.0,1030.8900587509618,46.62517863468139
3151909,Pocrane - MG,8350,315190,2021,MG,3151909.0,95,173.0,1137.7245508982037,2.07185628742515
3152006,Pompéu - MG,31047,315200,2021,MG,3152006.0,303,3732.0,975.9397043192579,12.020485071021355
3152105,Ponte Nova - MG,57776,315210,2021,MG,3152105.0,617,14571.0,1067.917474383827,25.219814455829408
3152131,Ponto Chique - MG,3747,315213,2021,MG,3152131.0,41,21.0,1094.2087002935682,0.5604483586869495
3152170,Ponto dos Volantes - MG,10883,315217,2021,MG,3152170.0,93,205.0,854.5437838831206,1.883671781677846
3152204,Porteirinha - MG,37438,315220,2021,MG,3152204.0,306,1879.0,817.3513542390084,5.018964688284631
3152303,Porto Firme - MG,10569,315230,2021,MG,3152303.0,95,214.0,898.8551423975779,2.0247894786640175
3152402,Poté - MG,13666,315240,2021,MG,3152402.0,145,595.0,1061.0273671886434,4.353870920532709
3152501,Pouso Alegre - MG,152217,315250,2021,MG,3152501.0,1410,67505.0,926.3091507518872,44.34787178830223
3152600,Pouso Alto - MG,6566,315260,2021,MG,3152600.0,97,1934.0,1477.3073408467865,29.454766981419432
3152709,Prados - MG,9048,315270,2021,MG,3152709.0,87,902.0,961.5384615384615,9.969053934571177
3152808,Prata - MG,28342,315280,2021,MG,3152808.0,282,3982.0,994.9897678357208,14.049820055041987
3152907,Pratápolis - MG,8406,315290,2021,MG,3152907.0,107,909.0,1272.900309302879,10.813704496788008
3153004,Pratinha - MG,3559,315300,2021,MG,3153004.0,25,166.0,702.4445068839561,4.664231525709469
3153103,Presidente Bernardes - MG,4850,315310,2021,MG,3153103.0,50,153.0,1030.9278350515465,3.154639175257732
3153202,Presidente Juscelino - MG,3465,315320,2021,MG,3153202.0,31,107.0,894.6608946608948,3.088023088023088
3153301,Presidente Kubitschek - MG,3071,315330,2021,MG,3153301.0,29,73.0,944.3178117876913,2.3770758710517748
3153400,Presidente Olegário - MG,18765,315340,2021,MG,3153400.0,161,1799.0,857.9802824407141,9.586997069011458
3153509,Alto Jequitibá - MG,8397,315350,2021,MG,3153509.0,62,292.0,738.3589377158509,3.4774324163391683
3153608,Prudente de Morais - MG,11466,315360,2021,MG,3153608.0,97,2264.0,845.9794174079889,19.745334031048316
3153707,Quartel Geral - MG,3179,315370,2021,MG,3153707.0,29,295.0,912.2365523749606,9.279647687952187
3153806,Queluzito - MG,1770,315380,2021,MG,3153806.0,19,177.0,1073.446327683616,10.0
3153905,Raposos - MG,16279,315390,2021,MG,3153905.0,99,4962.0,608.1454634805577,30.480987775661895
3154002,Raul Soares - MG,23423,315400,2021,MG,3154002.0,253,1671.0,1080.1349101310677,7.134013576399266
3154101,Recreio - MG,11007,315410,2021,MG,3154101.0,117,589.0,1062.9599345870809,5.351140183519579
3154150,Reduto - MG,7848,315415,2021,MG,3154150.0,55,479.0,700.815494393476,6.103465851172273
3154200,Resende Costa - MG,11230,315420,2021,MG,3154200.0,131,936.0,1166.5182546749777,8.334817453250222
3154309,Resplendor - MG,17226,315430,2021,MG,3154309.0,196,1851.0,1137.814930918379,10.745384883315918
3154408,Ressaquinha - MG,4548,315440,2021,MG,3154408.0,45,355.0,989.4459102902375,7.805628847845207
3154457,Riachinho - MG,6863,315445,2021,MG,3154457.0,53,107.0,772.2570304531546,1.5590849482733498
3154507,Riacho dos Machados - MG,8756,315450,2021,MG,3154507.0,57,1184.0,650.9821836455002,13.522156235724076
3154606,Ribeirão das Neves - MG,329794,315460,2021,MG,3154606.0,2383,64463.0,722.5722723882182,19.546444143920144
3154705,Ribeirão Vermelho - MG,4080,315470,2021,MG,3154705.0,54,737.0,1323.5294117647059,18.063725490196077
3154804,Rio Acima - MG,10261,315480,2021,MG,3154804.0,89,2590.0,867.3618555696327,25.24120456095897
3154903,Rio Casca - MG,12789,315490,2021,MG,3154903.0,157,1317.0,1227.6174837751191,10.297912268355617
3155009,Rio Doce - MG,2484,315500,2021,MG,3155009.0,29,395.0,1167.4718196457327,15.901771336553946
3155108,Rio do Prado - MG,4639,315510,2021,MG,3155108.0,41,56.0,883.811166199612,1.2071567148092262
3155207,Rio Espera - MG,5429,315520,2021,MG,3155207.0,50,96.0,920.9799226376865,1.768281451464358
3155306,Rio Manso - MG,5568,315530,2021,MG,3155306.0,39,407.0,700.4310344827586,7.309626436781609
3155405,Rio Novo - MG,8518,315540,2021,MG,3155405.0,72,930.0,845.2688424512796,10.918055881662363
3155504,Rio Paranaíba - MG,14532,315550,2021,MG,3155504.0,112,1543.0,770.7129094412331,10.61794660060556
3155603,Rio Pardo de Minas - MG,28271,315560,2021,MG,3155603.0,178,327.0,629.620459127728,1.156662304127905
3155702,Rio Piracicaba - MG,14631,315570,2021,MG,3155702.0,107,3762.0,731.3239013054473,25.712528193561617
3155801,Rio Pomba - MG,17443,315580,2021,MG,3155801.0,172,2962.0,986.068910164536,16.98102390643811
3155900,Rio Preto - MG,5141,315590,2021,MG,3155900.0,45,378.0,875.3160863645205,7.352655125461973
3156007,Rio Vermelho - MG,12641,315600,2021,MG,3156007.0,94,230.0,743.6120560082272,1.8194763072541729
3156106,Ritápolis - MG,4994,315610,2021,MG,3156106.0,53,499.0,1061.2735282338806,9.99199038846616
3156205,Rochedo de Minas - MG,2291,315620,2021,MG,3156205.0,24,209.0,1047.5774770842427,9.122653862941947
3156304,Rodeiro - MG,8664,315630,2021,MG,3156304.0,85,2192.0,981.0710987996307,25.30009233610342
3156403,Romaria - MG,3386,315640,2021,MG,3156403.0,43,224.0,1269.9350265800354,6.61547548730065
3156452,Rosário da Limeira - MG,4734,315645,2021,MG,3156452.0,50,133.0,1056.1892691170258,2.8094634558512888
3156502,Rubelita - MG,5679,315650,2021,MG,3156502.0,52,68.0,915.6541644655749,1.1973939073780595
3156601,Rubim - MG,10298,315660,2021,MG,3156601.0,122,220.0,1184.6960574868906,2.1363371528452126
3156700,Sabará - MG,129380,315670,2021,MG,3156700.0,951,37263.0,735.0440562683568,28.801205750502394
3156809,Sabinópolis - MG,14240,315680,2021,MG,3156809.0,100,873.0,702.2471910112359,6.13061797752809
3156908,Sacramento - MG,26670,315690,2021,MG,3156908.0,223,5055.0,836.1454818147731,18.953880764904387
3157005,Salinas - MG,40178,315700,2021,MG,3157005.0,383,3308.0,953.2580018915825,8.23336154114192
3157104,Salto da Divisa - MG,6110,315710,2021,MG,3157104.0,64,545.0,1047.4631751227496,8.919803600654665
3157203,Santa Bárbara - MG,30466,315720,2021,MG,3157203.0,255,13886.0,836.9986214140353,45.57867787041292
3157252,Santa Bárbara do Leste - MG,8458,315725,2021,MG,3157252.0,65,273.0,768.5031922440294,3.227713407424923
3157278,Santa Bárbara do Monte Verde - MG,3095,315727,2021,MG,3157278.0,30,102.0,969.3053311793215,3.295638126009693
3157302,Santa Bárbara do Tugúrio - MG,4208,315730,2021,MG,3157302.0,33,241.0,784.2205323193916,5.727186311787072
3157336,Santa Cruz de Minas - MG,8109,315733,2021,MG,3157336.0,84,989.0,1035.886052534221,12.196325070908868
3157377,Santa Cruz de Salinas - MG,3910,315737,2021,MG,3157377.0,33,24.0,843.9897698209719,0.6138107416879796
3157401,Santa Cruz do Escalvado - MG,4673,315740,2021,MG,3157401.0,59,348.0,1262.572223411085,7.4470361652043655
3157500,Santa Efigênia de Minas - MG,4039,315750,2021,MG,3157500.0,44,128.0,1089.3785590492696,3.1691012626887844
3157609,Santa Fé de Minas - MG,3522,315760,2021,MG,3157609.0,25,48.0,709.8239636570131,1.362862010221465
3157658,Santa Helena de Minas - MG,5938,315765,2021,MG,3157658.0,47,82.0,791.512293701583,1.3809363422027618
3157708,Santa Juliana - MG,15734,315770,2021,MG,3157708.0,109,2708.0,692.7672556247617,17.211135121393163
3157807,Santa Luzia - MG,219132,315780,2021,MG,3157807.0,1782,55342.0,813.2084770823067,25.255097384225035
3157906,Santa Margarida - MG,16395,315790,2021,MG,3157906.0,157,467.0,957.6090271424215,2.8484293992070753
3158003,Santa Maria de Itabira - MG,10485,315800,2021,MG,3158003.0,108,1527.0,1030.0429184549357,14.563662374821174
3158102,Santa Maria do Salto - MG,4755,315810,2021,MG,3158102.0,54,44.0,1135.6466876971608,0.9253417455310199
3158201,Santa Maria do Suaçuí - MG,12788,315820,2021,MG,3158201.0,101,621.0,789.8029402564904,4.856115107913669
3158300,Santana da Vargem - MG,6691,315830,2021,MG,3158300.0,48,1437.0,717.3815573157973,21.476610372141682
3158409,Santana de Cataguases - MG,3489,315840,2021,MG,3158409.0,42,200.0,1203.7833190025794,5.732301519059903
3158508,Santana de Pirapama - MG,7030,315850,2021,MG,3158508.0,72,164.0,1024.1820768136558,2.332859174964438
3158607,Santana do Deserto - MG,3747,315860,2021,MG,3158607.0,47,296.0,1254.336802775554,7.899653055777955
3158706,Santana do Garambéu - MG,2137,315870,2021,MG,3158706.0,22,133.0,1029.4805802526907,6.223678053345812
3158805,Santana do Jacaré - MG,4214,315880,2021,MG,3158805.0,76,271.0,1803.5121025154249,6.430944470811581
3158904,Santana do Manhuaçu - MG,8987,315890,2021,MG,3158904.0,67,447.0,745.5213085568042,4.973851118281963
3158953,Santana do Paraíso - MG,44800,315895,2021,MG,3158953.0,282,15568.0,629.4642857142857,34.75
3159001,Santana do Riacho - MG,5313,315900,2021,MG,3159001.0,49,453.0,922.266139657444,8.526256352343308
3159100,Santana dos Montes - MG,3469,315910,2021,MG,3159100.0,34,91.0,980.1095416546556,2.6232343614874605
3159209,Santa Rita de Caldas - MG,8460,315920,2021,MG,3159209.0,104,1156.0,1229.3144208037825,13.664302600472814
3159308,Santa Rita de Jacutinga - MG,4755,315930,2021,MG,3159308.0,56,213.0,1177.707676130389,4.479495268138802
3159357,Santa Rita de Minas - MG,6773,315935,2021,MG,3159357.0,52,303.0,767.7543186180422,4.473645356562823
3159407,Santa Rita de Ibitipoca - MG,3301,315940,2021,MG,3159407.0,27,209.0,817.9339594062405,6.33141472281127
3159506,Santa Rita do Itueto - MG,5826,315950,2021,MG,3159506.0,50,104.0,858.2217645039478,1.7851012701682114
3159605,Santa Rita do Sapucaí - MG,40635,315960,2021,MG,3159605.0,351,13302.0,863.7873754152824,32.73532668881506
3159704,Santa Rosa da Serra - MG,3382,315970,2021,MG,3159704.0,26,99.0,768.775872264932,2.927261975162626
3159803,Santa Vitória - MG,20973,315980,2021,MG,3159803.0,224,3655.0,1068.0398607733753,17.42716826395842
3159902,Santo Antônio do Amparo - MG,17285,315990,2021,MG,3159902.0,158,1179.0,914.0873589817761,6.82094301417414
3160009,Santo Antônio do Aventureiro - MG,3769,316000,2021,MG,3160009.0,37,221.0,981.6927566993897,5.863624303528788
3160108,Santo Antônio do Grama - MG,4229,316010,2021,MG,3160108.0,46,406.0,1087.7275951761646,9.600378340033105
3160207,Santo Antônio do Itambé - MG,3915,316020,2021,MG,3160207.0,30,35.0,766.2835249042146,0.8939974457215836
3160306,Santo Antônio do Jacinto - MG,10327,316030,2021,MG,3160306.0,81,80.0,784.3516994286821,0.7746683451147478
3160405,Santo Antônio do Monte - MG,27295,316040,2021,MG,3160405.0,267,9531.0,978.2011357391464,34.9184832386884
3160454,Santo Antônio do Retiro - MG,6629,316045,2021,MG,3160454.0,49,27.0,739.1763463569166,0.4073012520742193
3160504,Santo Antônio do Rio Abaixo - MG,1808,316050,2021,MG,3160504.0,16,60.0,884.9557522123894,3.3185840707964607
3160603,Santo Hipólito - MG,2717,316060,2021,MG,3160603.0,19,85.0,699.3006993006993,3.1284504968715496
3160702,Santos Dumont - MG,42406,316070,2021,MG,3160702.0,584,13004.0,1377.1636089232657,30.665471867188604
3160801,São Bento Abade - MG,4713,316080,2021,MG,3160801.0,41,214.0,869.9342244854658,4.540632293655846
3160900,São Brás do Suaçuí - MG,3989,316090,2021,MG,3160900.0,36,743.0,902.4818250188016,18.62622211080471
3160959,São Domingos das Dores - MG,5626,316095,2021,MG,3160959.0,40,160.0,710.9847138286527,2.8439388553146108
3161007,São Domingos do Prata - MG,17392,316100,2021,MG,3161007.0,174,2819.0,1000.459981600736,16.208601655933762
3161056,São Félix de Minas - MG,3200,316105,2021,MG,3161056.0,32,112.0,1000.0,3.5000000000000004
3161106,São Francisco - MG,52762,316110,2021,MG,3161106.0,429,877.0,813.0851749365073,1.662181115196543
3161205,São Francisco de Paula - MG,6187,316120,2021,MG,3161205.0,70,650.0,1131.4045579440763,10.505899466623566
3161304,São Francisco de Sales - MG,5732,316130,2021,MG,3161304.0,63,1411.0,1099.092812281926,24.61618981158409
3161403,São Francisco do Glória - MG,4800,316140,2021,MG,3161403.0,62,128.0,1291.6666666666667,2.666666666666667
3161502,São Geraldo - MG,10282,316150,2021,MG,3161502.0,94,359.0,914.2190235362771,3.491538611165143
3161601,São Geraldo da Piedade - MG,3305,316160,2021,MG,3161601.0,42,201.0,1270.8018154311649,6.081694402420575
3161650,São Geraldo do Baixio - MG,3143,316165,2021,MG,3161650.0,37,103.0,1177.2192173083042,3.277123767101495
3161700,São Gonçalo do Abaeté - MG,7375,316170,2021,MG,3161700.0,54,1182.0,732.2033898305084,16.027118644067798
3161809,São Gonçalo do Pará - MG,11770,316180,2021,MG,3161809.0,91,4523.0,773.1520815632965,38.42820730671198
3161908,São Gonçalo do Rio Abaixo - MG,11850,316190,2021,MG,3161908.0,92,4685.0,776.3713080168776,39.53586497890295
3162005,São Gonçalo do Sapucaí - MG,23959,316200,2021,MG,3162005.0,251,3313.0,1047.6230226637172,13.827789139780458
3162104,São Gotardo - MG,40910,316210,2021,MG,3162104.0,295,5869.0,721.0950867758494,14.346125641652407
3162203,São João Batista do Glória - MG,7652,316220,2021,MG,3162203.0,78,648.0,1019.3413486670153,8.468374281233665
3162252,São João da Lagoa - MG,4822,316225,2021,MG,3162252.0,34,48.0,705.1016175860639,0.9954375777685608
3162302,São João da Mata - MG,2914,316230,2021,MG,3162302.0,29,178.0,995.1956074124914,6.108442004118051
3162401,São João da Ponte - MG,23930,316240,2021,MG,3162401.0,194,257.0,810.6978687839533,1.0739657333890513
3162450,São João das Missões - MG,13024,316245,2021,MG,3162450.0,72,72.0,552.8255528255528,0.5528255528255528
3162500,São João del Rei - MG,90225,316250,2021,MG,3162500.0,979,25155.0,1085.065114990302,27.880299251870323
3162559,São João do Manhuaçu - MG,11246,316255,2021,MG,3162559.0,80,666.0,711.3640405477503,5.922105637560021
3162575,São João do Manteninha - MG,5331,316257,2021,MG,3162575.0,59,188.0,1106.7341962108421,3.526542862502345
3162609,São João do Oriente - MG,7070,316260,2021,MG,3162609.0,77,614.0,1089.108910891089,8.684582743988685
3162658,São João do Pacuí - MG,3972,316265,2021,MG,3162658.0,30,13.0,755.2870090634442,0.3272910372608258
3162708,São João do Paraíso - MG,23910,316270,2021,MG,3162708.0,171,263.0,715.1819322459222,1.0999581764951905
3162807,São João Evangelista - MG,15315,316280,2021,MG,3162807.0,141,1409.0,920.666013712047,9.200130590923932
3162906,São João Nepomuceno - MG,25565,316290,2021,MG,3162906.0,290,6646.0,1134.3633874437708,25.996479561901037
3162922,São Joaquim de Bicas - MG,34348,316292,2021,MG,3162922.0,274,7181.0,797.7174799114941,20.90660300454175
3162948,São José da Barra - MG,7793,316294,2021,MG,3162948.0,50,932.0,641.6014371872193,11.959450789169768
3162955,São José da Lapa - MG,26090,316295,2021,MG,3162955.0,177,6325.0,678.4208509007283,24.243004982752012
3163003,São José da Safira - MG,3806,316300,2021,MG,3163003.0,35,103.0,919.6006305832896,2.7062532842879663
3163102,São José da Varginha - MG,4536,316310,2021,MG,3163102.0,27,320.0,595.2380952380952,7.054673721340388
3163201,São José do Alegre - MG,4133,316320,2021,MG,3163201.0,40,698.0,967.8199854827003,16.88845874667312
3163300,São José do Divino - MG,3464,316330,2021,MG,3163300.0,39,148.0,1125.8660508083142,4.272517321016166
3163409,São José do Goiabal - MG,5396,316340,2021,MG,3163409.0,66,472.0,1223.1282431430689,8.747220163083766
3163508,São José do Jacuri - MG,6197,316350,2021,MG,3163508.0,53,102.0,855.2525415523639,1.6459577214781345
3163607,São José do Mantimento - MG,2753,316360,2021,MG,3163607.0,29,54.0,1053.3962949509626,1.961496549219034
3163706,São Lourenço - MG,44798,316370,2021,MG,3163706.0,540,18570.0,1205.410955846243,41.45274342604581
3163805,São Miguel do Anta - MG,6334,316380,2021,MG,3163805.0,65,359.0,1026.2077676034103,5.667824439532681
3163904,São Pedro da União - MG,4885,316390,2021,MG,3163904.0,51,184.0,1044.0122824974412,3.7666325486182193
3164001,São Pedro dos Ferros - MG,7166,316400,2021,MG,3164001.0,76,447.0,1060.5637733742674,6.237789561819705
3164100,São Pedro do Suaçuí - MG,5103,316410,2021,MG,3164100.0,57,131.0,1116.9900058788949,2.5671173819321966
3164209,São Romão - MG,10315,316420,2021,MG,3164209.0,58,358.0,562.2879301987397,3.4706737760542903
3164308,São Roque de Minas - MG,7129,316430,2021,MG,3164308.0,78,490.0,1094.1225978398093,6.873334268480853
3164407,São Sebastião da Bela Vista - MG,6387,316440,2021,MG,3164407.0,57,521.0,892.4377642085486,8.15719430092375
3164431,São Sebastião da Vargem Alegre - MG,3113,316443,2021,MG,3164431.0,21,258.0,674.590427240604,8.28782524895599
3164472,São Sebastião do Anta - MG,6194,316447,2021,MG,3164472.0,42,73.0,678.0755569906361,1.1785598966742008
3164506,São Sebastião do Maranhão - MG,10079,316450,2021,MG,3164506.0,68,70.0,674.6701061613255,0.6945133445778351
3164605,São Sebastião do Oeste - MG,8815,316460,2021,MG,3164605.0,54,4154.0,612.5921724333522,47.124220079410094
3164704,São Sebastião do Paraíso - MG,71796,316470,2021,MG,3164704.0,759,17044.0,1057.1619588835033,23.739484093821382
3164803,São Sebastião do Rio Preto - MG,1259,316480,2021,MG,3164803.0,7,52.0,555.9968228752979,4.130262112787927
3164902,São Sebastião do Rio Verde - MG,2300,316490,2021,MG,3164902.0,32,331.0,1391.304347826087,14.391304347826086
3165008,São Tiago - MG,11192,316500,2021,MG,3165008.0,97,1571.0,866.6904932094353,14.036812008577556
3165107,São Tomás de Aquino - MG,6740,316510,2021,MG,3165107.0,77,398.0,1142.433234421365,5.905044510385757
3165206,São Tomé das Letras - MG,6904,316520,2021,MG,3165206.0,50,127.0,724.2178447276941,1.839513325608343
3165305,São Vicente de Minas - MG,6804,316530,2021,MG,3165305.0,69,949.0,1014.1093474426807,13.947677836566724
3165404,Sapucaí-Mirim - MG,6311,316540,2021,MG,3165404.0,41,185.0,649.659324988116,2.931389637141499
3165503,Sardoá - MG,5104,316550,2021,MG,3165503.0,41,194.0,803.2915360501568,3.800940438871473
3165537,Sarzedo - MG,36844,316553,2021,MG,3165537.0,212,14385.0,575.3989794810552,39.0429920746933
3165552,Setubinha - MG,9917,316555,2021,MG,3165552.0,61,123.0,615.1053746092568,1.2402944438842392
3165560,Sem-Peixe - MG,2433,316556,2021,MG,3165560.0,26,74.0,1068.6395396629675,3.0415125359638306
3165578,Senador Amaral - MG,6206,316557,2021,MG,3165578.0,47,284.0,757.3316145665485,4.576216564614889
3165602,Senador Cortes - MG,2240,316560,2021,MG,3165602.0,16,124.0,714.2857142857142,5.535714285714286
3165701,Senador Firmino - MG,7716,316570,2021,MG,3165701.0,81,1125.0,1049.7667185069984,14.580093312597201
3165800,Senador José Bento - MG,2068,316580,2021,MG,3165800.0,23,73.0,1112.1856866537719,3.5299806576402317
3165909,Senador Modestino Gonçalves - MG,4008,316590,2021,MG,3165909.0,33,67.0,823.3532934131737,1.6716566866267466
3166006,Senhora de Oliveira - MG,5483,316600,2021,MG,3166006.0,59,202.0,1076.0532555170528,3.6841145358380447
3166105,Senhora do Porto - MG,3067,316610,2021,MG,3166105.0,37,142.0,1206.3906097163351,4.6299315291816105
3166204,Senhora dos Remédios - MG,10384,316620,2021,MG,3166204.0,94,229.0,905.2388289676425,2.2053158705701077
3166303,Sericita - MG,7345,316630,2021,MG,3166303.0,54,83.0,735.1940095302928,1.1300204220558203
3166402,Seritinga - MG,1819,316640,2021,MG,3166402.0,19,161.0,1044.5299615173174,8.851017042330952
3166501,Serra Azul de Minas - MG,3792,316650,2021,MG,3166501.0,14,36.0,369.19831223628694,0.949367088607595
3166600,Serra da Saudade - MG,833,316660,2021,MG,3166600.0,7,56.0,840.3361344537815,6.722689075630252
3166709,Serra dos Aimorés - MG,6944,316670,2021,MG,3166709.0,78,373.0,1123.2718894009217,5.371543778801843
3166808,Serra do Salitre - MG,11801,316680,2021,MG,3166808.0,104,1133.0,881.2812473519194,9.600881281247352
3166907,Serrania - MG,7621,316690,2021,MG,3166907.0,104,782.0,1364.650308358483,10.261120587849364
3166956,Serranópolis de Minas - MG,4399,316695,2021,MG,3166956.0,37,31.0,841.1002500568311,0.7047056149124802
3167004,Serranos - MG,1990,316700,2021,MG,3167004.0,21,208.0,1055.2763819095476,10.452261306532664
3167103,Serro - MG,21952,316710,2021,MG,3167103.0,160,2041.0,728.862973760933,9.297558309037901
3167202,Sete Lagoas - MG,227397,316720,2021,MG,3167202.0,2022,78455.0,889.1937888362643,34.50133467020233
3167301,Silveirânia - MG,2323,316730,2021,MG,3167301.0,24,133.0,1033.1467929401636,5.725355144210073
3167400,Silvianópolis - MG,6179,316740,2021,MG,3167400.0,52,716.0,841.5601229972488,11.587635539731348
3167509,Simão Pereira - MG,2947,316750,2021,MG,3167509.0,32,383.0,1085.8500169664067,12.996267390566679
3167608,Simonésia - MG,19750,316760,2021,MG,3167608.0,162,735.0,820.2531645569621,3.7215189873417724
3167707,Sobrália - MG,5137,316770,2021,MG,3167707.0,64,295.0,1245.863344364415,5.742651352929726
3167806,Soledade de Minas - MG,5613,316780,2021,MG,3167806.0,63,1360.0,1122.394441475147,24.22946730803492
3167905,Tabuleiro - MG,4014,316790,2021,MG,3167905.0,50,294.0,1245.6402590931739,7.324364723467862
3168002,Taiobeiras - MG,33050,316800,2021,MG,3168002.0,264,895.0,798.7897125567323,2.7080181543116493
3168051,Taparuba - MG,3387,316805,2021,MG,3168051.0,43,14.0,1269.5600826690286,0.41334514319456744
3168101,Tapira - MG,4118,316810,2021,MG,3168101.0,23,663.0,558.5235551238466,16.100048567265663
3168200,Tapiraí - MG,1690,316820,2021,MG,3168200.0,9,30.0,532.5443786982248,1.7751479289940828
3168309,Taquaraçu de Minas - MG,4224,316830,2021,MG,3168309.0,18,285.0,426.1363636363636,6.747159090909091
3168408,Tarumirim - MG,14709,316840,2021,MG,3168408.0,177,599.0,1203.3448908831328,4.072336664627099
3168507,Teixeiras - MG,12255,316850,2021,MG,3168507.0,133,1208.0,1085.2713178294573,9.85720114239086
3168606,Teófilo Otoni - MG,137418,316860,2021,MG,3168606.0,1347,31937.0,980.2209317556652,23.240769040445937
3168705,Timóteo - MG,81579,316870,2021,MG,3168705.0,773,36774.0,947.5477757756286,45.07777736917589
3168804,Tiradentes - MG,7744,316880,2021,MG,3168804.0,70,1322.0,903.9256198347107,17.071280991735538
3168903,Tiros - MG,7883,316890,2021,MG,3168903.0,66,894.0,837.2447037929721,11.340860078650259
3169000,Tocantins - MG,16185,316900,2021,MG,3169000.0,172,6144.0,1062.7123880135928,37.9610750695088
3169059,Tocos do Moji - MG,3826,316905,2021,MG,3169059.0,47,136.0,1228.4370099320438,3.554626241505489
3169109,Toledo - MG,7214,316910,2021,MG,3169109.0,83,817.0,1150.5406154699194,11.325200998059328
3169208,Tombos - MG,8609,316920,2021,MG,3169208.0,102,808.0,1184.8065977465444,9.385526774305958
3169307,Três Corações - MG,75485,316930,2021,MG,3169307.0,785,20100.0,1039.9417102735642,26.627806849042855
3169356,Três Marias - MG,28895,316935,2021,MG,3169356.0,244,7938.0,844.436753763627,27.471880948260946
3169406,Três Pontas - MG,55255,316940,2021,MG,3169406.0,573,19565.0,1037.0102253189757,35.40856031128405
3169505,Tumiritinga - MG,5886,316950,2021,MG,3169505.0,69,371.0,1172.2731906218144,6.303092082908597
3169604,Tupaciguara - MG,25470,316960,2021,MG,3169604.0,325,3875.0,1276.010993325481,15.213977228111503
3169703,Turmalina - MG,20000,316970,2021,MG,3169703.0,122,1118.0,610.0,5.59
3169802,Turvolândia - MG,4935,316980,2021,MG,3169802.0,53,328.0,1073.9614994934143,6.646403242147923
3169901,Ubá - MG,103365,316990,2021,MG,3169901.0,955,32001.0,923.9104145503798,30.95922217384995
3170008,Ubaí - MG,11708,317000,2021,MG,3170008.0,90,79.0,768.7051588657328,0.6747523061154767
3170057,Ubaporanga - MG,13017,317005,2021,MG,3170057.0,103,567.0,791.2729507567027,4.355842359990781
3170107,Uberaba - MG,337836,317010,2021,MG,3170107.0,3493,141184.0,1033.9336245989177,41.7906913413609
3170206,Uberlândia - MG,713224,317020,2021,MG,3170206.0,6554,272796.0,918.9258914450439,38.248292261617664
3170305,Umburatiba - MG,2684,317030,2021,MG,3170305.0,29,38.0,1080.4769001490313,1.4157973174366618
3170404,Unaí - MG,86619,317040,2021,MG,3170404.0,712,12858.0,821.990556344451,14.844318221175493
3170438,União de Minas - MG,3828,317043,2021,MG,3170438.0,34,393.0,888.1922675026124,10.266457680250783
3170479,Uruana de Minas - MG,3282,317047,2021,MG,3170479.0,32,129.0,975.0152346130409,3.930530164533821
3170503,Urucânia - MG,10600,317050,2021,MG,3170503.0,108,1102.0,1018.8679245283018,10.39622641509434
3170529,Urucuia - MG,17479,317052,2021,MG,3170529.0,63,110.0,360.43251902282736,0.6293266205160478
3170578,Vargem Alegre - MG,5780,317057,2021,MG,3170578.0,58,275.0,1003.4602076124567,4.757785467128028
3170602,Vargem Bonita - MG,2158,317060,2021,MG,3170602.0,20,145.0,926.7840593141797,6.719184430027804
3170651,Vargem Grande do Rio Pardo - MG,4633,317065,2021,MG,3170651.0,30,21.0,647.5285991797971,0.45327001942585793
3170701,Varginha - MG,136467,317070,2021,MG,3170701.0,1199,51944.0,878.6006873456587,38.06341459840108
3170750,Varjão de Minas - MG,6969,317075,2021,MG,3170750.0,48,2890.0,688.7645286267757,41.469364327737125
3170800,Várzea da Palma - MG,33744,317080,2021,MG,3170800.0,332,2864.0,983.8786154575629,8.487434803224277
3170909,Varzelândia - MG,18840,317090,2021,MG,3170909.0,199,177.0,1056.2632696390658,0.9394904458598726
3171006,Vazante - MG,19975,317100,2021,MG,3171006.0,198,5818.0,991.2390488110137,29.12640801001252
3171030,Verdelândia - MG,7672,317103,2021,MG,3171030.0,57,82.0,742.9614181438999,1.0688216892596456
3171071,Veredinha - MG,5181,317107,2021,MG,3171071.0,41,199.0,791.3530206523836,3.8409573441420575
3171105,Veríssimo - MG,3411,317110,2021,MG,3171105.0,37,399.0,1084.7258868367048,11.697449428320141
3171154,Vermelho Novo - MG,4899,317115,2021,MG,3171154.0,40,71.0,816.4931618697694,1.4492753623188406
3171204,Vespasiano - MG,129246,317120,2021,MG,3171204.0,838,27388.0,648.3759652136237,21.190597774786067
3171303,Viçosa - MG,76430,317130,2021,MG,3171303.0,659,27151.0,862.2268742640325,35.524008897029965
3171402,Vieiras - MG,3700,317140,2021,MG,3171402.0,37,77.0,1000.0,2.081081081081081
3171501,Mathias Lobato - MG,3038,317150,2021,MG,3171501.0,34,134.0,1119.1573403554971,4.410796576695194
3171600,Virgem da Lapa - MG,11804,317160,2021,MG,3171600.0,100,353.0,847.1704506946797,2.9905116909522196
3171709,Virgínia - MG,8908,317170,2021,MG,3171709.0,100,1017.0,1122.586439155815,11.416704086214638
3171808,Virginópolis - MG,10314,317180,2021,MG,3171808.0,101,987.0,979.2515028117123,9.569517161140197
3171907,Virgolândia - MG,4552,317190,2021,MG,3171907.0,61,232.0,1340.0702987697716,5.0966608084358525
3172004,Visconde do Rio Branco - MG,39160,317200,2021,MG,3172004.0,427,7491.0,1090.3983656792645,19.129213483146067
3172103,Volta Grande - MG,4443,317210,2021,MG,3172103.0,55,536.0,1237.9023182534324,12.063920774251633
3172202,Wenceslau Braz - MG,2356,317220,2021,MG,3172202.0,33,217.0,1400.679117147708,9.210526315789473
3200102,Afonso Cláudio - ES,30684,320010,2021,ES,3200102.0,290,3023.0,945.1179767957242,9.852040151218876
3200136,Águia Branca - ES,9711,320013,2021,ES,3200136.0,104,1151.0,1070.95046854083,11.852538358562455
3200169,Água Doce do Norte - ES,12042,320016,2021,ES,3200169.0,112,476.0,930.0780601229031,3.9528317555223382
3200201,Alegre - ES,29177,320020,2021,ES,3200201.0,268,4838.0,918.531720190561,16.58155396373856
3200300,Alfredo Chaves - ES,13836,320030,2021,ES,3200300.0,101,1655.0,729.9797629372651,11.9615495808037
3200359,Alto Rio Novo - ES,7434,320035,2021,ES,3200359.0,51,521.0,686.0371267150928,7.008340059187517
3200409,Anchieta - ES,29984,320040,2021,ES,3200409.0,225,6224.0,750.4002134471718,20.757737459978657
3200508,Apiacá - ES,7223,320050,2021,ES,3200508.0,81,525.0,1121.4176934791637,7.268448013290876
3200607,Aracruz - ES,94765,320060,2021,ES,3200607.0,652,35775.0,688.0177280641586,37.751279480820976
3200706,Atílio Vivácqua - ES,10540,320070,2021,ES,3200706.0,73,2204.0,692.5996204933585,20.910815939278937
3200805,Baixo Guandu - ES,30674,320080,2021,ES,3200805.0,327,4782.0,1066.0494229640738,15.589750277107647
3200904,Barra de São Francisco - ES,42498,320090,2021,ES,3200904.0,466,6121.0,1096.5221892794955,14.403030730857921
3201001,Boa Esperança - ES,13608,320100,2021,ES,3201001.0,95,1010.0,698.1187536743092,7.4221046443268675
3201100,Bom Jesus do Norte - ES,10254,320110,2021,ES,3201100.0,95,1023.0,926.4677199141797,9.976594499707431
3201159,Brejetuba - ES,12985,320115,2021,ES,3201159.0,90,562.0,693.107431651906,4.328070850981902
3201209,Cachoeiro de Itapemirim - ES,185786,320120,2021,ES,3201209.0,1694,65308.0,911.801750400999,35.152271968824344
3201308,Cariacica - ES,353491,320130,2021,ES,3201308.0,3375,128690.0,954.7626389356448,36.40545303840833
3201407,Castelo - ES,36930,320140,2021,ES,3201407.0,343,8312.0,928.7841862984025,22.507446520444084
3201506,Colatina - ES,120033,320150,2021,ES,3201506.0,1010,43836.0,841.4352719668758,36.519957011821745
3201605,Conceição da Barra - ES,27458,320160,2021,ES,3201605.0,257,2583.0,935.9749435501493,9.40709447155656
3201704,Conceição do Castelo - ES,11937,320170,2021,ES,3201704.0,101,1288.0,846.1087375387451,10.789980732177264
3201803,Divino de São Lourenço - ES,5083,320180,2021,ES,3201803.0,49,118.0,963.9976391894552,2.3214637025378715
3201902,Domingos Martins - ES,35416,320190,2021,ES,3201902.0,279,5233.0,787.7795346735938,14.775807544612604
3202009,Dores do Rio Preto - ES,6596,320200,2021,ES,3202009.0,44,238.0,667.0709520921771,3.608247422680412
3202108,Ecoporanga - ES,21992,320210,2021,ES,3202108.0,226,1607.0,1027.646416878865,7.30720261913423
3202207,Fundão - ES,18014,320220,2021,ES,3202207.0,185,4269.0,1026.9790163206396,23.698234706339512
3202256,Governador Lindenberg - ES,11009,320225,2021,ES,3202256.0,97,1557.0,881.0972840403306,14.142973930420567
3202306,Guaçuí - ES,29358,320230,2021,ES,3202306.0,321,3314.0,1093.3987328837115,11.288234893385107
3202405,Guarapari - ES,124656,320240,2021,ES,3202405.0,1105,31466.0,886.4394814529586,25.242266718007954
3202454,Ibatiba - ES,25380,320245,2021,ES,3202454.0,248,2010.0,977.1473601260835,7.919621749408984
3202504,Ibiraçu - ES,11723,320250,2021,ES,3202504.0,78,3084.0,665.3586965793738,26.307259233984475
3202553,Ibitirama - ES,9520,320255,2021,ES,3202553.0,68,263.0,714.2857142857142,2.7626050420168067
3202603,Iconha - ES,12326,320260,2021,ES,3202603.0,92,3516.0,746.3897452539347,28.525068959922116
3202652,Irupi - ES,13710,320265,2021,ES,3202652.0,104,761.0,758.5703865791394,5.550692924872356
3202702,Itaguaçu - ES,13589,320270,2021,ES,3202702.0,111,1322.0,816.837147692987,9.72845684009125
3202801,Itapemirim - ES,39832,320280,2021,ES,3202801.0,339,4371.0,851.0745129544085,10.973589074111267
3202900,Itarana - ES,10597,320290,2021,ES,3202900.0,96,1440.0,905.9167688968577,13.588751533452864
3203007,Iúna - ES,28590,320300,2021,ES,3203007.0,239,2124.0,835.9566281916755,7.429171038824764
3203056,Jaguaré - ES,28931,320305,2021,ES,3203056.0,217,2986.0,750.0604887490927,10.321108845183367
3203106,Jerônimo Monteiro - ES,11575,320310,2021,ES,3203106.0,130,1543.0,1123.1101511879049,13.330453563714903
3203130,João Neiva - ES,14079,320313,2021,ES,3203130.0,144,6170.0,1022.7999147666739,43.82413523687762
3203163,Laranja da Terra - ES,11094,320316,2021,ES,3203163.0,100,431.0,901.3881377321075,3.884982873625383
3203205,Linhares - ES,166786,320320,2021,ES,3203205.0,1215,51707.0,728.4784094588275,31.002002566162627
3203304,Mantenópolis - ES,12770,320330,2021,ES,3203304.0,144,580.0,1127.6429130775255,4.541895066562255
3203320,Marataízes - ES,41929,320332,2021,ES,3203320.0,459,5717.0,1094.7077201936609,13.634954327553721
3203346,Marechal Floriano - ES,17641,320334,2021,ES,3203346.0,151,3252.0,855.9605464542826,18.43432911966442
3203353,Marilândia - ES,12387,320335,2021,ES,3203353.0,101,2623.0,815.370953418907,21.17542584968112
3203403,Mimoso do Sul - ES,24475,320340,2021,ES,3203403.0,283,2989.0,1156.281920326864,12.212461695607763
3203502,Montanha - ES,18900,320350,2021,ES,3203502.0,188,1892.0,994.7089947089947,10.01058201058201
3203601,Mucurici - ES,5466,320360,2021,ES,3203601.0,32,218.0,585.4372484449323,3.9882912550311014
3203700,Muniz Freire - ES,18153,320370,2021,ES,3203700.0,155,1649.0,853.8533575717513,9.0838979782956
3203809,Muqui - ES,13745,320380,2021,ES,3203809.0,159,2312.0,1156.7842851946164,16.82066205893052
3203908,Nova Venécia - ES,49065,320390,2021,ES,3203908.0,457,9596.0,931.4175073881586,19.557729542443695
3204005,Pancas - ES,18893,320400,2021,ES,3204005.0,150,1986.0,793.9448472979411,10.511829778224739
3204054,Pedro Canário - ES,21522,320405,2021,ES,3204054.0,201,2752.0,933.9280735991078,12.786915714152961
3204104,Pinheiros - ES,23915,320410,2021,ES,3204104.0,235,2145.0,982.6468743466444,8.969266150951286
3204203,Piúma - ES,22300,320420,2021,ES,3204203.0,196,3001.0,878.9237668161434,13.457399103139014
3204252,Ponto Belo - ES,6497,320425,2021,ES,3204252.0,65,182.0,1000.4617515776512,2.8012929044174233
3204302,Presidente Kennedy - ES,13696,320430,2021,ES,3204302.0,130,1775.0,949.1822429906541,12.95998831775701
3204351,Rio Bananal - ES,19274,320435,2021,ES,3204351.0,128,2748.0,664.107087267822,14.257549029781053
3204401,Rio Novo do Sul - ES,11069,320440,2021,ES,3204401.0,97,2109.0,876.3212575661757,19.053211672237783
3204500,Santa Leopoldina - ES,13106,320450,2021,ES,3204500.0,81,698.0,618.0375400579887,5.325804974820693
3204559,Santa Maria de Jetibá - ES,41636,320455,2021,ES,3204559.0,299,4311.0,718.128542607359,10.35402055913152
3204609,Santa Teresa - ES,22808,320460,2021,ES,3204609.0,247,4529.0,1082.953349701859,19.85706769554542
3204658,São Domingos do Norte - ES,8589,320465,2021,ES,3204658.0,86,1429.0,1001.2807078821749,16.63755966934451
3204708,São Gabriel da Palha - ES,32252,320470,2021,ES,3204708.0,264,6551.0,818.5538881309686,20.31191864070445
3204807,São José do Calçado - ES,10878,320480,2021,ES,3204807.0,129,837.0,1185.8797573083289,7.6944291230005515
3204906,São Mateus - ES,123752,320490,2021,ES,3204906.0,953,30681.0,770.0885642252247,24.792326588661194
3204955,São Roque do Canaã - ES,10886,320495,2021,ES,3204955.0,85,2247.0,780.8194010655889,20.64119051993386
3205002,Serra - ES,520653,320500,2021,ES,3205002.0,3712,214769.0,712.9508521030322,41.24993037589335
3205010,Sooretama - ES,26502,320501,2021,ES,3205010.0,184,3693.0,694.2872236057656,13.93479737378311
3205036,Vargem Alta - ES,19563,320503,2021,ES,3205036.0,184,2881.0,940.5510402290037,14.726780146194345
3205069,Venda Nova do Imigrante - ES,23831,320506,2021,ES,3205069.0,185,5394.0,776.2997776006042,22.634383785825186
3205101,Viana - ES,73423,320510,2021,ES,3205101.0,552,19753.0,751.8080165615679,26.90301404192147
3205150,Vila Pavão - ES,8911,320515,2021,ES,3205150.0,63,432.0,706.9913589945012,4.847940747390865
3205176,Vila Valério - ES,13728,320517,2021,ES,3205176.0,110,1440.0,801.2820512820512,10.48951048951049
3205200,Vila Velha - ES,467722,320520,2021,ES,3205200.0,4077,235343.0,871.6716340048149,50.31685488388402
3205309,Vitória - ES,322869,320530,2021,ES,3205309.0,2846,220972.0,881.4720521325987,68.4401413576404
3300100,Angra dos Reis - RJ,167434,330010,2021,RJ,3300100.0,1375,34546.0,821.2191072303117,20.632607475184255
3300159,Aperibé - RJ,11034,330015,2021,RJ,3300159.0,120,1117.0,1087.5475802066342,10.123255392423419
3300209,Araruama - RJ,129671,330020,2021,RJ,3300209.0,1595,26484.0,1230.0360142206046,20.42399611324043
3300225,Areal - RJ,11828,330022,2021,RJ,3300225.0,150,2166.0,1268.1772066283395,18.31247886371322
3300233,Armação dos Búzios - RJ,40006,330023,2021,RJ,3300233.0,372,4161.0,929.8605209218617,10.400939859021147
3300258,Arraial do Cabo - RJ,30986,330025,2021,RJ,3300258.0,370,5378.0,1194.0876524882206,17.356225392112567
3300308,Barra do Piraí - RJ,92883,330030,2021,RJ,3300308.0,1114,20999.0,1199.358332525866,22.608012230440448
3300407,Barra Mansa - RJ,169894,330040,2021,RJ,3300407.0,1997,64228.0,1175.4388030183527,37.80474884339647
3300456,Belford Roxo - RJ,483087,330045,2021,RJ,3300456.0,4927,77498.0,1019.8991072001523,16.042244978647737
3300506,Bom Jardim - RJ,28102,330050,2021,RJ,3300506.0,297,3305.0,1056.8642801224112,11.760728773752756
3300605,Bom Jesus do Itabapoana - RJ,35173,330060,2021,RJ,3300605.0,467,6400.0,1327.7229693230604,18.195775168453075
3300704,Cabo Frio - RJ,222161,330070,2021,RJ,3300704.0,2162,38572.0,973.1681078137027,17.36218328149405
3300803,Cachoeiras de Macacu - RJ,56943,330080,2021,RJ,3300803.0,608,6211.0,1067.7344010677346,10.907398626696873
3300902,Cambuci - RJ,14616,330090,2021,RJ,3300902.0,172,1726.0,1176.792556102901,11.808976464148877
3300936,Carapebus - RJ,13847,330093,2021,RJ,3300936.0,96,2359.0,693.2909655521051,17.03618112226475
3300951,Comendador Levy Gasparian - RJ,8741,330095,2021,RJ,3300951.0,93,1102.0,1063.9514929641919,12.607253174693971
3301009,Campos dos Goytacazes - RJ,483540,330100,2021,RJ,3301009.0,5635,121470.0,1165.3637754891013,25.120982752202508
3301108,Cantagalo - RJ,19390,330110,2021,RJ,3301108.0,248,2789.0,1279.0097988653945,14.383702939659617
3301157,Cardoso Moreira - RJ,12958,330115,2021,RJ,3301157.0,150,1386.0,1157.5860472295108,10.69609507640068
3301207,Carmo - RJ,17198,330120,2021,RJ,3301207.0,224,2785.0,1302.477032213048,16.19374345854169
3301306,Casimiro de Abreu - RJ,46110,330130,2021,RJ,3301306.0,410,7596.0,889.1780524831922,16.473649967469093
3301405,Conceição de Macabu - RJ,21104,330140,2021,RJ,3301405.0,218,4075.0,1032.9795299469295,19.309135708870357
3301504,Cordeiro - RJ,20783,330150,2021,RJ,3301504.0,249,3650.0,1198.0945965452534,17.562430832892268
3301603,Duas Barras - RJ,10980,330160,2021,RJ,3301603.0,107,891.0,974.4990892531877,8.114754098360656
3301702,Duque de Caxias - RJ,808161,330170,2021,RJ,3301702.0,9872,188909.0,1221.5387775455633,23.375169056660738
3301801,Engenheiro Paulo de Frontin - RJ,12242,330180,2021,RJ,3301801.0,201,906.0,1641.888580297337,7.4007515111909825
3301850,Guapimirim - RJ,51696,330185,2021,RJ,3301850.0,587,6524.0,1135.484370164036,12.619931909625503
3301876,Iguaba Grande - RJ,27920,330187,2021,RJ,3301876.0,424,5159.0,1518.624641833811,18.47779369627507
3301900,Itaboraí - RJ,224267,330190,2021,RJ,3301900.0,2557,35400.0,1140.1588285391965,15.784756562490246
3302007,Itaguaí - RJ,116841,330200,2021,RJ,3302007.0,1308,36714.0,1119.4700490410044,31.422189128816086
3302056,Italva - RJ,14073,330205,2021,RJ,3302056.0,157,1653.0,1115.6114545583741,11.74589639735664
3302106,Itaocara - RJ,22919,330210,2021,RJ,3302106.0,329,3909.0,1435.49020463371,17.055717963261923
3302205,Itaperuna - RJ,101041,330220,2021,RJ,3302205.0,1053,19218.0,1042.151205946101,19.020001781455054
3302254,Itatiaia - RJ,30908,330225,2021,RJ,3302254.0,285,8673.0,922.0913679306329,28.060696259867996
3302270,Japeri - RJ,96289,330227,2021,RJ,3302270.0,947,9008.0,983.4975957793725,9.35517037252438
3302304,Laje do Muriaé - RJ,7336,330230,2021,RJ,3302304.0,90,576.0,1226.826608505998,7.851690294438386
3302403,Macaé - RJ,246391,330240,2021,RJ,3302403.0,1962,104752.0,796.2953192283809,42.514539897967055
3302452,Macuco - RJ,5415,330245,2021,RJ,3302452.0,105,1395.0,1939.0581717451523,25.761772853185594
3302502,Magé - RJ,228127,330250,2021,RJ,3302502.0,2832,32685.0,1241.4137739066398,14.32754562151784
3302601,Mangaratiba - RJ,41220,330260,2021,RJ,3302601.0,550,8526.0,1334.3037360504609,20.684133915574964
3302700,Maricá - RJ,197277,330270,2021,RJ,3302700.0,2110,42552.0,1069.5620878257475,21.569671071640386
3302809,Mendes - RJ,17502,330280,2021,RJ,3302809.0,262,1892.0,1496.9717746543254,10.810193120786197
3302858,Mesquita - RJ,167127,330285,2021,RJ,3302858.0,2000,39137.0,1196.6947291580655,23.417520807529606
3302908,Miguel Pereira - RJ,26582,330290,2021,RJ,3302908.0,331,4492.0,1245.2035211797456,16.898653223986155
3303005,Miracema - RJ,26881,330300,2021,RJ,3303005.0,366,2668.0,1361.5564897139243,9.925225996056694
3303104,Natividade - RJ,15074,330310,2021,RJ,3303104.0,173,1883.0,1147.671487329176,12.491707575958603
3303203,Nilópolis - RJ,146774,330320,2021,RJ,3303203.0,2053,43950.0,1398.7490972515568,29.943995530543553
3303302,Niterói - RJ,481749,330330,2021,RJ,3303302.0,6409,291690.0,1330.360831055176,60.54812775947641
3303401,Nova Friburgo - RJ,189939,330340,2021,RJ,3303401.0,2280,49568.0,1200.3853868873691,26.096799498786456
3303500,Nova Iguaçu - RJ,785867,330350,2021,RJ,3303500.0,9151,180746.0,1164.4464012358324,22.999566084337424
3303609,Paracambi - RJ,41375,330360,2021,RJ,3303609.0,600,4871.0,1450.1510574018127,11.772809667673716
3303708,Paraíba do Sul - RJ,42063,330370,2021,RJ,3303708.0,499,5885.0,1186.3157644485652,13.99091838432827
3303807,Paraty - RJ,45243,330380,2021,RJ,3303807.0,383,5619.0,846.5397962115687,12.419600822226643
3303856,Paty do Alferes - RJ,29619,330385,2021,RJ,3303856.0,362,1758.0,1222.1884601100646,5.935379317330092
3303906,Petrópolis - RJ,278881,330390,2021,RJ,3303906.0,4008,86585.0,1437.172127179693,31.047292572817796
3303955,Pinheiral - RJ,24298,330395,2021,RJ,3303955.0,256,4680.0,1053.5846571734298,19.260844513951767
3304003,Piraí - RJ,27474,330400,2021,RJ,3304003.0,282,5380.0,1026.4249836208778,19.582150396738733
3304102,Porciúncula - RJ,17288,330410,2021,RJ,3304102.0,160,2030.0,925.497454881999,11.742248958815363
3304110,Porto Real - RJ,20373,330411,2021,RJ,3304110.0,209,6254.0,1025.8675698228046,30.69749177833407
3304128,Quatis - RJ,13682,330412,2021,RJ,3304128.0,111,3153.0,811.2848998684403,23.044876480046778
3304144,Queimados - RJ,140523,330414,2021,RJ,3304144.0,1588,22251.0,1130.0641176177567,15.834418564932431
3304151,Quissamã - RJ,22393,330415,2021,RJ,3304151.0,264,2099.0,1178.9398472737016,9.373464922073863
3304201,Resende - RJ,129612,330420,2021,RJ,3304201.0,1292,47461.0,996.8212819800636,36.61775144276764
3304300,Rio Bonito - RJ,56276,330430,2021,RJ,3304300.0,650,9062.0,1155.0216788684343,16.102779159855
3304409,Rio Claro - RJ,17401,330440,2021,RJ,3304409.0,196,2104.0,1126.3720475834723,12.091259123038906
3304508,Rio das Flores - RJ,8954,330450,2021,RJ,3304508.0,85,799.0,949.2964038418584,8.923386196113468
3304524,Rio das Ostras - RJ,156491,330452,2021,RJ,3304524.0,1331,48566.0,850.5281453885526,31.03437258372686
3304557,Rio de Janeiro - RJ,6211223,330455,2021,RJ,3304557.0,74768,3119526.0,1203.7564904689464,50.2240219035768
3304607,Santa Maria Madalena - RJ,10232,330460,2021,RJ,3304607.0,98,1070.0,957.7795152462862,10.4573885848319
3304706,Santo Antônio de Pádua - RJ,41325,330470,2021,RJ,3304706.0,525,6804.0,1270.4174228675136,16.464609800362975
3304755,São Francisco de Itabapoana - RJ,45059,330475,2021,RJ,3304755.0,543,3246.0,1205.0866641514458,7.203888235424666
3304805,São Fidélis - RJ,38961,330480,2021,RJ,3304805.0,478,5247.0,1226.8678935345602,13.467313467313469
3304904,São Gonçalo - RJ,896744,330490,2021,RJ,3304904.0,10424,251002.0,1162.4276270596738,27.99037406439296
3305000,São João da Barra - RJ,36573,330500,2021,RJ,3305000.0,522,7669.0,1427.282421458453,20.96902086238482
3305109,São João de Meriti - RJ,440962,330510,2021,RJ,3305109.0,5112,86741.0,1159.283566384405,19.670855992126306
3305133,São José de Ubá - RJ,7070,330513,2021,RJ,3305133.0,83,318.0,1173.974540311174,4.497878359264497
3305158,São José do Vale do Rio Preto - RJ,22080,330515,2021,RJ,3305158.0,237,1587.0,1073.3695652173913,7.187499999999999
3305208,São Pedro da Aldeia - RJ,104029,330520,2021,RJ,3305208.0,1079,16319.0,1037.2107777638928,15.68697190206577
3305307,São Sebastião do Alto - RJ,7750,330530,2021,RJ,3305307.0,100,461.0,1290.3225806451612,5.948387096774193
3305406,Sapucaia - RJ,17729,330540,2021,RJ,3305406.0,214,3630.0,1207.0618760223363,20.474928083930283
3305505,Saquarema - RJ,89559,330550,2021,RJ,3305505.0,1094,13520.0,1221.5411069797565,15.096193570718745
3305554,Seropédica - RJ,80596,330555,2021,RJ,3305554.0,891,14641.0,1105.5139212864162,18.165913941138516
3305604,Silva Jardim - RJ,21352,330560,2021,RJ,3305604.0,243,1526.0,1138.0666916448108,7.146871487448482
3305703,Sumidouro - RJ,15206,330570,2021,RJ,3305703.0,165,843.0,1085.0979876364593,5.543864264106274
3305752,Tanguá - RJ,31086,330575,2021,RJ,3305752.0,339,2571.0,1090.523065045358,8.270604130476741
3305802,Teresópolis - RJ,165123,330580,2021,RJ,3305802.0,2056,38979.0,1245.1324164410773,23.6060391344634
3305901,Trajano de Moraes - RJ,10302,330590,2021,RJ,3305901.0,94,677.0,912.44418559503,6.571539506891866
3306008,Três Rios - RJ,78346,330600,2021,RJ,3306008.0,933,15999.0,1190.8712633701784,20.420953207566438
3306107,Valença - RJ,68088,330610,2021,RJ,3306107.0,875,8360.0,1285.10163318059,12.27822817530255
3306156,Varre-Sai - RJ,10207,330615,2021,RJ,3306156.0,81,518.0,793.5730381111002,5.074948564710493
3306206,Vassouras - RJ,33976,330620,2021,RJ,3306206.0,486,4637.0,1430.421473981634,13.647869084059336
3306305,Volta Redonda - RJ,261563,330630,2021,RJ,3306305.0,3202,102886.0,1224.1792608281753,39.33507415039589
3500105,Adamantina - SP,34687,350010,2021,SP,3500105.0,448,8151.0,1291.5501484706085,23.498717098624844
3500204,Adolfo - SP,4351,350020,2021,SP,3500204.0,51,709.0,1172.144334635716,16.295104573661227
3500303,Aguaí - SP,32072,350030,2021,SP,3500303.0,393,6565.0,1225.367922175106,20.469568470940384
3500402,Águas da Prata - SP,7369,350040,2021,SP,3500402.0,105,1742.0,1424.8880445107884,23.639571176550415
3500501,Águas de Lindóia - SP,17930,350050,2021,SP,3500501.0,241,2640.0,1344.1160066926939,14.723926380368098
3500550,Águas de Santa Bárbara - SP,7177,350055,2021,SP,3500550.0,63,797.0,877.8040964191167,11.104918489619617
3500600,Águas de São Pedro - SP,2780,350060,2021,SP,3500600.0,59,1554.0,2122.3021582733813,55.899280575539564
3500709,Agudos - SP,37680,350070,2021,SP,3500709.0,391,8812.0,1037.6857749469214,23.3864118895966
3500758,Alambari - SP,6141,350075,2021,SP,3500758.0,68,760.0,1107.3115127829344,12.375834554632796
3500808,Alfredo Marcondes - SP,4445,350080,2021,SP,3500808.0,61,1194.0,1372.3284589426323,26.86164229471316
3500907,Altair - SP,3451,350090,2021,SP,3500907.0,43,790.0,1246.0156476383656,22.891915386844396
3501004,Altinópolis - SP,16818,350100,2021,SP,3501004.0,187,2379.0,1111.9039124747294,14.145558330360327
3501103,Alto Alegre - SP,3841,350110,2021,SP,3501103.0,88,499.0,2291.070033845353,12.991408487373079
3501152,Alumínio - SP,17301,350115,2021,SP,3501152.0,169,7891.0,976.8221490087278,45.61008034217675
3501202,Álvares Florence - SP,3915,350120,2021,SP,3501202.0,45,437.0,1149.4252873563219,11.16219667943806
3501301,Álvares Machado - SP,27255,350130,2021,SP,3501301.0,283,6389.0,1038.3415886993212,23.441570354063472
3501400,Álvaro de Carvalho - SP,4808,350140,2021,SP,3501400.0,35,111.0,727.9534109816972,2.3086522462562398
3501509,Alvinlândia - SP,2885,350150,2021,SP,3501509.0,35,178.0,1213.1715771230502,6.169844020797227
3501608,Americana - SP,237240,350160,2021,SP,3501608.0,2249,131010.0,947.9851627044343,55.222559433485074
3501707,Américo Brasiliense - SP,33019,350170,2021,SP,3501707.0,306,15516.0,926.7391501862563,46.991126321209
3501806,Américo de Campos - SP,5870,350180,2021,SP,3501806.0,82,1316.0,1396.9335604770017,22.419080068143103
3501905,Amparo - SP,68008,350190,2021,SP,3501905.0,795,29427.0,1168.9801199858841,43.269909422420895
3502002,Analândia - SP,4589,350200,2021,SP,3502002.0,47,781.0,1024.1882763129222,17.01895837873175
3502101,Andradina - SP,59783,350210,2021,SP,3502101.0,688,12435.0,1150.8288309385612,20.80022748942007
3502200,Angatuba - SP,24022,350220,2021,SP,3502200.0,265,3183.0,1103.1554408458912,13.250353842311217
3502309,Anhembi - SP,5674,350230,2021,SP,3502309.0,52,377.0,916.4610504053578,6.644342615438843
3502408,Anhumas - SP,4023,350240,2021,SP,3502408.0,35,757.0,869.9975142928163,18.81680338056177
3502507,Aparecida - SP,32569,350250,2021,SP,3502507.0,419,5635.0,1286.499431975191,17.30172863766158
3502606,Aparecida d'Oeste - SP,4086,350260,2021,SP,3502606.0,64,519.0,1566.324033284386,12.701908957415565
3502705,Apiaí - SP,24585,350270,2021,SP,3502705.0,289,1723.0,1175.5135245068132,7.00833841773439
3502754,Araçariguama - SP,21522,350275,2021,SP,3502754.0,185,4727.0,859.5855403772885,21.96357215872131
3502804,Araçatuba - SP,200124,350280,2021,SP,3502804.0,2422,67276.0,1210.2496452199637,33.61715736243529
3502903,Araçoiaba da Serra - SP,32443,350290,2021,SP,3502903.0,340,8898.0,1047.9918626514195,27.426563511389208
3503000,Aramina - SP,5420,350300,2021,SP,3503000.0,61,1914.0,1125.461254612546,35.313653136531364
3503109,Arandu - SP,6885,350310,2021,SP,3503109.0,67,427.0,973.1299927378359,6.201888162672477
3503158,Arapeí - SP,2330,350315,2021,SP,3503158.0,26,53.0,1115.8798283261801,2.2746781115879826
3503208,Araraquara - SP,242228,350320,2021,SP,3503208.0,2379,120264.0,982.1325362881252,49.64909093911521
3503307,Araras - SP,130866,350330,2021,SP,3503307.0,1255,61650.0,958.9962251463328,47.10925679702902
3503356,Arco-Íris - SP,2044,350335,2021,SP,3503356.0,18,108.0,880.6262230919765,5.283757338551859
3503406,Arealva - SP,8130,350340,2021,SP,3503406.0,112,1010.0,1377.6137761377615,12.423124231242312
3503505,Areias - SP,3577,350350,2021,SP,3503505.0,45,167.0,1258.0374615599665,4.668716801789209
3503604,Areiópolis - SP,10130,350360,2021,SP,3503604.0,87,2569.0,858.8351431391906,25.36031589338598
3503703,Ariranha - SP,7602,350370,2021,SP,3503703.0,87,2783.0,1144.4356748224152,36.60878716127335
3503802,Artur Nogueira - SP,51456,350380,2021,SP,3503802.0,437,13930.0,849.2692786069651,27.07167288557214
3503901,Arujá - SP,86678,350390,2021,SP,3503901.0,754,35786.0,869.8862456448003,41.28613950483398
3503950,Aspásia - SP,1842,350395,2021,SP,3503950.0,17,186.0,922.9098805646038,10.097719869706841
3504008,Assis - SP,101409,350400,2021,SP,3504008.0,1184,26917.0,1167.5492313305524,26.543009003145677
3504107,Atibaia - SP,158647,350410,2021,SP,3504107.0,1658,72281.0,1045.0875213524364,45.560899355172175
3504206,Auriflama - SP,13692,350420,2021,SP,3504206.0,180,3093.0,1314.6362839614374,22.58983347940403
3504305,Avaí - SP,4483,350430,2021,SP,3504305.0,37,552.0,825.3401739906312,12.313183136292661
3504404,Avanhandava - SP,11263,350440,2021,SP,3504404.0,130,1384.0,1154.2217881559086,12.288022729290597
3504503,Avaré - SP,92805,350450,2021,SP,3504503.0,983,15836.0,1059.21017186574,17.063735790097518
3504602,Bady Bassitt - SP,27260,350460,2021,SP,3504602.0,220,8043.0,807.0432868672046,29.50476889214967
3504701,Balbinos - SP,3887,350470,2021,SP,3504701.0,13,155.0,334.44816053511704,3.987651144841781
3504800,Bálsamo - SP,9596,350480,2021,SP,3504800.0,131,2465.0,1365.1521467278033,25.687786577740724
3504909,Bananal - SP,9969,350490,2021,SP,3504909.0,77,1030.0,772.3944227104022,10.332029290801485
3505005,Barão de Antonina - SP,3531,350500,2021,SP,3505005.0,29,20.0,821.297082979326,0.5664117813650524
3505104,Barbosa - SP,5640,350510,2021,SP,3505104.0,60,397.0,1063.8297872340424,7.039007092198582
3505203,Bariri - SP,31595,350520,2021,SP,3505203.0,404,4789.0,1278.6833359708814,15.157461623674632
3505302,Barra Bonita - SP,34346,350530,2021,SP,3505302.0,407,9057.0,1184.9997088452803,26.369882955802716
3505351,Barra do Chapéu - SP,5179,350535,2021,SP,3505351.0,58,13.0,1119.9073180150608,0.2510137092102723
3505401,Barra do Turvo - SP,6876,350540,2021,SP,3505401.0,68,160.0,988.9470622454915,2.326934264107039
3505500,Barretos - SP,122485,350550,2021,SP,3505500.0,1428,31211.0,1165.8570437196393,25.481487529085197
3505609,Barrinha - SP,32092,350560,2021,SP,3505609.0,238,11526.0,741.6178486850306,35.91549295774648
3505708,Barueri - SP,316473,350570,2021,SP,3505708.0,2695,161079.0,851.5734359645215,50.89818088746907
3505807,Bastos - SP,21503,350580,2021,SP,3505807.0,251,2952.0,1167.278984327768,13.72831697902618
3505906,Batatais - SP,58402,350590,2021,SP,3505906.0,658,13349.0,1126.6737440498614,22.857093935139208
3506003,Bauru - SP,379146,350600,2021,SP,3506003.0,3803,156405.0,1003.0436823809297,41.25191878590306
3506102,Bebedouro - SP,76373,350610,2021,SP,3506102.0,966,27979.0,1264.8449059222498,36.63467455776256
3506201,Bento de Abreu - SP,2606,350620,2021,SP,3506201.0,29,1082.0,1112.8165771297006,41.51957022256332
3506300,Bernardino de Campos - SP,11607,350630,2021,SP,3506300.0,129,936.0,1111.3982941328509,8.064099250452312
3506359,Bertioga - SP,64188,350635,2021,SP,3506359.0,516,14579.0,803.8885773041691,22.712968156041626
3506409,Bilac - SP,7319,350640,2021,SP,3506409.0,106,1294.0,1448.285284874983,17.68001093045498
3506508,Birigui - SP,118979,350650,2021,SP,3506508.0,1367,33864.0,1148.9422503130804,28.462165592247374
3506607,Biritiba Mirim - SP,29683,350660,2021,SP,3506607.0,299,3252.0,1007.3105818145066,10.955765926624668
3506706,Boa Esperança do Sul - SP,12978,350670,2021,SP,3506706.0,110,3041.0,847.5882262290029,23.431961781476346
3506805,Bocaina - SP,11259,350680,2021,SP,3506805.0,133,1924.0,1181.2772004618528,17.088551381117327
3506904,Bofete - SP,10460,350690,2021,SP,3506904.0,102,957.0,975.1434034416827,9.149139579349905
3507001,Boituva - SP,61081,350700,2021,SP,3507001.0,577,19271.0,944.6472716556704,31.54990913704753
3507100,Bom Jesus dos Perdões - SP,22006,350710,2021,SP,3507100.0,204,5145.0,927.0199036626375,23.3799872761974
3507159,Bom Sucesso de Itararé - SP,3555,350715,2021,SP,3507159.0,28,186.0,787.6230661040788,5.232067510548523
3507209,Borá - SP,907,350720,2021,SP,3507209.0,10,181.0,1102.5358324145534,19.955898566703418
3507308,Boracéia - SP,4715,350730,2021,SP,3507308.0,51,437.0,1081.6542948038175,9.268292682926829
3507407,Borborema - SP,14226,350740,2021,SP,3507407.0,154,1905.0,1082.5249543090117,13.390974272458877
3507456,Borebi - SP,2713,350745,2021,SP,3507456.0,23,382.0,847.7699963140435,14.080353851824547
3507506,Botucatu - SP,145155,350750,2021,SP,3507506.0,1403,41205.0,966.552995074231,28.386896765526505
3507605,Bragança Paulista - SP,176811,350760,2021,SP,3507605.0,1853,65783.0,1048.0117187279072,37.2052643783475
3507704,Braúna - SP,5356,350770,2021,SP,3507704.0,67,691.0,1250.9335324869305,12.901418969380135
3507753,Brejo Alegre - SP,2565,350775,2021,SP,3507753.0,24,413.0,935.672514619883,16.101364522417157
3507803,Brodowski - SP,25201,350780,2021,SP,3507803.0,253,6235.0,1003.9284155390659,24.74108170310702
3507902,Brotas - SP,23898,350790,2021,SP,3507902.0,247,3927.0,1033.559293664742,16.432337434094904
3508009,Buri - SP,20250,350800,2021,SP,3508009.0,246,660.0,1214.8148148148148,3.259259259259259
3508108,Buritama - SP,17210,350810,2021,SP,3508108.0,196,2536.0,1138.872748402092,14.7356188262638
3508207,Buritizal - SP,4356,350820,2021,SP,3508207.0,45,1519.0,1033.0578512396694,34.87144168962351
3508306,Cabrália Paulista - SP,4299,350830,2021,SP,3508306.0,45,409.0,1046.75505931612,9.513840428006514
3508405,Cabreúva - SP,47011,350840,2021,SP,3508405.0,397,17664.0,844.4832060581567,37.5741847652677
3508504,Caçapava - SP,96202,350850,2021,SP,3508504.0,907,36078.0,942.80784183281,37.502338828714585
3508603,Cachoeira Paulista - SP,31564,350860,2021,SP,3508603.0,361,7709.0,1143.708021796984,24.423393739703457
3508702,Caconde - SP,17101,350870,2021,SP,3508702.0,202,2192.0,1181.2174726624173,12.817963861762472
3508801,Cafelândia - SP,16654,350880,2021,SP,3508801.0,207,3542.0,1242.944637924823,21.268163804491415
3508900,Caiabu - SP,3712,350890,2021,SP,3508900.0,46,337.0,1239.2241379310344,9.078663793103448
3509007,Caieiras - SP,95032,350900,2021,SP,3509007.0,826,34514.0,869.180907483795,36.318292785588014
3509106,Caiuá - SP,5466,350910,2021,SP,3509106.0,40,349.0,731.7965605561653,6.384924990852543
3509205,Cajamar - SP,92689,350920,2021,SP,3509205.0,676,41528.0,729.3206313586294,44.803590501569765
3509254,Cajati - SP,28515,350925,2021,SP,3509254.0,273,4859.0,957.3908469226723,17.040154304751884
3509304,Cajobi - SP,9133,350930,2021,SP,3509304.0,84,1589.0,919.741596408628,17.39844519872988
3509403,Cajuru - SP,23830,350940,2021,SP,3509403.0,255,5735.0,1070.0797314309693,24.066302979437683
3509452,Campina do Monte Alegre - SP,5954,350945,2021,SP,3509452.0,74,317.0,1242.8619415518979,5.324151830702049
3509502,Campinas - SP,1139047,350950,2021,SP,3509502.0,10661,583418.0,935.9578665322853,51.21983552917483
3509601,Campo Limpo Paulista - SP,77632,350960,2021,SP,3509601.0,766,32847.0,986.7065127782357,42.31116034624897
3509700,Campos do Jordão - SP,46974,350970,2021,SP,3509700.0,452,6207.0,962.2344275556692,13.213692681057607
3509809,Campos Novos Paulista - SP,4888,350980,2021,SP,3509809.0,55,276.0,1125.204582651391,5.646481178396072
3509908,Cananéia - SP,12289,350990,2021,SP,3509908.0,115,723.0,935.7962405403207,5.883310277483929
3509957,Canas - SP,4931,350995,2021,SP,3509957.0,39,472.0,790.9146217805718,9.572094909754615
3510005,Cândido Mota - SP,29449,351000,2021,SP,3510005.0,443,6185.0,1504.2955618187375,21.00241094774016
3510104,Cândido Rodrigues - SP,2889,351010,2021,SP,3510104.0,29,643.0,1003.8075458636206,22.256836275527863
3510153,Canitar - SP,6283,351015,2021,SP,3510153.0,69,927.0,1098.2014961005889,14.754098360655737
3510203,Capão Bonito - SP,46337,351020,2021,SP,3510203.0,540,3146.0,1165.3754019466085,6.7893907676370935
3510302,Capela do Alto - SP,22866,351030,2021,SP,3510302.0,211,2452.0,922.7674276217965,10.723344703927227
3510401,Capivari - SP,50068,351040,2021,SP,3510401.0,536,22553.0,1070.5440600782936,45.04473915474954
3510500,Caraguatatuba - SP,134873,351050,2021,SP,3510500.0,1246,25226.0,923.8320494094444,18.70352109021079
3510609,Carapicuíba - SP,386984,351060,2021,SP,3510609.0,2994,137520.0,773.675397432452,35.536352924151906
3510708,Cardoso - SP,11345,351070,2021,SP,3510708.0,189,1653.0,1665.9321286910535,14.570295284266196
3510807,Casa Branca - SP,28083,351080,2021,SP,3510807.0,356,5802.0,1267.6708328882244,20.66018587757718
3510906,Cássia dos Coqueiros - SP,2799,351090,2021,SP,3510906.0,26,238.0,928.9031797070381,8.503036798856735
3511003,Castilho - SP,19977,351100,2021,SP,3511003.0,260,3574.0,1301.4967212294139,17.890574160284327
3511102,Catanduva - SP,115791,351110,2021,SP,3511102.0,1363,46537.0,1177.1208470433799,40.19051567047525
3511201,Catiguá - SP,7003,351120,2021,SP,3511201.0,85,3077.0,1213.7655290589748,43.93831215193488
3511300,Cedral - SP,12618,351130,2021,SP,3511300.0,121,3124.0,958.9475352670788,24.75828181962276
3511409,Cerqueira César - SP,21469,351140,2021,SP,3511409.0,247,1487.0,1150.4960640924123,6.926265778564441
3511508,Cerquilho - SP,44695,351150,2021,SP,3511508.0,423,16827.0,946.4145877614947,37.648506544356195
3511607,Cesário Lange - SP,19048,351160,2021,SP,3511607.0,178,2589.0,934.4813103737924,13.59197816043679
3511706,Charqueada - SP,15535,351170,2021,SP,3511706.0,151,6084.0,971.9987125844867,39.16317991631799
3511904,Clementina - SP,6982,351190,2021,SP,3511904.0,65,1972.0,930.9653394442853,28.24405614437124
3512001,Colina - SP,18486,351200,2021,SP,3512001.0,191,7080.0,1033.2143243535647,38.299253489126905
3512100,Colômbia - SP,6629,351210,2021,SP,3512100.0,95,1193.0,1433.09699803892,17.996681249057172
3512209,Conchal - SP,28101,351220,2021,SP,3512209.0,272,5927.0,967.9370840895342,21.091776093377458
3512308,Conchas - SP,15232,351230,2021,SP,3512308.0,191,1112.0,1253.939075630252,7.300420168067228
3512407,Cordeirópolis - SP,24514,351240,2021,SP,3512407.0,260,10665.0,1060.618422126132,43.50575181528922
3512506,Coroados - SP,5400,351250,2021,SP,3512506.0,55,946.0,1018.5185185185186,17.51851851851852
3512605,Coronel Macedo - SP,4280,351260,2021,SP,3512605.0,74,108.0,1728.9719626168223,2.5233644859813085
3512704,Corumbataí - SP,4195,351270,2021,SP,3512704.0,29,1216.0,691.2991656734207,28.98688915375447
3512803,Cosmópolis - SP,59773,351280,2021,SP,3512803.0,552,20317.0,923.4938851990029,33.99026316229736
3512902,Cosmorama - SP,8719,351290,2021,SP,3512902.0,100,1442.0,1146.9205184080743,16.538593875444434
3513009,Cotia - SP,274413,351300,2021,SP,3513009.0,2105,100471.0,767.0919380641587,36.61306133455777
3513108,Cravinhos - SP,33281,351310,2021,SP,3513108.0,348,14874.0,1045.6416574021214,44.6921667017217
3513207,Cristais Paulista - SP,9272,351320,2021,SP,3513207.0,81,1762.0,873.5979292493529,19.003451251078516
3513306,Cruzália - SP,2108,351330,2021,SP,3513306.0,22,152.0,1043.6432637571158,7.2106261859582546
3513405,Cruzeiro - SP,74961,351340,2021,SP,3513405.0,930,22567.0,1240.6451354704448,30.104987927055404
3513504,Cubatão - SP,112476,351350,2021,SP,3513504.0,1047,44619.0,930.8652512536007,39.66979622319428
3513603,Cunha - SP,22110,351360,2021,SP,3513603.0,269,1046.0,1216.6440524649481,4.730890999547716
3513702,Descalvado - SP,31756,351370,2021,SP,3513702.0,367,11543.0,1155.6871142461266,36.349036402569595
3513801,Diadema - SP,393237,351380,2021,SP,3513801.0,3114,176473.0,791.8888609159362,44.87700801297945
3513850,Dirce Reis - SP,1620,351385,2021,SP,3513850.0,16,113.0,987.6543209876543,6.9753086419753085
3513900,Divinolândia - SP,11158,351390,2021,SP,3513900.0,162,1247.0,1451.8730955368346,11.175837963792794
3514007,Dobrada - SP,8759,351400,2021,SP,3514007.0,61,2508.0,696.4265327092133,28.633405639913235
3514106,Dois Córregos - SP,24510,351410,2021,SP,3514106.0,310,3734.0,1264.7898816809466,15.234598123215015
3514205,Dolcinópolis - SP,2207,351420,2021,SP,3514205.0,27,254.0,1223.3801540552788,11.508835523334843
3514304,Dourado - SP,8096,351430,2021,SP,3514304.0,101,2075.0,1247.5296442687747,25.629940711462453
3514403,Dracena - SP,45474,351440,2021,SP,3514403.0,694,7539.0,1526.146809165677,16.57870431455337
3514502,Duartina - SP,12328,351450,2021,SP,3514502.0,147,1998.0,1192.4075275794937,16.207008436080468
3514601,Dumont - SP,9471,351460,2021,SP,3514601.0,63,4108.0,665.1884700665189,43.3745116671946
3514700,Echaporã - SP,6205,351470,2021,SP,3514700.0,72,723.0,1160.354552780016,11.651893634165996
3514809,Eldorado - SP,13069,351480,2021,SP,3514809.0,134,613.0,1025.327109954855,4.690488943300942
3514908,Elias Fausto - SP,17699,351490,2021,SP,3514908.0,169,3866.0,954.8562065653427,21.843041979772867
3514924,Elisiário - SP,3138,351492,2021,SP,3514924.0,27,1032.0,860.4206500956022,32.88718929254302
3514957,Embaúba - SP,2323,351495,2021,SP,3514957.0,39,574.0,1678.8635385277657,24.70942746448558
3515004,Embu das Artes - SP,250691,351500,2021,SP,3515004.0,2096,66776.0,836.08904986617,26.636775951270685
3515103,Embu-Guaçu - SP,66970,351510,2021,SP,3515103.0,706,9042.0,1054.2033746453635,13.501567866208749
3515129,Emilianópolis - SP,3014,351512,2021,SP,3515129.0,34,397.0,1128.0690112806901,13.171864631718647
3515152,Engenheiro Coelho - SP,19566,351515,2021,SP,3515152.0,145,4410.0,741.081467852397,22.539098436062556
3515186,Espírito Santo do Pinhal - SP,39816,351518,2021,SP,3515186.0,484,16362.0,1215.5917219208359,41.09403254972875
3515194,Espírito Santo do Turvo - SP,4157,351519,2021,SP,3515194.0,39,341.0,938.1765696415684,8.203031031994227
3515202,Estrela d'Oeste - SP,9417,351520,2021,SP,3515202.0,79,1128.0,838.9083572262929,11.978337050015929
3515301,Estrela do Norte - SP,2703,351530,2021,SP,3515301.0,28,678.0,1035.886052534221,25.083240843507216
3515350,Euclides da Cunha Paulista - SP,7924,351535,2021,SP,3515350.0,71,537.0,896.0121150933871,6.776880363452801
3515400,Fartura - SP,16641,351540,2021,SP,3515400.0,191,541.0,1147.76756204555,3.2510065500871344
3515509,Fernandópolis - SP,71186,351550,2021,SP,3515509.0,908,16709.0,1275.5317056724637,23.472311971455063
3515608,Fernando Prestes - SP,5942,351560,2021,SP,3515608.0,63,1593.0,1060.2490743857288,26.80915516661057
3515657,Fernão - SP,1656,351565,2021,SP,3515657.0,18,67.0,1086.9565217391305,4.045893719806763
3515707,Ferraz de Vasconcelos - SP,179198,351570,2021,SP,3515707.0,1532,40345.0,854.9202558064263,22.514202167434906
3515806,Flora Rica - SP,1487,351580,2021,SP,3515806.0,30,95.0,2017.4848688634836,6.388702084734364
3515905,Floreal - SP,2733,351590,2021,SP,3515905.0,42,543.0,1536.7727771679474,19.868276619099888
3516002,Flórida Paulista - SP,12958,351600,2021,SP,3516002.0,140,1512.0,1080.4136440808768,11.668467356073469
3516101,Florínea - SP,3851,351610,2021,SP,3516101.0,35,243.0,908.8548428979486,6.310049337834328
3516200,Franca - SP,352536,351620,2021,SP,3516200.0,3406,117397.0,966.1424648830191,33.30071255134228
3516309,Francisco Morato - SP,165139,351630,2021,SP,3516309.0,1252,37623.0,758.1491955261931,22.782625545752367
3516408,Franco da Rocha - SP,144849,351640,2021,SP,3516408.0,1191,38023.0,822.2355694550878,26.25009492644064
3516507,Gabriel Monteiro - SP,2763,351650,2021,SP,3516507.0,33,655.0,1194.3539630836049,23.70611653999276
3516606,Gália - SP,6380,351660,2021,SP,3516606.0,83,815.0,1300.9404388714734,12.774294670846395
3516705,Garça - SP,42110,351670,2021,SP,3516705.0,549,7039.0,1303.7283305628116,16.715744478746142
3516804,Gastão Vidigal - SP,3252,351680,2021,SP,3516804.0,24,578.0,738.0073800738007,17.77367773677737
3516853,Gavião Peixoto - SP,4702,351685,2021,SP,3516853.0,47,1973.0,999.5746490854956,41.96086771586559
3516903,General Salgado - SP,10312,351690,2021,SP,3516903.0,116,2742.0,1124.9030256012413,26.590380139643134
3517000,Getulina - SP,10232,351700,2021,SP,3517000.0,119,1845.0,1163.0179827990619,18.031665363565285
3517109,Glicério - SP,4138,351710,2021,SP,3517109.0,53,383.0,1280.8119864668922,9.255679072015466
3517208,Guaiçara - SP,11239,351720,2021,SP,3517208.0,112,3165.0,996.5299403861554,28.160868404662338
3517307,Guaimbê - SP,5512,351730,2021,SP,3517307.0,68,692.0,1233.6719883889696,12.5544267053701
3517406,Guaíra - SP,39279,351740,2021,SP,3517406.0,452,17667.0,1150.742126836223,44.978232643397234
3517505,Guapiaçu - SP,21711,351750,2021,SP,3517505.0,209,7335.0,962.6456634885542,33.78471742434711
3517604,Guapiara - SP,17071,351760,2021,SP,3517604.0,220,251.0,1288.73528205729,1.4703297990744537
3517703,Guará - SP,18606,351770,2021,SP,3517703.0,213,5152.0,1144.792002579813,27.689992475545523
3517802,Guaraçaí - SP,7441,351780,2021,SP,3517802.0,105,990.0,1411.1006585136406,13.304663351700041
3517901,Guaraci - SP,10350,351790,2021,SP,3517901.0,116,2561.0,1120.7729468599034,24.743961352657003
3518008,Guarani d'Oeste - SP,1968,351800,2021,SP,3518008.0,19,174.0,965.4471544715448,8.841463414634147
3518107,Guarantã - SP,6427,351810,2021,SP,3518107.0,65,763.0,1011.3583320367201,11.871790882215652
3518206,Guararapes - SP,31043,351820,2021,SP,3518206.0,348,9402.0,1121.0256740650066,30.287021228618364
3518305,Guararema - SP,31236,351830,2021,SP,3518305.0,274,6306.0,877.1929824561403,20.18824433346139
3518404,Guaratinguetá - SP,118044,351840,2021,SP,3518404.0,1292,28452.0,1094.5071329334824,24.102876893361795
3518503,Guareí - SP,15013,351850,2021,SP,3518503.0,137,450.0,912.5424631985613,2.9974022513821357
3518602,Guariba - SP,37498,351860,2021,SP,3518602.0,350,13434.0,933.3831137660675,35.825910715238145
3518701,Guarujá - SP,287634,351870,2021,SP,3518701.0,3029,112964.0,1053.074393152409,39.273521210983404
3518800,Guarulhos - SP,1291771,351880,2021,SP,3518800.0,11956,596232.0,925.5510458122995,46.15616854690189
3518859,Guatapará - SP,7320,351885,2021,SP,3518859.0,81,2061.0,1106.5573770491803,28.15573770491803
3518909,Guzolândia - SP,4246,351890,2021,SP,3518909.0,53,497.0,1248.2336316533208,11.705134243994348
3519006,Herculândia - SP,9125,351900,2021,SP,3519006.0,122,851.0,1336.986301369863,9.326027397260274
3519055,Holambra - SP,15094,351905,2021,SP,3519055.0,98,4742.0,649.2646084536902,31.41645687027958
3519071,Hortolândia - SP,236641,351907,2021,SP,3519071.0,1903,82507.0,804.1717200316091,34.86589390680398
3519105,Iacanga - SP,10437,351910,2021,SP,3519105.0,112,2286.0,1073.1052984574112,21.902845645300374
3519204,Iacri - SP,6131,351920,2021,SP,3519204.0,70,741.0,1141.7387049420975,12.08611971945849
3519253,Iaras - SP,8010,351925,2021,SP,3519253.0,68,460.0,848.9388264669163,5.742821473158552
3519303,Ibaté - SP,32178,351930,2021,SP,3519303.0,319,8063.0,991.3605569022312,25.05749269687364
3519402,Ibirá - SP,11690,351940,2021,SP,3519402.0,126,3073.0,1077.8443113772455,26.2874251497006
3519501,Ibirarema - SP,6385,351950,2021,SP,3519501.0,94,585.0,1472.2004698512137,9.162098668754894
3519600,Ibitinga - SP,60033,351960,2021,SP,3519600.0,701,11748.0,1167.6911032265587,19.56923691969417
3519709,Ibiúna - SP,75605,351970,2021,SP,3519709.0,834,11393.0,1103.101646716487,15.069109185900404
3519808,Icém - SP,7819,351980,2021,SP,3519808.0,98,1749.0,1253.357206803939,22.368589333674382
3519907,Iepê - SP,7619,351990,2021,SP,3519907.0,87,1166.0,1141.8821367633548,15.303845649035305
3520004,Igaraçu do Tietê - SP,23106,352000,2021,SP,3520004.0,256,5384.0,1107.9373322946421,23.30130701982169
3520103,Igarapava - SP,26212,352010,2021,SP,3520103.0,290,9823.0,1106.3634976346711,37.475202197466814
3520202,Igaratá - SP,10605,352020,2021,SP,3520202.0,125,1272.0,1178.6892975011788,11.994342291371995
3520301,Iguape - SP,29115,352030,2021,SP,3520301.0,368,1339.0,1263.9532886828094,4.599003949854027
3520400,Ilhabela - SP,34934,352040,2021,SP,3520400.0,185,3457.0,529.5700463731608,9.895803515200091
3520426,Ilha Comprida - SP,13419,352042,2021,SP,3520426.0,181,513.0,1348.8337431999405,3.8229376257545273
3520442,Ilha Solteira - SP,25549,352044,2021,SP,3520442.0,294,6854.0,1150.729969861834,26.82688167834357
3520509,Indaiatuba - SP,255748,352050,2021,SP,3520509.0,2068,112365.0,808.6084739665608,43.93582745515117
3520608,Indiana - SP,5090,352060,2021,SP,3520608.0,54,821.0,1060.9037328094303,16.12966601178782
3520707,Indiaporã - SP,4035,352070,2021,SP,3520707.0,65,403.0,1610.90458488228,9.987608426270137
3520806,Inúbia Paulista - SP,3615,352080,2021,SP,3520806.0,36,278.0,995.850622406639,7.690179806362379
3520905,Ipaussu - SP,13712,352090,2021,SP,3520905.0,171,2853.0,1247.0828471411903,20.80659276546091
3521002,Iperó - SP,36459,352100,2021,SP,3521002.0,267,5332.0,732.3294659754793,14.624646863600207
3521101,Ipeúna - SP,6831,352110,2021,SP,3521101.0,66,1829.0,966.183574879227,26.77499634021373
3521150,Ipiguá - SP,6761,352115,2021,SP,3521150.0,64,1117.0,946.605531726076,16.52122467090667
3521200,Iporanga - SP,4046,352120,2021,SP,3521200.0,34,71.0,840.3361344537815,1.7548195748887792
3521309,Ipuã - SP,14454,352130,2021,SP,3521309.0,143,5320.0,989.3455098934551,36.8064203680642
3521408,Iracemápolis - SP,21967,352140,2021,SP,3521408.0,273,11575.0,1242.7732507852688,52.692675376701416
3521507,Irapuã - SP,6867,352150,2021,SP,3521507.0,103,1512.0,1499.9271880005824,22.018348623853214
3521606,Irapuru - SP,7085,352160,2021,SP,3521606.0,108,793.0,1524.347212420607,11.192660550458717
3521705,Itaberá - SP,17983,352170,2021,SP,3521705.0,210,1092.0,1167.7695601401324,6.072401712728688
3521804,Itaí - SP,25180,352180,2021,SP,3521804.0,311,2358.0,1235.1072279586974,9.364575059571088
3521903,Itajobi - SP,16989,352190,2021,SP,3521903.0,180,3550.0,1059.5090941197245,20.895873800694567
3522000,Itaju - SP,3618,352200,2021,SP,3522000.0,35,227.0,967.3852957435047,6.274184632393588
3522109,Itanhaém - SP,112476,352210,2021,SP,3522109.0,1335,15535.0,1186.9198762402646,13.811835413777162
3522158,Itaoca - SP,3422,352215,2021,SP,3522158.0,41,109.0,1198.1297486849794,3.1852717708942135
3522208,Itapecerica da Serra - SP,158522,352220,2021,SP,3522208.0,1473,37131.0,929.2085641109751,23.42324724643898
3522307,Itapetininga - SP,157790,352230,2021,SP,3522307.0,1614,31259.0,1022.8785094112428,19.810507636732368
3522406,Itapeva - SP,89728,352240,2021,SP,3522406.0,1107,16355.0,1233.728601997147,18.227309201141225
3522505,Itapevi - SP,232297,352250,2021,SP,3522505.0,1759,62781.0,757.2202826553937,27.02617769493364
3522604,Itapira - SP,72022,352260,2021,SP,3522604.0,965,21883.0,1339.8683735525258,30.383771625336703
3522653,Itapirapuã Paulista - SP,4306,352265,2021,SP,3522653.0,21,88.0,487.6915931258709,2.0436600092893635
3522703,Itápolis - SP,39493,352270,2021,SP,3522703.0,485,8245.0,1228.065733167903,20.877117463854354
3522802,Itaporanga - SP,14085,352280,2021,SP,3522802.0,159,458.0,1128.8604898828542,3.2516861909833152
3522901,Itapuí - SP,13659,352290,2021,SP,3522901.0,157,932.0,1149.4252873563219,6.82333992239549
3523008,Itapura - SP,3979,352300,2021,SP,3523008.0,57,565.0,1432.5207338527268,14.199547625031414
3523107,Itaquaquecetuba - SP,369275,352310,2021,SP,3523107.0,2601,93776.0,704.3531243653105,25.39462460226119
3523206,Itararé - SP,44438,352320,2021,SP,3523206.0,624,4091.0,1404.203609523381,9.206084882307934
3523305,Itariri - SP,15528,352330,2021,SP,3523305.0,144,914.0,927.3570324574961,5.886141164348274
3523404,Itatiba - SP,121590,352340,2021,SP,3523404.0,1125,42960.0,925.2405625462621,35.33185294843326
3523503,Itatinga - SP,19070,352350,2021,SP,3523503.0,173,4369.0,907.1840587309911,22.910330361824858
3523602,Itirapina - SP,16148,352360,2021,SP,3523602.0,121,2892.0,749.3188010899182,17.909338617785483
3523701,Itirapuã - SP,5779,352370,2021,SP,3523701.0,46,994.0,795.9854646132549,17.200207648382072
3523800,Itobi - SP,8046,352380,2021,SP,3523800.0,77,1557.0,956.9972657220978,19.351230425055927
3523909,Itu - SP,168240,352390,2021,SP,3523909.0,1629,68212.0,968.2596291012838,40.54446029481693
3524006,Itupeva - SP,70616,352400,2021,SP,3524006.0,420,30183.0,594.7660586835844,42.742437974396736
3524105,Ituverava - SP,37571,352410,2021,SP,3524105.0,453,13678.0,1205.717175481089,36.40573846849964
3524204,Jaborandi - SP,6221,352420,2021,SP,3524204.0,77,1389.0,1237.7431281144509,22.327600064298345
3524303,Jaboticabal - SP,71821,352430,2021,SP,3524303.0,864,30232.0,1202.9907687166706,42.093538101669424
3524402,Jacareí - SP,240275,352440,2021,SP,3524402.0,2142,102288.0,891.4785142024763,42.571220476537306
3524501,Jaci - SP,7613,352450,2021,SP,3524501.0,80,2016.0,1050.8340995665308,26.48101930907658
3524600,Jacupiranga - SP,16097,352460,2021,SP,3524600.0,174,1475.0,1080.946760265888,9.163198111449338
3524709,Jaguariúna - SP,59347,352470,2021,SP,3524709.0,537,20587.0,904.8477597856673,34.689200802062444
3524808,Jales - SP,48776,352480,2021,SP,3524808.0,609,12193.0,1248.5648679678532,24.997949811382647
3524907,Jambeiro - SP,6397,352490,2021,SP,3524907.0,45,1377.0,703.4547444114429,21.52571517899015
3525003,Jandira - SP,118045,352500,2021,SP,3525003.0,798,39103.0,676.0133847261637,33.12550298614935
3525102,Jardinópolis - SP,45282,352510,2021,SP,3525102.0,426,12963.0,940.7711673512655,28.627269113555055
3525201,Jarinu - SP,37535,352520,2021,SP,3525201.0,277,10332.0,737.9778873051819,27.526308778473425
3525300,Jaú - SP,133497,352530,2021,SP,3525300.0,1556,26322.0,1165.569263728773,19.717297017910514
3525409,Jeriquara - SP,3863,352540,2021,SP,3525409.0,28,575.0,724.8252653378204,14.884804556044525
3525508,Joanópolis - SP,12815,352550,2021,SP,3525508.0,147,1797.0,1147.0932500975418,14.022629730784237
3525607,João Ramalho - SP,4371,352560,2021,SP,3525607.0,48,1214.0,1098.146877144818,27.77396476778769
3525706,José Bonifácio - SP,36633,352570,2021,SP,3525706.0,389,9805.0,1061.8840935768296,26.765484672290015
3525805,Júlio Mesquita - SP,4254,352580,2021,SP,3525805.0,53,522.0,1245.886224729666,12.270803949224259
3525854,Jumirim - SP,3056,352585,2021,SP,3525854.0,27,940.0,883.5078534031414,30.759162303664922
3525904,Jundiaí - SP,443221,352590,2021,SP,3525904.0,4260,268415.0,961.1457940846665,60.56008176507882
3526001,Junqueirópolis - SP,20448,352600,2021,SP,3526001.0,274,3487.0,1339.9843505477309,17.05301251956182
3526100,Juquiá - SP,17154,352610,2021,SP,3526100.0,220,1228.0,1282.4997085227935,7.158680191209048
3526209,Juquitiba - SP,27404,352620,2021,SP,3526209.0,277,1759.0,1010.801342869654,6.418770982338345
3526308,Lagoinha - SP,5083,352630,2021,SP,3526308.0,64,251.0,1259.0989573086758,4.9380287231949636
3526407,Laranjal Paulista - SP,26261,352640,2021,SP,3526407.0,347,6614.0,1321.3510528921213,25.185636495182973
3526506,Lavínia - SP,9689,352650,2021,SP,3526506.0,64,561.0,660.5428836825266,5.790071214779647
3526605,Lavrinhas - SP,7171,352660,2021,SP,3526605.0,88,1863.0,1227.1649700181285,25.979640217542883
3526704,Leme - SP,98161,352670,2021,SP,3526704.0,1033,32210.0,1052.3527673923454,32.81343914589297
3526803,Lençóis Paulista - SP,66505,352680,2021,SP,3526803.0,583,28472.0,876.6258176076987,42.81181866025111
3526902,Limeira - SP,291869,352690,2021,SP,3526902.0,3032,140142.0,1038.822211334537,48.01537676149231
3527009,Lindóia - SP,7014,352700,2021,SP,3527009.0,92,704.0,1311.662389506701,10.03706871970345
3527108,Lins - SP,74779,352710,2021,SP,3527108.0,967,32313.0,1293.143797055323,43.21132938391795
3527207,Lorena - SP,84855,352720,2021,SP,3527207.0,868,23323.0,1022.9214542454775,27.485710918625887
3527256,Lourdes - SP,1950,352725,2021,SP,3527256.0,23,232.0,1179.4871794871794,11.897435897435898
3527306,Louveira - SP,51847,352730,2021,SP,3527306.0,313,19269.0,603.6993461531043,37.165120450556444
3527405,Lucélia - SP,20061,352740,2021,SP,3527405.0,240,2166.0,1196.351129056378,10.797068939733812
3527504,Lucianópolis - SP,2372,352750,2021,SP,3527504.0,26,167.0,1096.1214165261383,7.040472175379427
3527603,Luís Antônio - SP,12265,352760,2021,SP,3527603.0,90,3905.0,733.7953526294333,31.838565022421523
3527702,Luiziânia - SP,4701,352770,2021,SP,3527702.0,53,732.0,1127.4196979366093,15.57115507338864
3527801,Lupércio - SP,3981,352780,2021,SP,3527801.0,49,356.0,1230.8465209746294,8.942476764632001
3527900,Lutécia - SP,2661,352790,2021,SP,3527900.0,29,303.0,1089.815858699737,11.386696730552424
3528007,Macatuba - SP,16829,352800,2021,SP,3528007.0,182,5114.0,1081.4665161328658,30.38802067859053
3528106,Macaubal - SP,7481,352810,2021,SP,3528106.0,88,1715.0,1176.313327095308,22.924742681459698
3528205,Macedônia - SP,3963,352820,2021,SP,3528205.0,56,285.0,1413.0709058793843,7.1915215745647245
3528304,Magda - SP,3165,352830,2021,SP,3528304.0,41,557.0,1295.4186413902055,17.59873617693523
3528403,Mairinque - SP,50027,352840,2021,SP,3528403.0,478,19803.0,955.4840386191456,39.58462430287645
3528502,Mairiporã - SP,93853,352850,2021,SP,3528502.0,793,19579.0,844.9383610539887,20.861347000095893
3528601,Manduri - SP,9871,352860,2021,SP,3528601.0,112,726.0,1134.6368149123696,7.354877925235538
3528700,Marabá Paulista - SP,4573,352870,2021,SP,3528700.0,38,238.0,830.9643560026241,5.204460966542751
3528809,Maracaí - SP,12673,352880,2021,SP,3528809.0,145,2978.0,1144.1647597254005,23.49877692732581
3528858,Marapoama - SP,3292,352885,2021,SP,3528858.0,44,611.0,1336.5735115431348,18.560145808019442
3528908,Mariápolis - SP,3513,352890,2021,SP,3528908.0,45,239.0,1280.9564474807858,6.803302021064617
3529005,Marília - SP,237627,352900,2021,SP,3529005.0,2733,85279.0,1150.1218295900717,35.88775686264608
3529104,Marinópolis - SP,1860,352910,2021,SP,3529104.0,14,101.0,752.6881720430108,5.43010752688172
3529203,Martinópolis - SP,24881,352920,2021,SP,3529203.0,294,3882.0,1181.624532776014,15.60226678992002
3529302,Matão - SP,79033,352930,2021,SP,3529302.0,781,35190.0,988.1948047018334,44.525704452570444
3529401,Mauá - SP,418261,352940,2021,SP,3529401.0,3496,198620.0,835.8417351844901,47.48709537824469
3529500,Mendonça - SP,6159,352950,2021,SP,3529500.0,69,1565.0,1120.3117389186557,25.409969150836176
3529609,Meridiano - SP,4572,352960,2021,SP,3529609.0,58,673.0,1268.5914260717411,14.720034995625547
3529658,Mesópolis - SP,1952,352965,2021,SP,3529658.0,15,313.0,768.4426229508197,16.03483606557377
3529708,Miguelópolis - SP,19441,352970,2021,SP,3529708.0,240,6635.0,1234.5043979219176,34.12890283421635
3529807,Mineiros do Tietê - SP,11230,352980,2021,SP,3529807.0,127,1200.0,1130.8993766696349,10.685663401602849
3529906,Miracatu - SP,18553,352990,2021,SP,3529906.0,225,956.0,1212.74187462944,5.1528054762033095
3530003,Mira Estrela - SP,3126,353000,2021,SP,3530003.0,42,372.0,1343.5700575815738,11.900191938579654
3530102,Mirandópolis - SP,27983,353010,2021,SP,3530102.0,346,4490.0,1236.4649966050815,16.045456169817392
3530201,Mirante do Paranapanema - SP,15917,353020,2021,SP,3530201.0,194,3156.0,1218.8226424577497,19.827857008230193
3530300,Mirassol - SP,63337,353030,2021,SP,3530300.0,650,23499.0,1026.2563746309424,37.10153622685002
3530409,Mirassolândia - SP,4669,353040,2021,SP,3530409.0,57,597.0,1220.8181623473977,12.786463910901691
3530508,Mococa - SP,67681,353050,2021,SP,3530508.0,858,19661.0,1267.7117654880985,29.049511679791966
3530607,Mogi das Cruzes - SP,451505,353060,2021,SP,3530607.0,4122,160281.0,912.9467004795074,35.49927464812128
3530706,Mogi Guaçu - SP,153658,353070,2021,SP,3530706.0,1726,55360.0,1123.2737638131434,36.02806232021762
3530805,Mogi Mirim - SP,92558,353080,2021,SP,3530805.0,1051,33066.0,1135.5042243782277,35.724626720542794
3530904,Mombuca - SP,3722,353090,2021,SP,3530904.0,48,936.0,1289.6292315959163,25.14777001612036
3531001,Monções - SP,1937,353100,2021,SP,3531001.0,23,359.0,1187.4032008260197,18.53381517811048
3531100,Mongaguá - SP,61951,353110,2021,SP,3531100.0,746,8066.0,1204.1774951171087,13.019967393585253
3531209,Monte Alegre do Sul - SP,8627,353120,2021,SP,3531209.0,87,3506.0,1008.4618059580388,40.63985162860786
3531308,Monte Alto - SP,47574,353130,2021,SP,3531308.0,509,22449.0,1069.91213688149,47.18753941228402
3531407,Monte Aprazível - SP,22280,353140,2021,SP,3531407.0,256,8115.0,1149.0125673249552,36.422800718132855
3531506,Monte Azul Paulista - SP,18151,353150,2021,SP,3531506.0,201,5059.0,1107.377004021817,27.871742603713294
3531605,Monte Castelo - SP,4222,353160,2021,SP,3531605.0,41,772.0,971.1037423022264,18.285172903837044
3531704,Monteiro Lobato - SP,4138,353170,2021,SP,3531704.0,38,548.0,918.3180280328661,13.243112614789753
3531803,Monte Mor - SP,64662,353180,2021,SP,3531803.0,579,19323.0,895.4254430732115,29.883084346293032
3531902,Morro Agudo - SP,27933,353190,2021,SP,3531902.0,281,9389.0,1005.9785916299717,33.612572942397875
3532009,Morungaba - SP,13720,353200,2021,SP,3532009.0,159,3719.0,1158.8921282798833,27.1064139941691
3532058,Motuca - SP,4034,353205,2021,SP,3532058.0,37,1504.0,917.2037679722359,37.28309370352008
3532108,Murutinga do Sul - SP,3737,353210,2021,SP,3532108.0,60,453.0,1605.5659620016056,12.122023013112122
3532157,Nantes - SP,2660,353215,2021,SP,3532157.0,24,313.0,902.2556390977444,11.766917293233083
3532207,Narandiba - SP,5713,353220,2021,SP,3532207.0,49,812.0,857.6929809207072,14.213197969543149
3532306,Natividade da Serra - SP,6999,353230,2021,SP,3532306.0,66,382.0,942.9918559794256,5.457922560365767
3532405,Nazaré Paulista - SP,18217,353240,2021,SP,3532405.0,209,2333.0,1147.2800131745073,12.806718998737443
3532504,Neves Paulista - SP,9699,353250,2021,SP,3532504.0,123,2595.0,1268.171976492422,26.755335601608415
3532603,Nhandeara - SP,9852,353260,2021,SP,3532603.0,136,2476.0,1380.4303694681284,25.131952902963867
3532702,Nipoã - SP,4750,353270,2021,SP,3532702.0,46,988.0,968.421052631579,20.8
3532801,Nova Aliança - SP,6693,353280,2021,SP,3532801.0,81,1514.0,1210.2196324518152,22.620648438667263
3532827,Nova Campina - SP,8497,353282,2021,SP,3532827.0,83,812.0,976.8153465929151,9.556313993174061
3532843,Nova Canaã Paulista - SP,2032,353284,2021,SP,3532843.0,21,141.0,1033.464566929134,6.9389763779527565
3532868,Nova Castilho - SP,1062,353286,2021,SP,3532868.0,13,135.0,1224.105461393597,12.711864406779661
3532900,Nova Europa - SP,9311,353290,2021,SP,3532900.0,114,4210.0,1224.3582858983998,45.215336698528624
3533007,Nova Granada - SP,19419,353300,2021,SP,3533007.0,188,4966.0,968.1240022658221,25.57289252793656
3533106,Nova Guataporanga - SP,2156,353310,2021,SP,3533106.0,27,384.0,1252.3191094619665,17.810760667903523
3533205,Nova Independência - SP,4609,353320,2021,SP,3533205.0,44,1267.0,954.6539379474941,27.48969407680625
3533254,Novais - SP,4412,353325,2021,SP,3533254.0,34,940.0,770.625566636446,21.30553037171351
3533304,Nova Luzitânia - SP,2837,353330,2021,SP,3533304.0,33,444.0,1163.200563976031,15.650334860768417
3533403,Nova Odessa - SP,62019,353340,2021,SP,3533403.0,572,25761.0,922.2980054499428,41.5372708363566
3533502,Novo Horizonte - SP,38324,353350,2021,SP,3533502.0,494,10271.0,1289.009497964722,26.800438367602545
3533601,Nuporanga - SP,7391,353360,2021,SP,3533601.0,71,2354.0,960.6277905560817,31.849546746042485
3533700,Ocauçu - SP,4331,353370,2021,SP,3533700.0,34,397.0,785.0380974370815,9.166474255368275
3533809,Óleo - SP,2512,353380,2021,SP,3533809.0,33,129.0,1313.6942675159237,5.135350318471338
3533908,Olímpia - SP,55074,353390,2021,SP,3533908.0,639,22262.0,1160.2571086174964,40.42197770272724
3534005,Onda Verde - SP,4771,353400,2021,SP,3534005.0,44,1065.0,922.2385244183608,22.322364284217144
3534104,Oriente - SP,6085,353410,2021,SP,3534104.0,72,1878.0,1183.237469186524,30.862777321281843
3534203,Orindiúva - SP,6024,353420,2021,SP,3534203.0,57,2372.0,946.2151394422311,39.37583001328021
3534302,Orlândia - SP,38319,353430,2021,SP,3534302.0,383,19226.0,999.5041624259507,50.1735431509173
3534401,Osasco - SP,728615,353440,2021,SP,3534401.0,6446,335392.0,884.6921899768739,46.031443217611496
3534500,Oscar Bressane - SP,2470,353450,2021,SP,3534500.0,26,239.0,1052.6315789473683,9.676113360323885
3534609,Osvaldo Cruz - SP,31272,353460,2021,SP,3534609.0,375,7036.0,1199.1557943207981,22.499360450243028
3534708,Ourinhos - SP,103970,353470,2021,SP,3534708.0,1423,22635.0,1368.6640377031836,21.770703087429066
3534757,Ouroeste - SP,10294,353475,2021,SP,3534757.0,123,1765.0,1194.8707985234118,17.14591023897416
3534807,Ouro Verde - SP,7779,353480,2021,SP,3534807.0,87,792.0,1118.3956806787505,10.181257231006557
3534906,Pacaembu - SP,14877,353490,2021,SP,3534906.0,132,1380.0,887.2756604154063,9.276063722524702
3535002,Palestina - SP,11476,353500,2021,SP,3535002.0,130,3195.0,1132.7988846287906,27.840711049146044
3535101,Palmares Paulista - SP,9650,353510,2021,SP,3535101.0,92,2467.0,953.3678756476684,25.56476683937824
3535200,Palmeira d'Oeste - SP,8903,353520,2021,SP,3535200.0,119,931.0,1336.6281028866674,10.457149275525104
3535309,Palmital - SP,19594,353530,2021,SP,3535309.0,299,4132.0,1525.9773400020415,21.088088190262326
3535408,Panorama - SP,14964,353540,2021,SP,3535408.0,167,884.0,1116.01176156108,5.90751136059877
3535507,Paraguaçu Paulista - SP,41120,353550,2021,SP,3535507.0,514,8035.0,1250.0,19.54036964980545
3535606,Paraibuna - SP,17667,353560,2021,SP,3535606.0,164,2996.0,928.2843719929813,16.958170600554705
3535705,Paraíso - SP,6099,353570,2021,SP,3535705.0,76,1744.0,1246.1059190031153,28.594851615018857
3535804,Paranapanema - SP,19395,353580,2021,SP,3535804.0,187,2085.0,964.1660221706625,10.750193348801238
3535903,Paranapuã - SP,4031,353590,2021,SP,3535903.0,53,440.0,1314.810220788886,10.915405606549243
3536000,Parapuã - SP,10580,353600,2021,SP,3536000.0,129,1145.0,1219.281663516068,10.822306238185256
3536109,Pardinho - SP,7153,353610,2021,SP,3536109.0,77,1032.0,1076.4714105969524,14.427512931637077
3536208,Pariquera-Açu - SP,19233,353620,2021,SP,3536208.0,194,1179.0,1008.6829927728384,6.130088909686476
3536257,Parisi - SP,2892,353625,2021,SP,3536257.0,39,327.0,1348.5477178423237,11.307053941908714
3536307,Patrocínio Paulista - SP,14512,353630,2021,SP,3536307.0,148,3116.0,1019.8456449834619,21.47188533627343
3536406,Paulicéia - SP,7955,353640,2021,SP,3536406.0,90,515.0,1131.3639220615964,6.473915776241358
3536505,Paulínia - SP,110537,353650,2021,SP,3536505.0,750,54807.0,678.5058396735935,49.582492739987515
3536570,Paulistânia - SP,2090,353657,2021,SP,3536570.0,21,162.0,1004.7846889952153,7.751196172248803
3536604,Paulo de Faria - SP,7400,353660,2021,SP,3536604.0,106,2002.0,1432.4324324324323,27.054054054054056
3536703,Pederneiras - SP,44827,353670,2021,SP,3536703.0,432,15419.0,963.7049099872844,34.39668057197671
3536802,Pedra Bela - SP,6557,353680,2021,SP,3536802.0,63,504.0,960.8052463016624,7.686441970413299
3536901,Pedranópolis - SP,2787,353690,2021,SP,3536901.0,37,312.0,1327.5923932543953,11.194833153928956
3537008,Pedregulho - SP,15525,353700,2021,SP,3537008.0,161,3257.0,1037.037037037037,20.97906602254428
3537107,Pedreira - SP,43112,353710,2021,SP,3537107.0,436,12487.0,1011.3193542401187,28.96409352384487
3537156,Pedrinhas Paulista - SP,2804,353715,2021,SP,3537156.0,29,359.0,1034.2368045649073,12.803138373751782
3537206,Pedro de Toledo - SP,11281,353720,2021,SP,3537206.0,84,463.0,744.614839110008,4.104246077475401
3537305,Penápolis - SP,61679,353730,2021,SP,3537305.0,773,12066.0,1253.2628609413252,19.56257397169215
3537404,Pereira Barreto - SP,24095,353740,2021,SP,3537404.0,325,4957.0,1348.8275575845612,20.572732932143598
3537503,Pereiras - SP,8737,353750,2021,SP,3537503.0,89,565.0,1018.6562893441685,6.466750600892755
3537602,Peruíbe - SP,68352,353760,2021,SP,3537602.0,910,10861.0,1331.3436329588014,15.889805711610485
3537701,Piacatu - SP,5519,353770,2021,SP,3537701.0,83,947.0,1503.895633266896,17.15890559884037
3537800,Piedade - SP,52970,353780,2021,SP,3537800.0,624,6806.0,1178.025297338116,12.848782329620539
3537909,Pilar do Sul - SP,27619,353790,2021,SP,3537909.0,290,3381.0,1050.0018103479488,12.241572830297983
3538006,Pindamonhangaba - SP,165428,353800,2021,SP,3538006.0,1616,47623.0,976.8600236961096,28.78775056217811
3538105,Pindorama - SP,14542,353810,2021,SP,3538105.0,182,4961.0,1251.5472424700865,34.114977307110436
3538204,Pinhalzinho - SP,15224,353820,2021,SP,3538204.0,195,2073.0,1280.8723068838676,13.616657908565424
3538303,Piquerobi - SP,3264,353830,2021,SP,3538303.0,36,425.0,1102.9411764705883,13.020833333333334
3538501,Piquete - SP,12490,353850,2021,SP,3538501.0,191,1879.0,1529.2233787029625,15.044035228182546
3538600,Piracaia - SP,26029,353860,2021,SP,3538600.0,342,5049.0,1313.9190902454955,19.397594990203235
3538709,Piracicaba - SP,423323,353870,2021,SP,3538709.0,3898,219185.0,920.8098780363929,51.77724810605613
3538808,Piraju - SP,29436,353880,2021,SP,3538808.0,314,3248.0,1066.7210218779726,11.034107895094442
3538907,Pirajuí - SP,22431,353890,2021,SP,3538907.0,315,4560.0,1404.3065400561723,20.329008960813162
3539004,Pirangi - SP,10885,353900,2021,SP,3539004.0,139,2378.0,1276.9866789159394,21.846577859439595
3539103,Pirapora do Bom Jesus - SP,18370,353910,2021,SP,3539103.0,132,2958.0,718.562874251497,16.102340772999455
3539202,Pirapozinho - SP,25348,353920,2021,SP,3539202.0,249,6120.0,982.3260217768661,24.14391667981695
3539301,Pirassununga - SP,73545,353930,2021,SP,3539301.0,832,26392.0,1131.2801686042558,35.88551227139846
3539400,Piratininga - SP,15108,353940,2021,SP,3539400.0,163,3868.0,1078.8985967699232,25.60232989144824
3539509,Pitangueiras - SP,33674,353950,2021,SP,3539509.0,410,9718.0,1217.5565718358378,28.859060402684566
3539608,Planalto - SP,4389,353960,2021,SP,3539608.0,46,2385.0,1048.0747322852585,54.3403964456596
3539707,Platina - SP,3025,353970,2021,SP,3539707.0,26,458.0,859.504132231405,15.140495867768594
3539806,Poá - SP,103765,353980,2021,SP,3539806.0,1092,33057.0,1052.3779694502,31.85756276201031
3539905,Poloni - SP,5592,353990,2021,SP,3539905.0,69,1305.0,1233.9055793991415,23.336909871244636
3540002,Pompéia - SP,20196,354000,2021,SP,3540002.0,211,9939.0,1044.761338878986,49.21271538918598
3540101,Pongaí - SP,3395,354010,2021,SP,3540101.0,40,666.0,1178.20324005891,19.617083946980856
3540200,Pontal - SP,37607,354020,2021,SP,3540200.0,355,16677.0,943.9731964793788,44.345467599117185
3540259,Pontalinda - SP,4127,354025,2021,SP,3540259.0,38,178.0,920.7656893627332,4.313060334383329
3540309,Pontes Gestal - SP,2387,354030,2021,SP,3540309.0,25,604.0,1047.3397570171765,25.30372852953498
3540408,Populina - SP,4127,354040,2021,SP,3540408.0,54,760.0,1308.4565059365157,18.415313787254664
3540507,Porangaba - SP,10451,354050,2021,SP,3540507.0,103,670.0,985.5516218543679,6.410869773227443
3540606,Porto Feliz - SP,56497,354060,2021,SP,3540606.0,501,14361.0,886.772748995522,25.419048799051275
3540705,Porto Ferreira - SP,52649,354070,2021,SP,3540705.0,579,22955.0,1099.7359873881744,43.60006837736709
3540754,Potim - SP,20392,354075,2021,SP,3540754.0,189,1410.0,926.8340525696351,6.9144762652020395
3540804,Potirendaba - SP,18496,354080,2021,SP,3540804.0,197,6533.0,1065.0951557093426,35.32115051903114
3540853,Pracinha - SP,2578,354085,2021,SP,3540853.0,22,53.0,853.3747090768037,2.0558572536850273
3540903,Pradópolis - SP,17078,354090,2021,SP,3540903.0,127,8134.0,743.6467970488347,47.62852793067104
3541000,Praia Grande - SP,349935,354100,2021,SP,3541000.0,3658,114057.0,1045.3369911555003,32.59376741394831
3541059,Pratânia - SP,5126,354105,2021,SP,3541059.0,44,548.0,858.3690987124463,10.690596956691376
3541109,Presidente Alves - SP,3804,354110,2021,SP,3541109.0,37,483.0,972.6603575184017,12.697160883280755
3541208,Presidente Bernardes - SP,14490,354120,2021,SP,3541208.0,159,3136.0,1097.3084886128365,21.642512077294686
3541307,Presidente Epitácio - SP,39505,354130,2021,SP,3541307.0,421,6428.0,1065.6878876091632,16.271358055942287
3541406,Presidente Prudente - SP,225668,354140,2021,SP,3541406.0,2550,90634.0,1129.9785525639434,40.16253966003155
3541505,Presidente Venceslau - SP,35201,354150,2021,SP,3541505.0,408,7862.0,1159.0579813073493,22.33459276725093
3541604,Promissão - SP,35131,354160,2021,SP,3541604.0,420,7298.0,1195.525319518374,20.773675671059745
3541653,Quadra - SP,3405,354165,2021,SP,3541653.0,39,258.0,1145.374449339207,7.577092511013215
3541703,Quatá - SP,13163,354170,2021,SP,3541703.0,117,4523.0,888.8551242118058,34.3614677505128
3541802,Queiroz - SP,3265,354180,2021,SP,3541802.0,19,586.0,581.9295558958652,17.947932618683
3541901,Queluz - SP,9159,354190,2021,SP,3541901.0,101,915.0,1102.7404738508571,9.990173599737963
3542008,Quintana - SP,7038,354200,2021,SP,3542008.0,82,1738.0,1165.1037226484798,24.694515487354362
3542107,Rafard - SP,8965,354210,2021,SP,3542107.0,98,3400.0,1093.1399888455103,37.925264919129944
3542206,Rancharia - SP,28588,354220,2021,SP,3542206.0,322,5874.0,1126.3467189030362,20.547082692038618
3542305,Redenção da Serra - SP,4494,354230,2021,SP,3542305.0,48,307.0,1068.090787716956,6.831330663106364
3542404,Regente Feijó - SP,20145,354240,2021,SP,3542404.0,217,5229.0,1077.1903698188137,25.95681310498883
3542503,Reginópolis - SP,7662,354250,2021,SP,3542503.0,78,1031.0,1018.0109631949882,13.456016705820934
3542602,Registro - SP,59947,354260,2021,SP,3542602.0,571,10115.0,952.5080487764192,16.873238026923783
3542701,Restinga - SP,6404,354270,2021,SP,3542701.0,52,1302.0,811.9925046845722,20.331043098063713
3542800,Ribeira - SP,3132,354280,2021,SP,3542800.0,38,170.0,1213.2822477650063,5.427841634738186
3542909,Ribeirão Bonito - SP,10989,354290,2021,SP,3542909.0,114,2254.0,1037.4010374010375,20.51142051142051
3543006,Ribeirão Branco - SP,18627,354300,2021,SP,3543006.0,173,537.0,928.7593278574113,2.8829119020776295
3543105,Ribeirão Corrente - SP,4608,354310,2021,SP,3543105.0,42,597.0,911.4583333333334,12.955729166666666
3543204,Ribeirão do Sul - SP,4677,354320,2021,SP,3543204.0,58,464.0,1240.1111823818687,9.920889459054951
3543238,Ribeirão dos Índios - SP,2025,354323,2021,SP,3543238.0,27,211.0,1333.3333333333335,10.419753086419753
3543253,Ribeirão Grande - SP,7450,354325,2021,SP,3543253.0,74,305.0,993.2885906040268,4.093959731543624
3543303,Ribeirão Pires - SP,115559,354330,2021,SP,3543303.0,1063,53371.0,919.8764267603563,46.18506563746658
3543402,Ribeirão Preto - SP,698642,354340,2021,SP,3543402.0,6555,322615.0,938.2487740502288,46.17744137913266
3543501,Riversul - SP,5599,354350,2021,SP,3543501.0,81,127.0,1446.686908376496,2.2682621896767277
3543600,Rifaina - SP,4049,354360,2021,SP,3543600.0,57,793.0,1407.7550012348727,19.585082736478142
3543709,Rincão - SP,9098,354370,2021,SP,3543709.0,112,3052.0,1231.0397889646076,33.545834249285555
3543808,Rinópolis - SP,9259,354380,2021,SP,3543808.0,103,817.0,1112.431148072146,8.823847067717896
3543907,Rio Claro - SP,201418,354390,2021,SP,3543907.0,2070,94790.0,1027.7135112055525,47.06133513390064
3544004,Rio das Pedras - SP,31328,354400,2021,SP,3544004.0,270,15786.0,861.8488253319715,50.38942798774259
3544103,Rio Grande da Serra - SP,44170,354410,2021,SP,3544103.0,359,14989.0,812.7688476341408,33.93479737378311
3544202,Riolândia - SP,10309,354420,2021,SP,3544202.0,97,1667.0,940.9254049859346,16.170336599088174
3544251,Rosana - SP,17440,354425,2021,SP,3544251.0,180,1339.0,1032.1100917431193,7.677752293577981
3544301,Roseira - SP,10832,354430,2021,SP,3544301.0,113,1484.0,1043.205317577548,13.700147710487446
3544400,Rubiácea - SP,2700,354440,2021,SP,3544400.0,26,693.0,962.962962962963,25.666666666666664
3544509,Rubinéia - SP,3833,354450,2021,SP,3544509.0,34,274.0,887.0336551004436,7.1484476911035735
3544608,Sabino - SP,5112,354460,2021,SP,3544608.0,80,1188.0,1564.9452269170579,23.239436619718308
3544707,Sagres - SP,2474,354470,2021,SP,3544707.0,18,154.0,727.5666936135813,6.224737267582862
3544806,Sales - SP,6437,354480,2021,SP,3544806.0,88,1106.0,1367.0964735125058,17.18191704210036
3544905,Sales Oliveira - SP,11411,354490,2021,SP,3544905.0,112,4341.0,981.5090701954256,38.04223994391377
3545001,Salesópolis - SP,15202,354500,2021,SP,3545001.0,160,1700.0,1052.4930930140772,11.182739113274568
3545100,Salmourão - SP,4808,354510,2021,SP,3545100.0,75,534.0,1559.9001663893512,11.10648918469218
3545159,Saltinho - SP,8161,354515,2021,SP,3545159.0,97,3970.0,1188.5798309030756,48.64599926479598
3545209,Salto - SP,134319,354520,2021,SP,3545209.0,1191,51659.0,886.6951064257478,38.45993493102242
3545308,Salto de Pirapora - SP,43748,354530,2021,SP,3545308.0,512,9784.0,1170.3392155069946,22.364450946328976
3545407,Salto Grande - SP,9050,354540,2021,SP,3545407.0,123,923.0,1359.1160220994475,10.198895027624308
3545506,Sandovalina - SP,3645,354550,2021,SP,3545506.0,27,1909.0,740.7407407407408,52.37311385459533
3545605,Santa Adélia - SP,14018,354560,2021,SP,3545605.0,190,5114.0,1355.4001997431874,36.481666428877155
3545704,Santa Albertina - SP,6393,354570,2021,SP,3545704.0,102,1451.0,1595.4950727358048,22.696699515094636
3545803,Santa Bárbara d'Oeste - SP,183347,354580,2021,SP,3545803.0,1901,84690.0,1036.8317998112868,46.19110211784213
3546009,Santa Branca - SP,13975,354600,2021,SP,3546009.0,136,2741.0,973.1663685152056,19.613595706618963
3546108,Santa Clara d'Oeste - SP,2598,354610,2021,SP,3546108.0,31,157.0,1193.225558121632,6.0431100846805235
3546207,Santa Cruz da Conceição - SP,4277,354620,2021,SP,3546207.0,53,968.0,1239.1863455693242,22.632686462473696
3546256,Santa Cruz da Esperança - SP,2116,354625,2021,SP,3546256.0,23,205.0,1086.9565217391305,9.688090737240076
3546306,Santa Cruz das Palmeiras - SP,28864,354630,2021,SP,3546306.0,294,11674.0,1018.5698447893569,40.444844789356985
3546405,Santa Cruz do Rio Pardo - SP,46442,354640,2021,SP,3546405.0,553,10414.0,1190.7325265923087,22.42366823134232
3546504,Santa Ernestina - SP,6118,354650,2021,SP,3546504.0,62,2506.0,1013.4030728996404,40.96109839816934
3546603,Santa Fé do Sul - SP,34794,354660,2021,SP,3546603.0,415,6688.0,1192.7343794907167,19.22170489164799
3546702,Santa Gertrudes - SP,23611,354670,2021,SP,3546702.0,206,9193.0,872.47469399856,38.93524204819787
3546801,Santa Isabel - SP,53174,354680,2021,SP,3546801.0,573,10154.0,1077.5943130101177,19.095798698612104
3546900,Santa Lúcia - SP,7149,354690,2021,SP,3546900.0,77,3615.0,1077.0737166037206,50.56651279899287
3547007,Santa Maria da Serra - SP,5243,354700,2021,SP,3547007.0,36,745.0,686.6297921037574,14.209422086591648
3547106,Santa Mercedes - SP,2956,354710,2021,SP,3547106.0,37,298.0,1251.6914749661705,10.081190798376184
3547205,Santana da Ponte Pensa - SP,1670,354720,2021,SP,3547205.0,22,110.0,1317.3652694610778,6.58682634730539
3547304,Santana de Parnaíba - SP,154105,354730,2021,SP,3547304.0,939,62924.0,609.3248110054832,40.83190032769865
3547403,Santa Rita d'Oeste - SP,2733,354740,2021,SP,3547403.0,36,232.0,1317.2338090010976,8.488840102451519
3547502,Santa Rita do Passa Quatro - SP,24833,354750,2021,SP,3547502.0,312,9053.0,1256.392703257762,36.45552289292473
3547601,Santa Rosa de Viterbo - SP,23411,354760,2021,SP,3547601.0,242,8181.0,1033.7021058476785,34.945111272478755
3547650,Santa Salete - SP,1645,354765,2021,SP,3547650.0,14,204.0,851.0638297872341,12.401215805471125
3547700,Santo Anastácio - SP,17963,354770,2021,SP,3547700.0,250,4058.0,1391.7497077325613,22.590881255914937
3547809,Santo André - SP,748919,354780,2021,SP,3547809.0,7754,435531.0,1035.3589640535226,58.154620192570896
3547908,Santo Antônio da Alegria - SP,6775,354790,2021,SP,3547908.0,76,363.0,1121.771217712177,5.357933579335794
3548005,Santo Antônio de Posse - SP,23244,354800,2021,SP,3548005.0,238,5435.0,1023.9201514369299,23.38237824815006
3548054,Santo Antônio do Aracanguá - SP,8379,354805,2021,SP,3548054.0,82,1076.0,978.6370688626326,12.841627879221864
3548104,Santo Antônio do Jardim - SP,6126,354810,2021,SP,3548104.0,66,1299.0,1077.375122428991,21.20470127326151
3548203,Santo Antônio do Pinhal - SP,7133,354820,2021,SP,3548203.0,55,639.0,771.0640684144118,8.958362540305622
3548302,Santo Expedito - SP,3000,354830,2021,SP,3548302.0,27,480.0,899.9999999999999,16.0
3548401,Santópolis do Aguapeí - SP,3899,354840,2021,SP,3548401.0,44,887.0,1128.494485765581,22.749422928956143
3548500,Santos - SP,418608,354850,2021,SP,3548500.0,5720,267031.0,1366.4335129763406,63.790228567060346
3548609,São Bento do Sapucaí - SP,11674,354860,2021,SP,3548609.0,109,866.0,933.6988178859003,7.418194277882474
3548708,São Bernardo do Campo - SP,810729,354870,2021,SP,3548708.0,6860,455673.0,846.1520434078466,56.205341118918895
3548807,São Caetano do Sul - SP,165655,354880,2021,SP,3548807.0,2000,109157.0,1207.3284838972563,65.89417765838641
3548906,São Carlos - SP,254857,354890,2021,SP,3548906.0,2486,109831.0,975.4489772696062,43.09514747485845
3549003,São Francisco - SP,2602,354900,2021,SP,3549003.0,34,213.0,1306.6871637202153,8.186010760953113
3549102,São João da Boa Vista - SP,92547,354910,2021,SP,3549102.0,1103,35155.0,1191.8268555436698,37.98610435778577
3549201,São João das Duas Pontes - SP,2580,354920,2021,SP,3549201.0,22,211.0,852.7131782945736,8.178294573643411
3549250,São João de Iracema - SP,1846,354925,2021,SP,3549250.0,15,217.0,812.5677139761647,11.755146262188516
3549300,São João do Pau d'Alho - SP,2242,354930,2021,SP,3549300.0,24,476.0,1070.472792149866,21.231043710972347
3549409,São Joaquim da Barra - SP,48558,354940,2021,SP,3549409.0,486,17396.0,1000.8649450142099,35.825198731413984
3549508,São José da Bela Vista - SP,7626,354950,2021,SP,3549508.0,72,1117.0,944.1384736428009,14.647259375819566
3549607,São José do Barreiro - SP,3853,354960,2021,SP,3549607.0,43,179.0,1116.0134959771606,4.645730599532832
3549706,São José do Rio Pardo - SP,52205,354970,2021,SP,3549706.0,614,17367.0,1176.1325543530313,33.26692845512882
3549805,São José do Rio Preto - SP,480393,354980,2021,SP,3549805.0,5337,214987.0,1110.9653970811398,44.75231737348379
3549904,São José dos Campos - SP,697054,354990,2021,SP,3549904.0,5699,311855.0,817.5837166130601,44.73900156946234
3549953,São Lourenço da Serra - SP,16067,354995,2021,SP,3549953.0,141,1858.0,877.5751540424473,11.564075434119623
3550001,São Luiz do Paraitinga - SP,10337,355000,2021,SP,3550001.0,151,1214.0,1460.7719841346618,11.744219792976686
3550100,São Manuel - SP,37289,355010,2021,SP,3550100.0,477,10070.0,1279.1976186006598,27.005283059347263
3550209,São Miguel Arcanjo - SP,32039,355020,2021,SP,3550209.0,355,2596.0,1108.0245950248134,8.102624925871595
3550308,São Paulo - SP,11451999,355030,2021,SP,3550308.0,105942,5900290.0,925.0961338714752,51.52192206792893
3550407,São Pedro - SP,38256,355040,2021,SP,3550407.0,439,8318.0,1147.5324132162275,21.742994562944375
3550506,São Pedro do Turvo - SP,7217,355050,2021,SP,3550506.0,78,1580.0,1080.781488152972,21.892753221560206
3550605,São Roque - SP,79484,355060,2021,SP,3550605.0,837,24998.0,1053.0421216848674,31.45035478838508
3550704,São Sebastião - SP,81595,355070,2021,SP,3550704.0,559,13596.0,685.0909982229304,16.662785709908697
3550803,São Sebastião da Grama - SP,10441,355080,2021,SP,3550803.0,121,1398.0,1158.8928263576286,13.389522076429461
3550902,São Simão - SP,13442,355090,2021,SP,3550902.0,168,3617.0,1249.8140157714627,26.90819818479393
3551009,São Vicente - SP,329911,355100,2021,SP,3551009.0,3598,127297.0,1090.5971610525262,38.58525481114604
3551108,Sarapuí - SP,10369,355110,2021,SP,3551108.0,107,618.0,1031.9220754171088,5.9600732953997495
3551207,Sarutaiá - SP,3704,355120,2021,SP,3551207.0,55,100.0,1484.88120950324,2.699784017278618
3551306,Sebastianópolis do Sul - SP,3130,355130,2021,SP,3551306.0,32,1156.0,1022.3642172523962,36.93290734824281
3551405,Serra Azul - SP,12746,355140,2021,SP,3551405.0,93,1606.0,729.6406715832418,12.600031382394478
3551504,Serrana - SP,43909,355150,2021,SP,3551504.0,323,13890.0,735.6122890523583,31.633605866678817
3551603,Serra Negra - SP,29894,355160,2021,SP,3551603.0,346,5856.0,1157.4228942262662,19.58921522713588
3551702,Sertãozinho - SP,126887,355170,2021,SP,3551702.0,1200,55264.0,945.7233601550987,43.55371314634281
3551801,Sete Barras - SP,12730,355180,2021,SP,3551801.0,122,692.0,958.3660644147682,5.4359780047132755
3551900,Severínia - SP,14576,355190,2021,SP,3551900.0,168,3906.0,1152.5795828759603,26.79747530186608
3552007,Silveiras - SP,6186,355200,2021,SP,3552007.0,69,379.0,1115.4219204655674,6.126737795021016
3552106,Socorro - SP,40122,355210,2021,SP,3552106.0,447,4207.0,1114.101988933752,10.485519166542048
3552205,Sorocaba - SP,723682,355220,2021,SP,3552205.0,7065,340206.0,976.2575274775386,47.01042723185046
3552304,Sud Mennucci - SP,7355,355230,2021,SP,3552304.0,65,1554.0,883.7525492861998,21.12848402447315
3552403,Sumaré - SP,279545,355240,2021,SP,3552403.0,2222,106236.0,794.8630810781806,38.00318374501422
3552502,Suzano - SP,307429,355250,2021,SP,3552502.0,2717,95379.0,883.7812958439184,31.024724407912068
3552551,Suzanápolis - SP,3408,355255,2021,SP,3552551.0,37,1268.0,1085.680751173709,37.20657276995305
3552601,Tabapuã - SP,11323,355260,2021,SP,3552601.0,160,3157.0,1413.053077806235,27.881303541464277
3552700,Tabatinga - SP,14769,355270,2021,SP,3552700.0,173,3444.0,1171.3724693615004,23.319114361161894
3552809,Taboão da Serra - SP,273542,355280,2021,SP,3552809.0,2226,95569.0,813.7690007384606,34.93759642029378
3552908,Taciba - SP,6260,355290,2021,SP,3552908.0,75,950.0,1198.0830670926516,15.175718849840255
3553005,Taguaí - SP,12669,355300,2021,SP,3553005.0,128,173.0,1010.3402004893835,1.3655379272239323
3553104,Taiaçu - SP,5677,355310,2021,SP,3553104.0,67,841.0,1180.2008102871234,14.814162409723444
3553203,Taiúva - SP,6548,355320,2021,SP,3553203.0,58,1246.0,885.766646304215,19.02871105681124
3553302,Tambaú - SP,21435,355330,2021,SP,3553302.0,232,5336.0,1082.3419640774434,24.893865173781197
3553401,Tanabi - SP,25265,355340,2021,SP,3553401.0,288,7040.0,1139.916881060756,27.864634870374033
3553500,Tapiraí - SP,7996,355350,2021,SP,3553500.0,82,497.0,1025.5127563781891,6.215607803901951
3553609,Tapiratiba - SP,11816,355360,2021,SP,3553609.0,142,1958.0,1201.7603249830738,16.570751523358158
3553658,Taquaral - SP,2619,355365,2021,SP,3553658.0,37,466.0,1412.7529591447117,17.793050782741503
3553708,Taquaritinga - SP,52260,355370,2021,SP,3553708.0,616,15598.0,1178.721775736701,29.846919249904325
3553807,Taquarituba - SP,24350,355380,2021,SP,3553807.0,298,1473.0,1223.8193018480492,6.049281314168377
3553856,Taquarivaí - SP,6876,355385,2021,SP,3553856.0,63,822.0,916.2303664921466,11.954624781849912
3553906,Tarabai - SP,6536,355390,2021,SP,3553906.0,70,868.0,1070.9914320685434,13.280293757649938
3553955,Tarumã - SP,14882,355395,2021,SP,3553955.0,167,2545.0,1122.1609998656095,17.101196075796263
3554003,Tatuí - SP,123942,355400,2021,SP,3554003.0,1326,32734.0,1069.8552548772814,26.410740507656804
3554102,Taubaté - SP,310739,355410,2021,SP,3554102.0,3080,103466.0,991.1855286912812,33.296753867393534
3554201,Tejupá - SP,4127,355420,2021,SP,3554201.0,43,39.0,1041.9190695420402,0.9449963653985946
3554300,Teodoro Sampaio - SP,22173,355430,2021,SP,3554300.0,200,4843.0,901.9979254047716,21.841879763676545
3554409,Terra Roxa - SP,7904,355440,2021,SP,3554409.0,116,1762.0,1467.6113360323886,22.29251012145749
3554508,Tietê - SP,37663,355450,2021,SP,3554508.0,345,14617.0,916.0183734699838,38.80997265220508
3554607,Timburi - SP,2464,355460,2021,SP,3554607.0,37,69.0,1501.6233766233765,2.800324675324675
3554656,Torre de Pedra - SP,2046,355465,2021,SP,3554656.0,32,79.0,1564.0273704789834,3.8611925708699903
3554706,Torrinha - SP,9335,355470,2021,SP,3554706.0,85,945.0,910.5516871987145,10.123192287091591
3554755,Trabiju - SP,1682,355475,2021,SP,3554755.0,18,323.0,1070.154577883472,19.20332936979786
3554805,Tremembé - SP,51173,355480,2021,SP,3554805.0,430,9677.0,840.2868700291169,18.910362886678524
3554904,Três Fronteiras - SP,6804,355490,2021,SP,3554904.0,64,868.0,940.6231628453851,12.757201646090536
3554953,Tuiuti - SP,6778,355495,2021,SP,3554953.0,85,803.0,1254.057244024786,11.84715255237533
3555000,Tupã - SP,63928,355500,2021,SP,3555000.0,918,12982.0,1435.990489300463,20.3072206232011
3555109,Tupi Paulista - SP,15854,355510,2021,SP,3555109.0,168,2645.0,1059.6694840418822,16.68348681720701
3555208,Turiúba - SP,1818,355520,2021,SP,3555208.0,21,379.0,1155.1155115511551,20.84708470847085
3555307,Turmalina - SP,1669,355530,2021,SP,3555307.0,26,127.0,1557.8190533253446,7.609346914319952
3555356,Ubarana - SP,5365,355535,2021,SP,3555356.0,51,768.0,950.605778191985,14.315004659832246
3555406,Ubatuba - SP,92981,355540,2021,SP,3555406.0,676,11071.0,727.0302534926491,11.906733633753133
3555505,Ubirajara - SP,5132,355550,2021,SP,3555505.0,49,202.0,954.7934528448947,3.9360872954014035
3555604,Uchoa - SP,10394,355560,2021,SP,3555604.0,133,3083.0,1279.5843756013085,29.661343082547624
3555703,União Paulista - SP,1603,355570,2021,SP,3555703.0,23,243.0,1434.8097317529632,15.159076731129135
3555802,Urânia - SP,8833,355580,2021,SP,3555802.0,104,1281.0,1177.4029208649383,14.502434054115248
3555901,Uru - SP,1387,355590,2021,SP,3555901.0,17,180.0,1225.666906993511,12.977649603460705
3556008,Urupês - SP,13744,355600,2021,SP,3556008.0,152,3837.0,1105.9371362048894,27.91763678696158
3556107,Valentim Gentil - SP,14098,355610,2021,SP,3556107.0,149,2366.0,1056.8875017733012,16.782522343594835
3556206,Valinhos - SP,126373,355620,2021,SP,3556206.0,1088,71024.0,860.9433977194495,56.2018785658329
3556305,Valparaíso - SP,24241,355630,2021,SP,3556305.0,229,7215.0,944.6804999793738,29.763623612887258
3556354,Vargem - SP,10512,355635,2021,SP,3556354.0,99,2137.0,941.7808219178081,20.329147640791476
3556404,Vargem Grande do Sul - SP,40133,355640,2021,SP,3556404.0,451,10982.0,1123.7634864076942,27.364014651284478
3556453,Vargem Grande Paulista - SP,50415,355645,2021,SP,3556453.0,425,12849.0,843.003074481801,25.486462362392142
3556503,Várzea Paulista - SP,115771,355650,2021,SP,3556503.0,815,54264.0,703.9759525269714,46.871841825673094
3556602,Vera Cruz - SP,10176,355660,2021,SP,3556602.0,142,1740.0,1395.440251572327,17.099056603773587
3556701,Vinhedo - SP,76540,355670,2021,SP,3556701.0,668,39770.0,872.7462764567547,51.959759602822054
3556800,Viradouro - SP,17414,355680,2021,SP,3556800.0,240,5735.0,1378.2014471115194,32.93327207993568
3556909,Vista Alegre do Alto - SP,8109,355690,2021,SP,3556909.0,84,1092.0,1035.886052534221,13.466518682944875
3556958,Vitória Brasil - SP,1794,355695,2021,SP,3556958.0,34,143.0,1895.20624303233,7.971014492753622
3557006,Votorantim - SP,127923,355700,2021,SP,3557006.0,1220,49557.0,953.6987093798613,38.73971060716212
3557105,Votuporanga - SP,96634,355710,2021,SP,3557105.0,1008,31576.0,1043.1111203096218,32.67586977668315
3557154,Zacarias - SP,2692,355715,2021,SP,3557154.0,28,344.0,1040.1188707280833,12.778603268945021
3557204,Chavantes - SP,12211,355720,2021,SP,3557204.0,149,2287.0,1220.2112849070509,18.729014822700844
3557303,Estiva Gerbi - SP,11295,355730,2021,SP,3557303.0,102,3346.0,903.0544488711819,29.62372731297034
4100103,Abatiá - PR,7241,410010,2021,PR,4100103.0,80,527.0,1104.8197762739953,7.278000276204944
4100202,Adrianópolis - PR,6256,410020,2021,PR,4100202.0,88,458.0,1406.6496163682864,7.320971867007672
4100301,Agudos do Sul - PR,10233,410030,2021,PR,4100301.0,109,612.0,1065.1812762630705,5.980650835532102
4100400,Almirante Tamandaré - PR,119825,410040,2021,PR,4100400.0,1104,22398.0,921.3436261214271,18.69225954517004
4100459,Altamira do Paraná - PR,3590,410045,2021,PR,4100459.0,40,226.0,1114.2061281337049,6.295264623955433
4100509,Altônia - PR,18742,410050,2021,PR,4100509.0,226,620.0,1205.847828406787,3.3080781133283534
4100608,Alto Paraná - PR,13909,410060,2021,PR,4100608.0,127,1742.0,913.0778632540082,12.524264864476239
4100707,Alto Piquiri - PR,9727,410070,2021,PR,4100707.0,112,479.0,1151.434152359412,4.924437133751414
4100806,Alvorada do Sul - PR,10326,410080,2021,PR,4100806.0,132,1200.0,1278.3265543288785,11.621150493898897
4100905,Amaporã - PR,4762,410090,2021,PR,4100905.0,58,240.0,1217.9756404871903,5.03989920201596
4101002,Ampére - PR,19620,410100,2021,PR,4101002.0,170,640.0,866.4627930682976,3.2619775739041796
4101051,Anahy - PR,2918,410105,2021,PR,4101051.0,38,318.0,1302.2618231665524,10.89787525702536
4101101,Andirá - PR,19878,410110,2021,PR,4101101.0,287,2522.0,1443.8072240668075,12.687393097897173
4101150,Ângulo - PR,3235,410115,2021,PR,4101150.0,29,561.0,896.4451313755795,17.341576506955178
4101200,Antonina - PR,18091,410120,2021,PR,4101200.0,209,1941.0,1155.2705765297662,10.729091813608976
4101309,Antônio Olinto - PR,7018,410130,2021,PR,4101309.0,78,96.0,1111.427757195782,1.3679110857794243
4101408,Apucarana - PR,130134,410140,2021,PR,4101408.0,1369,19659.0,1051.9925615135169,15.106736133523906
4101507,Arapongas - PR,119138,410150,2021,PR,4101507.0,1269,19321.0,1065.15133710487,16.21732780473065
4101606,Arapoti - PR,25777,410160,2021,PR,4101606.0,233,5310.0,903.9065833882918,20.59975947550142
4101655,Arapuã - PR,3527,410165,2021,PR,4101655.0,36,192.0,1020.6974766090162,5.443719875248086
4101705,Araruna - PR,14485,410170,2021,PR,4101705.0,156,1352.0,1076.9761822575078,9.333793579565066
4101804,Araucária - PR,151666,410180,2021,PR,4101804.0,1250,48259.0,824.1794469426239,31.81926074400327
4101853,Ariranha do Ivaí - PR,2329,410185,2021,PR,4101853.0,30,97.0,1288.1064834693002,4.164877629884071
4101903,Assaí - PR,13797,410190,2021,PR,4101903.0,165,2886.0,1195.9121548162643,20.917590780604478
4102000,Assis Chateaubriand - PR,36808,410200,2021,PR,4102000.0,390,5979.0,1059.5522712453815,16.24375135840035
4102109,Astorga - PR,25475,410210,2021,PR,4102109.0,287,4222.0,1126.5947006869478,16.573110893032382
4102208,Atalaia - PR,3980,410220,2021,PR,4102208.0,49,1470.0,1231.1557788944722,36.93467336683417
4102307,Balsa Nova - PR,13395,410230,2021,PR,4102307.0,136,1757.0,1015.304217991788,13.116834639790968
4102406,Bandeirantes - PR,31273,410240,2021,PR,4102406.0,385,4382.0,1231.0939148786495,14.012087103891535
4102505,Barbosa Ferraz - PR,10795,410250,2021,PR,4102505.0,132,1189.0,1222.788327929597,11.014358499305233
4102604,Barracão - PR,9759,410260,2021,PR,4102604.0,119,708.0,1219.3872322983912,7.254841684598831
4102703,Barra do Jacaré - PR,2814,410270,2021,PR,4102703.0,26,262.0,923.951670220327,9.310589907604832
4102752,Bela Vista da Caroba - PR,4031,410275,2021,PR,4102752.0,35,34.0,868.2709005209624,0.843463160506078
4102802,Bela Vista do Paraíso - PR,14833,410280,2021,PR,4102802.0,238,3191.0,1604.5304388862671,21.512842985235622
4102901,Bituruna - PR,15533,410290,2021,PR,4102901.0,152,824.0,978.5617717118392,5.3048348677010235
4103008,Boa Esperança - PR,4558,410300,2021,PR,4103008.0,54,932.0,1184.7301448003511,20.447564721369023
4103024,Boa Esperança do Iguaçu - PR,2455,410302,2021,PR,4103024.0,24,94.0,977.5967413441956,3.8289205702647653
4103040,Boa Ventura de São Roque - PR,6378,410304,2021,PR,4103040.0,39,499.0,611.4769520225776,7.823769206647851
4103057,Boa Vista da Aparecida - PR,7924,410305,2021,PR,4103057.0,104,393.0,1312.4684502776374,4.959616355376072
4103107,Bocaiúva do Sul - PR,13299,410310,2021,PR,4103107.0,131,1049.0,985.0364689074368,7.887811113617565
4103156,Bom Jesus do Sul - PR,3980,410315,2021,PR,4103156.0,43,65.0,1080.4020100502512,1.6331658291457287
4103206,Bom Sucesso - PR,6581,410320,2021,PR,4103206.0,67,512.0,1018.082358304209,7.779972648533658
4103222,Bom Sucesso do Sul - PR,3202,410322,2021,PR,4103222.0,31,246.0,968.1449094316054,7.682698313554029
4103305,Borrazópolis - PR,7735,410330,2021,PR,4103305.0,107,537.0,1383.322559793148,6.942469295410472
4103354,Braganey - PR,4854,410335,2021,PR,4103354.0,53,772.0,1091.882983106716,15.904408735063866
4103370,Brasilândia do Sul - PR,3708,410337,2021,PR,4103370.0,41,261.0,1105.7173678532902,7.038834951456311
4103404,Cafeara - PR,2627,410340,2021,PR,4103404.0,28,165.0,1065.8545869813474,6.280928816140084
4103453,Cafelândia - PR,18997,410345,2021,PR,4103453.0,136,3523.0,715.9025109227773,18.545033426330473
4103479,Cafezal do Sul - PR,4473,410347,2021,PR,4103479.0,50,79.0,1117.81801922647,1.7661524703778224
4103503,Califórnia - PR,8710,410350,2021,PR,4103503.0,114,724.0,1308.8404133180252,8.312284730195179
4103602,Cambará - PR,23212,410360,2021,PR,4103602.0,279,4125.0,1201.9645011201103,17.77098052731346
4103701,Cambé - PR,107208,410370,2021,PR,4103701.0,1083,27878.0,1010.1858070293263,26.00365644354899
4103800,Cambira - PR,9460,410380,2021,PR,4103800.0,96,941.0,1014.799154334038,9.947145877378436
4103909,Campina da Lagoa - PR,15723,410390,2021,PR,4103909.0,183,1726.0,1163.900019080328,10.977548813839597
4103958,Campina do Simão - PR,3936,410395,2021,PR,4103958.0,41,61.0,1041.6666666666665,1.5497967479674797
4104006,Campina Grande do Sul - PR,47825,410400,2021,PR,4104006.0,460,10147.0,961.8400418191322,21.216936748562468
4104055,Campo Bonito - PR,4027,410405,2021,PR,4104055.0,36,130.0,893.965731313633,3.22820958529923
4104105,Campo do Tenente - PR,7508,410410,2021,PR,4104105.0,94,472.0,1251.9978689397976,6.2866275972296215
4104204,Campo Largo - PR,136327,410420,2021,PR,4104204.0,1203,32877.0,882.4370814292106,24.116279240355908
4104253,Campo Magro - PR,30160,410425,2021,PR,4104253.0,247,5243.0,818.9655172413794,17.383952254641912
4104303,Campo Mourão - PR,99432,410430,2021,PR,4104303.0,978,28776.0,983.5867728699011,28.94038136615979
4104402,Cândido de Abreu - PR,15244,410440,2021,PR,4104402.0,154,405.0,1010.2335345053791,2.656782996588822
4104428,Candói - PR,14973,410442,2021,PR,4104428.0,122,691.0,814.7999732852468,4.614973619181193
4104451,Cantagalo - PR,10933,410445,2021,PR,4104451.0,117,439.0,1070.154577883472,4.015366322143968
4104501,Capanema - PR,20481,410450,2021,PR,4104501.0,193,1264.0,942.3367999609394,6.171573653630194
4104600,Capitão Leônidas Marques - PR,14648,410460,2021,PR,4104600.0,144,1274.0,983.0693610049153,8.697433096668487
4104659,Carambeí - PR,23283,410465,2021,PR,4104659.0,161,7974.0,691.4916462655157,34.2481638964051
4104709,Carlópolis - PR,16905,410470,2021,PR,4104709.0,159,730.0,940.5501330967169,4.318249038745933
4104808,Cascavel - PR,348051,410480,2021,PR,4104808.0,2704,92377.0,776.8976385644633,26.54122528020319
4104907,Castro - PR,73075,410490,2021,PR,4104907.0,712,13891.0,974.3414300376326,19.009237085186452
4105003,Catanduvas - PR,10446,410500,2021,PR,4105003.0,83,721.0,794.5625119663028,6.902163507562703
4105102,Centenário do Sul - PR,10832,410510,2021,PR,4105102.0,139,961.0,1283.234859675037,8.871861152141802
4105201,Cerro Azul - PR,16134,410520,2021,PR,4105201.0,171,439.0,1059.8735589438452,2.720961943721334
4105300,Céu Azul - PR,11087,410530,2021,PR,4105300.0,109,1628.0,983.1333994768648,14.683863984847118
4105409,Chopinzinho - PR,21085,410540,2021,PR,4105409.0,189,2186.0,896.3718283139672,10.36755987668959
4105508,Cianorte - PR,79527,410550,2021,PR,4105508.0,676,12975.0,850.0257774089304,16.315213701007206
4105607,Cidade Gaúcha - PR,11467,410560,2021,PR,4105607.0,124,2533.0,1081.3639138397139,22.08947414319351
4105706,Clevelândia - PR,15070,410570,2021,PR,4105706.0,204,2143.0,1353.6828135368282,14.220305242203052
4105805,Colombo - PR,232212,410580,2021,PR,4105805.0,2063,55897.0,888.4123128865002,24.071538077274216
4105904,Colorado - PR,22896,410590,2021,PR,4105904.0,278,6875.0,1214.1858839972047,30.027078965758214
4106001,Congonhinhas - PR,8320,410600,2021,PR,4106001.0,92,197.0,1105.769230769231,2.3677884615384617
4106100,Conselheiro Mairinck - PR,3461,410610,2021,PR,4106100.0,51,188.0,1473.562554175094,5.4319560820572095
4106209,Contenda - PR,19128,410620,2021,PR,4106209.0,211,2264.0,1103.094939355918,11.836051861145965
4106308,Corbélia - PR,17470,410630,2021,PR,4106308.0,166,3515.0,950.2003434459073,20.12020606754436
4106407,Cornélio Procópio - PR,45206,410640,2021,PR,4106407.0,543,10960.0,1201.167986550458,24.24456930495952
4106456,Coronel Domingos Soares - PR,5649,410645,2021,PR,4106456.0,66,278.0,1168.348380244291,4.921224995574438
4106506,Coronel Vivida - PR,23331,410650,2021,PR,4106506.0,266,5111.0,1140.1140114011403,21.906476361921907
4106555,Corumbataí do Sul - PR,3760,410655,2021,PR,4106555.0,59,532.0,1569.1489361702127,14.148936170212767
4106571,Cruzeiro do Iguaçu - PR,4133,410657,2021,PR,4106571.0,37,258.0,895.2334865714977,6.242438906363416
4106605,Cruzeiro do Oeste - PR,23831,410660,2021,PR,4106605.0,278,2676.0,1166.547773907935,11.22907137761739
4106704,Cruzeiro do Sul - PR,4494,410670,2021,PR,4106704.0,49,1009.0,1090.342679127726,22.452158433466845
4106803,Cruz Machado - PR,15978,410680,2021,PR,4106803.0,154,243.0,963.8252597321317,1.5208411565903117
4106852,Cruzmaltina - PR,2892,410685,2021,PR,4106852.0,23,195.0,795.2973720608575,6.742738589211618
4106902,Curitiba - PR,1773718,410690,2021,PR,4106902.0,17676,996974.0,996.5507482023636,56.208145827014214
4107009,Curiúva - PR,13647,410700,2021,PR,4107009.0,147,1474.0,1077.1598153440316,10.80090862460614
4107108,Diamante do Norte - PR,5142,410710,2021,PR,4107108.0,50,421.0,972.3842862699339,8.187475690392844
4107124,Diamante do Sul - PR,3171,410712,2021,PR,4107124.0,43,78.0,1356.0391043834754,2.459791863765374
4107157,Diamante D'Oeste - PR,4557,410715,2021,PR,4107157.0,59,143.0,1294.711432960281,3.1380294053105113
4107207,Dois Vizinhos - PR,44869,410720,2021,PR,4107207.0,322,10509.0,717.6446990126814,23.42151596870891
4107256,Douradina - PR,9161,410725,2021,PR,4107256.0,85,2736.0,927.8463049885383,29.865735181748715
4107306,Doutor Camargo - PR,6327,410730,2021,PR,4107306.0,62,2084.0,979.9272957167693,32.938201359253995
4107405,Enéas Marques - PR,5999,410740,2021,PR,4107405.0,49,350.0,816.8028004667444,5.834305717619603
4107504,Engenheiro Beltrão - PR,12454,410750,2021,PR,4107504.0,121,2309.0,971.5753974626626,18.540228039184196
4107520,Esperança Nova - PR,1849,410752,2021,PR,4107520.0,26,27.0,1406.1654948620876,1.4602487831260142
4107538,Entre Rios do Oeste - PR,4575,410753,2021,PR,4107538.0,44,1114.0,961.7486338797814,24.349726775956285
4107546,Espigão Alto do Iguaçu - PR,4797,410754,2021,PR,4107546.0,50,129.0,1042.3181154888473,2.689180737961226
4107553,Farol - PR,3039,410755,2021,PR,4107553.0,40,369.0,1316.2224415926291,12.142152023692004
4107603,Faxinal - PR,16389,410760,2021,PR,4107603.0,206,1600.0,1256.940630910977,9.762645676978462
4107652,Fazenda Rio Grande - PR,148873,410765,2021,PR,4107652.0,1038,34978.0,697.2385859087948,23.49519389009424
4107702,Fênix - PR,4492,410770,2021,PR,4107702.0,52,595.0,1157.613535173642,13.245770258236867
4107736,Fernandes Pinheiro - PR,6255,410773,2021,PR,4107736.0,46,229.0,735.4116706634693,3.6610711430855316
4107751,Figueira - PR,8062,410775,2021,PR,4107751.0,109,523.0,1352.0218308112132,6.487224013892334
4107801,Floraí - PR,4792,410780,2021,PR,4107801.0,55,1464.0,1147.746243739566,30.550918196994992
4107850,Flor da Serra do Sul - PR,4364,410785,2021,PR,4107850.0,68,146.0,1558.2034830430796,3.3455545371219064
4107900,Floresta - PR,10458,410790,2021,PR,4107900.0,77,2580.0,736.2784471218206,24.670109007458404
4108007,Florestópolis - PR,11446,410800,2021,PR,4108007.0,118,726.0,1030.9278350515465,6.3428271885374805
4108106,Flórida - PR,2652,410810,2021,PR,4108106.0,34,562.0,1282.051282051282,21.19155354449472
4108205,Formosa do Oeste - PR,7635,410820,2021,PR,4108205.0,108,487.0,1414.5383104125738,6.3785199738048455
4108304,Foz do Iguaçu - PR,285415,410830,2021,PR,4108304.0,2456,71658.0,860.5013751905121,25.10659916262285
4108320,Francisco Alves - PR,8116,410832,2021,PR,4108320.0,81,581.0,998.0285855101035,7.1586988664366675
4108403,Francisco Beltrão - PR,96666,410840,2021,PR,4108403.0,787,17693.0,814.1435458175573,18.30322967744605
4108452,Foz do Jordão - PR,4926,410845,2021,PR,4108452.0,45,140.0,913.5200974421438,2.8420625253755585
4108502,General Carneiro - PR,11062,410850,2021,PR,4108502.0,117,812.0,1057.6749231603687,7.340444765865124
4108551,Godoy Moreira - PR,2977,410855,2021,PR,4108551.0,42,34.0,1410.81625797783,1.1420893516963386
4108601,Goioerê - PR,28437,410860,2021,PR,4108601.0,287,3324.0,1009.2485142595914,11.688996729612828
4108650,Goioxim - PR,6566,410865,2021,PR,4108650.0,56,248.0,852.8784648187633,3.7770332013402372
4108700,Grandes Rios - PR,5641,410870,2021,PR,4108700.0,71,248.0,1258.6420847367488,4.396383619925545
4108809,Guaíra - PR,32097,410880,2021,PR,4108809.0,318,3977.0,990.7467987662397,12.390566096519924
4108908,Guairaçá - PR,6587,410890,2021,PR,4108908.0,67,661.0,1017.1550022772128,10.034917261272202
4108957,Guamiranga - PR,7856,410895,2021,PR,4108957.0,75,139.0,954.684317718941,1.7693482688391038
4109005,Guapirama - PR,4626,410900,2021,PR,4109005.0,61,304.0,1318.6338089061824,6.571552096843926
4109104,Guaporema - PR,2191,410910,2021,PR,4109104.0,18,226.0,821.5426745778184,10.314924691921497
4109203,Guaraci - PR,4748,410920,2021,PR,4109203.0,41,560.0,863.5214827295703,11.794439764111205
4109302,Guaraniaçu - PR,13735,410930,2021,PR,4109302.0,148,1015.0,1077.5391336002913,7.3898798689479435
4109401,Guarapuava - PR,182093,410940,2021,PR,4109401.0,1798,30399.0,987.407533513095,16.694216691470842
4109500,Guaraqueçaba - PR,7430,410950,2021,PR,4109500.0,61,164.0,820.9959623149394,2.2072678331090176
4109609,Guaratuba - PR,42062,410960,2021,PR,4109609.0,434,3244.0,1031.8101849650516,7.712424516190386
4109658,Honório Serpa - PR,4941,410965,2021,PR,4109658.0,38,487.0,769.0750860149767,9.856304391823517
4109708,Ibaiti - PR,28830,410970,2021,PR,4109708.0,399,1932.0,1383.9750260145681,6.7013527575442255
4109757,Ibema - PR,6218,410975,2021,PR,4109757.0,88,260.0,1415.2460598263108,4.18140881312319
4109807,Ibiporã - PR,51603,410980,2021,PR,4109807.0,557,13121.0,1079.3946088405712,25.426816270371877
4109906,Icaraíma - PR,8991,410990,2021,PR,4109906.0,97,819.0,1078.8566344121898,9.10910910910911
4110003,Iguaraçu - PR,5338,411000,2021,PR,4110003.0,63,1044.0,1180.2173098538779,19.55788684900712
4110052,Iguatu - PR,2144,411005,2021,PR,4110052.0,31,143.0,1445.8955223880598,6.669776119402986
4110078,Imbaú - PR,14249,411007,2021,PR,4110078.0,131,829.0,919.3627622991087,5.817952136992069
4110102,Imbituva - PR,29924,411010,2021,PR,4110102.0,293,1447.0,979.1471728378558,4.835583478144633
4110201,Inácio Martins - PR,9670,411020,2021,PR,4110201.0,80,180.0,827.3009307135471,1.861427094105481
4110300,Inajá - PR,2536,411030,2021,PR,4110300.0,29,300.0,1143.5331230283912,11.829652996845425
4110409,Indianópolis - PR,4448,411040,2021,PR,4110409.0,57,372.0,1281.474820143885,8.363309352517986
4110508,Ipiranga - PR,14142,411050,2021,PR,4110508.0,139,980.0,982.8878517889973,6.92971291189365
4110607,Iporã - PR,15746,411060,2021,PR,4110607.0,187,914.0,1187.603200812905,5.80464879969516
4110656,Iracema do Oeste - PR,2343,411065,2021,PR,4110656.0,32,68.0,1365.7703798548869,2.902262057191635
4110706,Irati - PR,59250,411070,2021,PR,4110706.0,626,7398.0,1056.5400843881855,12.486075949367088
4110805,Iretama - PR,10684,411080,2021,PR,4110805.0,117,834.0,1095.095469861475,7.806065144140771
4110904,Itaguajé - PR,4481,411090,2021,PR,4110904.0,41,252.0,914.9743360856952,5.623744699843785
4110953,Itaipulândia - PR,11485,411095,2021,PR,4110953.0,80,607.0,696.560731388768,5.285154549412277
4111001,Itambaracá - PR,5908,411100,2021,PR,4111001.0,80,689.0,1354.0961408259986,11.662153012863913
4111100,Itambé - PR,6111,411110,2021,PR,4111100.0,81,1809.0,1325.4786450662739,29.60235640648012
4111209,Itapejara d'Oeste - PR,12344,411120,2021,PR,4111209.0,134,1592.0,1085.5476344782892,12.89695398574206
4111258,Itaperuçu - PR,31217,411125,2021,PR,4111258.0,257,2419.0,823.269372457315,7.748982925969824
4111308,Itaúna do Sul - PR,3572,411130,2021,PR,4111308.0,36,176.0,1007.8387458006719,4.927211646136618
4111407,Ivaí - PR,13229,411140,2021,PR,4111407.0,108,421.0,816.388237962053,3.1824022979817066
4111506,Ivaiporã - PR,32720,411150,2021,PR,4111506.0,375,3642.0,1146.0880195599022,11.13080684596577
4111555,Ivaté - PR,6831,411155,2021,PR,4111555.0,61,2015.0,892.9878495095886,29.49787732396428
4111605,Ivatuba - PR,2708,411160,2021,PR,4111605.0,26,869.0,960.1181683899557,32.09010339734121
4111704,Jaboti - PR,5427,411170,2021,PR,4111704.0,56,163.0,1031.8776487930716,3.003501013451262
4111803,Jacarezinho - PR,40375,411180,2021,PR,4111803.0,423,7932.0,1047.6780185758514,19.645820433436533
4111902,Jaguapitã - PR,15122,411190,2021,PR,4111902.0,163,1856.0,1077.899748710488,12.27350879513292
4112009,Jaguariaíva - PR,35141,411200,2021,PR,4112009.0,394,7736.0,1121.1974616544776,22.0141714806067
4112108,Jandaia do Sul - PR,21408,411210,2021,PR,4112108.0,269,4427.0,1256.5396113602392,20.679185351270554
4112207,Janiópolis - PR,5870,411220,2021,PR,4112207.0,74,387.0,1260.6473594548552,6.592844974446338
4112306,Japira - PR,4972,411230,2021,PR,4112306.0,51,115.0,1025.7441673370877,2.3129525341914725
4112405,Japurá - PR,9144,411240,2021,PR,4112405.0,98,1192.0,1071.7410323709537,13.035870516185478
4112504,Jardim Alegre - PR,12004,411250,2021,PR,4112504.0,125,733.0,1041.3195601466177,6.106297900699767
4112603,Jardim Olinda - PR,1343,411260,2021,PR,4112603.0,8,67.0,595.6813104988831,4.988830975428146
4112702,Jataizinho - PR,11813,411270,2021,PR,4112702.0,127,1438.0,1075.0867688140183,12.17302971302802
4112751,Jesuítas - PR,10506,411275,2021,PR,4112751.0,104,611.0,989.9105273177232,5.815724347991623
4112801,Joaquim Távora - PR,11945,411280,2021,PR,4112801.0,153,1618.0,1280.8706571787359,13.545416492256173
4112900,Jundiaí do Sul - PR,3333,411290,2021,PR,4112900.0,38,86.0,1140.1140114011403,2.5802580258025802
4112959,Juranda - PR,7771,411295,2021,PR,4112959.0,102,1222.0,1312.5723845064986,15.725131900656287
4113007,Jussara - PR,6690,411300,2021,PR,4113007.0,57,648.0,852.0179372197309,9.686098654708521
4113106,Kaloré - PR,4582,411310,2021,PR,4113106.0,73,213.0,1593.1907463989523,4.648625054561327
4113205,Lapa - PR,45003,411320,2021,PR,4113205.0,439,3903.0,975.490522854032,8.67275514965669
4113254,Laranjal - PR,5600,411325,2021,PR,4113254.0,47,38.0,839.2857142857143,0.6785714285714286
4113304,Laranjeiras do Sul - PR,32227,411330,2021,PR,4113304.0,380,2500.0,1179.1355074937164,7.757470444037608
4113403,Leópolis - PR,3752,411340,2021,PR,4113403.0,29,233.0,772.9211087420042,6.21002132196162
4113429,Lidianópolis - PR,3938,411342,2021,PR,4113429.0,51,130.0,1295.0736414423566,3.3011681056373794
4113452,Lindoeste - PR,5175,411345,2021,PR,4113452.0,32,290.0,618.3574879227053,5.603864734299517
4113502,Loanda - PR,23225,411350,2021,PR,4113502.0,226,2936.0,973.0893433799786,12.641550053821312
4113601,Lobato - PR,4601,411360,2021,PR,4113601.0,48,1337.0,1043.2514670723756,29.05890023907846
4113700,Londrina - PR,555965,411370,2021,PR,4113700.0,5700,216610.0,1025.2443948809728,38.961085679853944
4113734,Luiziana - PR,6690,411373,2021,PR,4113734.0,67,831.0,1001.4947683109118,12.42152466367713
4113759,Lunardelli - PR,4872,411375,2021,PR,4113759.0,55,240.0,1128.8998357963876,4.926108374384237
4113809,Lupionópolis - PR,4813,411380,2021,PR,4113809.0,65,465.0,1350.5090380220236,9.661333887388324
4113908,Mallet - PR,13428,411390,2021,PR,4113908.0,113,2590.0,841.5251712838843,19.288054810843015
4114005,Mamborê - PR,13452,411400,2021,PR,4114005.0,134,2263.0,996.1344038061254,16.82277728218852
4114104,Mandaguaçu - PR,31457,411410,2021,PR,4114104.0,260,8650.0,826.5250977524876,27.497854213688527
4114203,Mandaguari - PR,36716,411420,2021,PR,4114203.0,380,13439.0,1034.9711297526965,36.60257108617496
4114302,Mandirituba - PR,27439,411430,2021,PR,4114302.0,288,2073.0,1049.600932978607,7.554940048835598
4114351,Manfrinópolis - PR,2770,411435,2021,PR,4114351.0,28,109.0,1010.8303249097472,3.9350180505415158
4114401,Mangueirinha - PR,16603,411440,2021,PR,4114401.0,153,2383.0,921.5202071914714,14.352827802204422
4114500,Manoel Ribas - PR,14240,411450,2021,PR,4114500.0,125,861.0,877.808988764045,6.046348314606742
4114609,Marechal Cândido Rondon - PR,55836,411460,2021,PR,4114609.0,536,23143.0,959.9541514435132,41.448169639659
4114708,Maria Helena - PR,5865,411470,2021,PR,4114708.0,43,193.0,733.1628303495311,3.2907075873827787
4114807,Marialva - PR,41851,411480,2021,PR,4114807.0,390,12852.0,931.8773744952331,30.708943633365987
4114906,Marilândia do Sul - PR,8677,411490,2021,PR,4114906.0,93,586.0,1071.7990088740348,6.753486227958971
4115002,Marilena - PR,7253,411500,2021,PR,4115002.0,76,264.0,1047.8422721632428,3.639873155935475
4115101,Mariluz - PR,9847,411510,2021,PR,4115101.0,117,761.0,1188.1791408550828,7.7282421041941705
4115200,Maringá - PR,409657,411520,2021,PR,4115200.0,3783,193430.0,923.4554761666467,47.21755029207361
4115309,Mariópolis - PR,6371,411530,2021,PR,4115309.0,82,1158.0,1287.0820907235914,18.176110500706326
4115358,Maripá - PR,6555,411535,2021,PR,4115358.0,77,1369.0,1174.6758199847445,20.884820747520976
4115408,Marmeleiro - PR,15901,411540,2021,PR,4115408.0,141,1039.0,886.73668322747,6.534180240236463
4115457,Marquinho - PR,4504,411545,2021,PR,4115457.0,44,48.0,976.9094138543518,1.0657193605683837
4115507,Marumbi - PR,4699,411550,2021,PR,4115507.0,59,434.0,1255.5862949563739,9.236007661204512
4115606,Matelândia - PR,18450,411560,2021,PR,4115606.0,162,2902.0,878.048780487805,15.728997289972899
4115705,Matinhos - PR,39259,411570,2021,PR,4115705.0,438,5179.0,1115.6677449756744,13.191879569016022
4115739,Mato Rico - PR,3267,411573,2021,PR,4115739.0,33,24.0,1010.1010101010102,0.7346189164370982
4115754,Mauá da Serra - PR,9383,411575,2021,PR,4115754.0,81,1010.0,863.2633486091869,10.764147927102206
4115804,Medianeira - PR,54369,411580,2021,PR,4115804.0,409,13339.0,752.2669168092111,24.5342014751053
4115853,Mercedes - PR,5931,411585,2021,PR,4115853.0,63,1724.0,1062.215477996965,29.067610858202663
4115903,Mirador - PR,2238,411590,2021,PR,4115903.0,22,75.0,983.0205540661306,3.351206434316354
4116000,Miraselva - PR,1966,411600,2021,PR,4116000.0,30,196.0,1525.940996948118,9.969481180061038
4116059,Missal - PR,11064,411605,2021,PR,4116059.0,116,976.0,1048.4454085321763,8.821402747650037
4116109,Moreira Sales - PR,11175,411610,2021,PR,4116109.0,156,1151.0,1395.9731543624162,10.299776286353469
4116208,Morretes - PR,18309,411620,2021,PR,4116208.0,192,1473.0,1048.6645911846633,8.045223660494838
4116307,Munhoz de Melo - PR,3951,411630,2021,PR,4116307.0,41,326.0,1037.7119716527461,8.251075677043787
4116406,Nossa Senhora das Graças - PR,3669,411640,2021,PR,4116406.0,33,201.0,899.4276369582993,5.478331970564186
4116505,Nova Aliança do Ivaí - PR,1323,411650,2021,PR,4116505.0,14,84.0,1058.2010582010582,6.349206349206349
4116604,Nova América da Colina - PR,3280,411660,2021,PR,4116604.0,34,150.0,1036.5853658536587,4.573170731707317
4116703,Nova Aurora - PR,13765,411670,2021,PR,4116703.0,135,2480.0,980.7482746095169,18.01670904467853
4116802,Nova Cantu - PR,6790,411680,2021,PR,4116802.0,80,548.0,1178.20324005891,8.070692194403534
4116901,Nova Esperança - PR,26585,411690,2021,PR,4116901.0,266,7433.0,1000.5642279480911,27.959375587737444
4116950,Nova Esperança do Sudoeste - PR,5597,411695,2021,PR,4116950.0,54,297.0,964.8025728068608,5.3064141504377345
4117008,Nova Fátima - PR,7225,411700,2021,PR,4117008.0,96,604.0,1328.7197231833911,8.359861591695502
4117057,Nova Laranjeiras - PR,12074,411705,2021,PR,4117057.0,96,159.0,795.0969024349843,1.3168792446579427
4117107,Nova Londrina - PR,12923,411710,2021,PR,4117107.0,135,1778.0,1044.6490752921147,13.758415228662074
4117206,Nova Olímpia - PR,5833,411720,2021,PR,4117206.0,68,360.0,1165.7809017658153,6.171781244642551
4117214,Nova Santa Bárbara - PR,4184,411721,2021,PR,4117214.0,65,259.0,1553.5372848948375,6.190248565965583
4117222,Nova Santa Rosa - PR,8322,411722,2021,PR,4117222.0,100,2678.0,1201.6342225426579,32.17976447969238
4117255,Nova Prata do Iguaçu - PR,12699,411725,2021,PR,4117255.0,100,387.0,787.4635798094339,3.047484053862509
4117271,Nova Tebas - PR,6848,411727,2021,PR,4117271.0,66,198.0,963.7850467289719,2.8913551401869158
4117297,Novo Itacolomi - PR,3125,411729,2021,PR,4117297.0,27,119.0,864.0,3.8080000000000003
4117305,Ortigueira - PR,24192,411730,2021,PR,4117305.0,276,1404.0,1140.873015873016,5.803571428571429
4117404,Ourizona - PR,3187,411740,2021,PR,4117404.0,41,952.0,1286.4763100094133,29.87135236899906
4117453,Ouro Verde do Oeste - PR,6785,411745,2021,PR,4117453.0,74,1580.0,1090.6411201179071,23.286661753868827
4117503,Paiçandu - PR,45962,411750,2021,PR,4117503.0,364,13496.0,791.9585744745659,29.363387145903136
4117602,Palmas - PR,48247,411760,2021,PR,4117602.0,451,5616.0,934.7731465168819,11.640101975252346
4117701,Palmeira - PR,33855,411770,2021,PR,4117701.0,361,4750.0,1066.3122138531974,14.030423866489441
4117800,Palmital - PR,13033,411780,2021,PR,4117800.0,162,403.0,1242.9985421622036,3.092150694391161
4117909,Palotina - PR,35011,411790,2021,PR,4117909.0,273,8120.0,779.7549341635487,23.19271086230042
4118006,Paraíso do Norte - PR,13245,411800,2021,PR,4118006.0,134,2872.0,1011.702529256323,21.683654209135522
4118105,Paranacity - PR,9557,411810,2021,PR,4118105.0,100,2615.0,1046.3534581981792,27.36214293188239
4118204,Paranaguá - PR,145829,411820,2021,PR,4118204.0,1567,45936.0,1074.5462150875342,31.499907425820656
4118303,Paranapoema - PR,2398,411830,2021,PR,4118303.0,23,136.0,959.1326105087574,5.67139282735613
4118402,Paranavaí - PR,92001,411840,2021,PR,4118402.0,930,21690.0,1010.8585776241562,23.57583069749242
4118451,Pato Bragado - PR,5733,411845,2021,PR,4118451.0,68,1396.0,1186.1154718297576,24.35025292168149
4118501,Pato Branco - PR,91836,411850,2021,PR,4118501.0,772,29943.0,840.6289472538002,32.604860838886715
4118600,Paula Freitas - PR,5666,411860,2021,PR,4118600.0,63,244.0,1111.895517119661,4.3063889869396395
4118709,Paulo Frontin - PR,6343,411870,2021,PR,4118709.0,63,223.0,993.2208734037522,3.5156865836355036
4118808,Peabiru - PR,13346,411880,2021,PR,4118808.0,156,2143.0,1168.8895549228234,16.05724561666417
4118857,Perobal - PR,7189,411885,2021,PR,4118857.0,78,370.0,1084.99095840868,5.14675198219502
4118907,Pérola - PR,11878,411890,2021,PR,4118907.0,176,538.0,1481.7309311331874,4.5293820508503115
4119004,Pérola d'Oeste - PR,6221,411900,2021,PR,4119004.0,69,172.0,1109.1464394791833,2.7648288056582544
4119103,Piên - PR,13655,411910,2021,PR,4119103.0,117,1482.0,856.8290003661663,10.85316733797144
4119152,Pinhais - PR,127019,411915,2021,PR,4119152.0,1159,43673.0,912.4619151465528,34.383045056251426
4119202,Pinhalão - PR,6566,411920,2021,PR,4119202.0,83,230.0,1264.0877246420957,3.5028936947913496
4119251,Pinhal de São Bento - PR,2761,411925,2021,PR,4119251.0,26,17.0,941.6877942774357,0.6157189424121695
4119301,Pinhão - PR,29886,411930,2021,PR,4119301.0,281,1242.0,940.2395770594927,4.155792009636619
4119400,Piraí do Sul - PR,23651,411940,2021,PR,4119400.0,278,4223.0,1175.4259862162278,17.85548179780982
4119509,Piraquara - PR,118730,411950,2021,PR,4119509.0,987,19781.0,831.2979028046828,16.660490187821107
4119608,Pitanga - PR,33567,411960,2021,PR,4119608.0,297,2198.0,884.7975690410225,6.548097834182381
4119657,Pitangueiras - PR,3046,411965,2021,PR,4119657.0,27,200.0,886.408404464872,6.565988181221274
4119707,Planaltina do Paraná - PR,4070,411970,2021,PR,4119707.0,39,327.0,958.2309582309583,8.034398034398034
4119806,Planalto - PR,14374,411980,2021,PR,4119806.0,135,403.0,939.1957701405315,2.803673299012105
4119905,Ponta Grossa - PR,358371,411990,2021,PR,4119905.0,3841,99173.0,1071.7943137140003,27.673277134589576
4119954,Pontal do Paraná - PR,30425,411995,2021,PR,4119954.0,359,2612.0,1179.9506984387838,8.585045193097782
4120002,Porecatu - PR,11624,412000,2021,PR,4120002.0,157,1914.0,1350.6538196834135,16.46593255333792
4120101,Porto Amazonas - PR,4098,412010,2021,PR,4120101.0,67,270.0,1634.9438750610054,6.588579795021962
4120150,Porto Barreiro - PR,3110,412015,2021,PR,4120150.0,29,51.0,932.475884244373,1.639871382636656
4120200,Porto Rico - PR,3182,412020,2021,PR,4120200.0,29,228.0,911.3764927718416,7.165304839723445
4120309,Porto Vitória - PR,3562,412030,2021,PR,4120309.0,48,77.0,1347.5575519371139,2.1617069062324537
4120333,Prado Ferreira - PR,3709,412033,2021,PR,4120333.0,43,342.0,1159.3421407387436,9.220814235643031
4120358,Pranchita - PR,5737,412035,2021,PR,4120358.0,33,222.0,575.2135262332229,3.8696182673871364
4120408,Presidente Castelo Branco - PR,4336,412040,2021,PR,4120408.0,47,938.0,1083.9483394833949,21.632841328413285
4120507,Primeiro de Maio - PR,10082,412050,2021,PR,4120507.0,130,1719.0,1289.4267010513786,17.05018845467169
4120606,Prudentópolis - PR,49393,412060,2021,PR,4120606.0,559,1957.0,1131.7393152875914,3.962099892697346
4120655,Quarto Centenário - PR,4201,412065,2021,PR,4120655.0,44,364.0,1047.3696738871697,8.664603665793859
4120705,Quatiguá - PR,8099,412070,2021,PR,4120705.0,108,701.0,1333.4979627114458,8.655389554265959
4120804,Quatro Barras - PR,24191,412080,2021,PR,4120804.0,233,7683.0,963.1681203753461,31.759745359844572
4120853,Quatro Pontes - PR,4480,412085,2021,PR,4120853.0,30,1948.0,669.6428571428571,43.48214285714286
4120903,Quedas do Iguaçu - PR,30738,412090,2021,PR,4120903.0,286,2742.0,930.444401067083,8.920554362678118
4121000,Querência do Norte - PR,10685,412100,2021,PR,4121000.0,118,537.0,1104.351895180159,5.025737014506317
4121109,Quinta do Sol - PR,5001,412110,2021,PR,4121109.0,39,693.0,779.8440311937612,13.857228554289142
4121208,Quitandinha - PR,18398,412120,2021,PR,4121208.0,211,845.0,1146.8637895423417,4.59289053157952
4121257,Ramilândia - PR,4221,412125,2021,PR,4121257.0,27,215.0,639.6588486140724,5.093579720445392
4121307,Rancho Alegre - PR,3512,412130,2021,PR,4121307.0,42,299.0,1195.8997722095671,8.513667425968109
4121356,Rancho Alegre D'Oeste - PR,2618,412135,2021,PR,4121356.0,31,312.0,1184.1100076394193,11.917494270435448
4121406,Realeza - PR,19247,412140,2021,PR,4121406.0,166,1592.0,862.472073569907,8.27141892242947
4121505,Rebouças - PR,14514,412150,2021,PR,4121505.0,170,386.0,1171.2828992696707,2.659501171282899
4121604,Renascença - PR,6845,412160,2021,PR,4121604.0,66,452.0,964.2074506939371,6.60336011687363
4121703,Reserva - PR,24573,412170,2021,PR,4121703.0,277,1477.0,1127.253489602409,6.0106621088186225
4121752,Reserva do Iguaçu - PR,6553,412175,2021,PR,4121752.0,41,314.0,625.6676331451245,4.791698458721196
4121802,Ribeirão Claro - PR,12364,412180,2021,PR,4121802.0,106,1127.0,857.3277256551278,9.115173083144613
4121901,Ribeirão do Pinhal - PR,13060,412190,2021,PR,4121901.0,181,1060.0,1385.9111791730475,8.116385911179174
4122008,Rio Azul - PR,14025,412200,2021,PR,4122008.0,138,731.0,983.9572192513369,5.212121212121213
4122107,Rio Bom - PR,3197,412210,2021,PR,4122107.0,33,161.0,1032.2177040975916,5.0359712230215825
4122156,Rio Bonito do Iguaçu - PR,13929,412215,2021,PR,4122156.0,95,149.0,682.0302965036973,1.0697106755689567
4122172,Rio Branco do Ivaí - PR,3808,412217,2021,PR,4122172.0,32,181.0,840.3361344537815,4.753151260504201
4122206,Rio Branco do Sul - PR,37558,412220,2021,PR,4122206.0,345,5214.0,918.5792640715692,13.882528356142497
4122305,Rio Negro - PR,31324,412230,2021,PR,4122305.0,313,3913.0,999.233814327672,12.492018899246585
4122404,Rolândia - PR,71670,412240,2021,PR,4122404.0,697,15200.0,972.5129063764475,21.20831589228408
4122503,Roncador - PR,11251,412250,2021,PR,4122503.0,119,715.0,1057.6837614434273,6.354990667496223
4122602,Rondon - PR,9097,412260,2021,PR,4122602.0,88,1605.0,967.3518742442564,17.643179070023084
4122651,Rosário do Ivaí - PR,5435,412265,2021,PR,4122651.0,65,126.0,1195.9521619135235,2.3183072677092915
4122701,Sabáudia - PR,8822,412270,2021,PR,4122701.0,87,515.0,986.1709362956246,5.837678530945364
4122800,Salgado Filho - PR,4075,412280,2021,PR,4122800.0,33,140.0,809.8159509202453,3.4355828220858897
4122909,Salto do Itararé - PR,5192,412290,2021,PR,4122909.0,84,66.0,1617.8736517719567,1.2711864406779663
4123006,Salto do Lontra - PR,15223,412300,2021,PR,4123006.0,130,711.0,853.9709649871904,4.6705642777376335
4123105,Santa Amélia - PR,3394,412310,2021,PR,4123105.0,41,245.0,1208.0141426045964,7.218621096051857
4123204,Santa Cecília do Pavão - PR,3365,412320,2021,PR,4123204.0,41,302.0,1218.4249628528976,8.974739970282318
4123303,Santa Cruz de Monte Castelo - PR,8613,412330,2021,PR,4123303.0,109,653.0,1265.5288517357483,7.581562753976547
4123402,Santa Fé - PR,11378,412340,2021,PR,4123402.0,130,2088.0,1142.5558094568464,18.35120407804535
4123501,Santa Helena - PR,25492,412350,2021,PR,4123501.0,263,3031.0,1031.6962184214656,11.890004707359171
4123600,Santa Inês - PR,1748,412360,2021,PR,4123600.0,13,268.0,743.7070938215103,15.331807780320366
4123709,Santa Isabel do Ivaí - PR,8912,412370,2021,PR,4123709.0,112,738.0,1256.7324955116696,8.280969479353681
4123808,Santa Izabel do Oeste - PR,14070,412380,2021,PR,4123808.0,119,648.0,845.7711442786069,4.605543710021322
4123824,Santa Lúcia - PR,3644,412382,2021,PR,4123824.0,41,179.0,1125.1372118551044,4.91218441273326
4123857,Santa Maria do Oeste - PR,9934,412385,2021,PR,4123857.0,102,220.0,1026.776726394202,2.2146164686933765
4123907,Santa Mariana - PR,11066,412390,2021,PR,4123907.0,160,1151.0,1445.8702331465752,10.401228989698176
4123956,Santa Mônica - PR,3356,412395,2021,PR,4123956.0,44,227.0,1311.0846245530392,6.764004767580453
4124004,Santana do Itararé - PR,5514,412400,2021,PR,4124004.0,78,164.0,1414.5810663764962,2.974247370330069
4124020,Santa Tereza do Oeste - PR,13174,412402,2021,PR,4124020.0,109,1515.0,827.3872779717625,11.499924092910279
4124053,Santa Terezinha de Itaipu - PR,24262,412405,2021,PR,4124053.0,230,3111.0,947.9845025142198,12.822520814442337
4124103,Santo Antônio da Platina - PR,44369,412410,2021,PR,4124103.0,530,7613.0,1194.5277107890645,17.158376343843678
4124202,Santo Antônio do Caiuá - PR,2493,412420,2021,PR,4124202.0,44,179.0,1764.941837144003,7.18010429201765
4124301,Santo Antônio do Paraíso - PR,2125,412430,2021,PR,4124301.0,30,134.0,1411.764705882353,6.305882352941176
4124400,Santo Antônio do Sudoeste - PR,23673,412440,2021,PR,4124400.0,188,581.0,794.1536771849786,2.4542728002365566
4124509,Santo Inácio - PR,6181,412450,2021,PR,4124509.0,59,698.0,954.5381006309658,11.292671088820578
4124608,São Carlos do Ivaí - PR,6587,412460,2021,PR,4124608.0,83,932.0,1260.057689388189,14.14908152421436
4124707,São Jerônimo da Serra - PR,10830,412470,2021,PR,4124707.0,113,430.0,1043.3979686057248,3.970452446906741
4124806,São João - PR,11886,412480,2021,PR,4124806.0,104,1774.0,874.9789668517584,14.925121992259802
4124905,São João do Caiuá - PR,5586,412490,2021,PR,4124905.0,67,438.0,1199.4271392767635,7.841031149301826
4125001,São João do Ivaí - PR,10667,412500,2021,PR,4125001.0,113,1059.0,1059.3418955657635,9.927814755788882
4125100,São João do Triunfo - PR,13726,412510,2021,PR,4125100.0,111,352.0,808.6842488707563,2.564476176599155
4125209,São Jorge d'Oeste - PR,9378,412520,2021,PR,4125209.0,100,721.0,1066.3254425250586,7.688206440605673
4125308,São Jorge do Ivaí - PR,5168,412530,2021,PR,4125308.0,60,1777.0,1160.9907120743035,34.38467492260062
4125357,São Jorge do Patrocínio - PR,6504,412535,2021,PR,4125357.0,66,91.0,1014.760147601476,1.399138991389914
4125407,São José da Boa Vista - PR,6040,412540,2021,PR,4125407.0,57,128.0,943.7086092715232,2.119205298013245
4125456,São José das Palmeiras - PR,3957,412545,2021,PR,4125456.0,51,483.0,1288.855193328279,12.206216830932524
4125506,São José dos Pinhais - PR,329628,412550,2021,PR,4125506.0,2688,118754.0,815.4647056682078,36.026672491414566
4125555,São Manoel do Paraná - PR,2138,412555,2021,PR,4125555.0,20,101.0,935.4536950420954,4.724041159962582
4125605,São Mateus do Sul - PR,42366,412560,2021,PR,4125605.0,361,6531.0,852.0983807770381,15.415663503753011
4125704,São Miguel do Iguaçu - PR,29122,412570,2021,PR,4125704.0,233,4199.0,800.0824119222582,14.41865256507108
4125753,São Pedro do Iguaçu - PR,5784,412575,2021,PR,4125753.0,69,1280.0,1192.9460580912862,22.130013831258644
4125803,São Pedro do Ivaí - PR,8690,412580,2021,PR,4125803.0,106,1656.0,1219.7928653624856,19.056386651323358
4125902,São Pedro do Paraná - PR,2661,412590,2021,PR,4125902.0,18,84.0,676.4374295377677,3.1567080045095826
4126009,São Sebastião da Amoreira - PR,8063,412600,2021,PR,4126009.0,88,863.0,1091.4051841746248,10.703212203894333
4126108,São Tomé - PR,5232,412610,2021,PR,4126108.0,49,656.0,936.5443425076453,12.538226299694188
4126207,Sapopema - PR,6695,412620,2021,PR,4126207.0,69,318.0,1030.619865571322,4.749813293502614
4126256,Sarandi - PR,118455,412625,2021,PR,4126256.0,952,24350.0,803.6807226372883,20.55632940779199
4126272,Saudade do Iguaçu - PR,6108,412627,2021,PR,4126272.0,51,248.0,834.9705304518665,4.060248853962016
4126306,Sengés - PR,17270,412630,2021,PR,4126306.0,159,1151.0,920.6716850028952,6.664736537348002
4126355,Serranópolis do Iguaçu - PR,5007,412635,2021,PR,4126355.0,58,537.0,1158.3782704214102,10.72498502097064
4126405,Sertaneja - PR,5616,412640,2021,PR,4126405.0,64,599.0,1139.6011396011397,10.665954415954417
4126504,Sertanópolis - PR,15930,412650,2021,PR,4126504.0,196,4373.0,1230.3829252981795,27.451349654739488
4126603,Siqueira Campos - PR,22811,412660,2021,PR,4126603.0,278,2006.0,1218.7102713603085,8.794002893340933
4126652,Sulina - PR,3440,412665,2021,PR,4126652.0,42,144.0,1220.9302325581396,4.186046511627907
4126678,Tamarana - PR,10707,412667,2021,PR,4126678.0,101,1150.0,943.3081161856729,10.740636966470534
4126702,Tamboara - PR,4880,412670,2021,PR,4126702.0,58,393.0,1188.5245901639344,8.053278688524589
4126801,Tapejara - PR,15869,412680,2021,PR,4126801.0,151,2887.0,951.5407398071712,18.19270275379671
4126900,Tapira - PR,5745,412690,2021,PR,4126900.0,60,268.0,1044.3864229765013,4.664926022628372
4127007,Teixeira Soares - PR,9547,412700,2021,PR,4127007.0,78,401.0,817.0105792395518,4.200272336859746
4127106,Telêmaco Borba - PR,75042,412710,2021,PR,4127106.0,943,26018.0,1256.6296207457158,34.67125076623757
4127205,Terra Boa - PR,17568,412720,2021,PR,4127205.0,173,1729.0,984.7449908925319,9.841757741347905
4127304,Terra Rica - PR,14842,412730,2021,PR,4127304.0,178,2884.0,1199.2992858105376,19.431343484705565
4127403,Terra Roxa - PR,18119,412740,2021,PR,4127403.0,193,1580.0,1065.1801975826481,8.720128042386445
4127502,Tibagi - PR,19961,412750,2021,PR,4127502.0,216,1630.0,1082.1101147237114,8.165923550924301
4127601,Tijucas do Sul - PR,17621,412760,2021,PR,4127601.0,172,1138.0,976.1080528914364,6.458203280177062
4127700,Toledo - PR,150470,412770,2021,PR,4127700.0,1248,65470.0,829.4012095434306,43.510334285904165
4127809,Tomazina - PR,8426,412780,2021,PR,4127809.0,92,355.0,1091.8585331117968,4.213149774507477
4127858,Três Barras do Paraná - PR,11135,412785,2021,PR,4127858.0,150,759.0,1347.103726986978,6.816344858554109
4127882,Tunas do Paraná - PR,6219,412788,2021,PR,4127882.0,73,145.0,1173.8221579032,2.331564560218685
4127908,Tuneiras do Oeste - PR,8067,412790,2021,PR,4127908.0,96,505.0,1190.033469691335,6.260071897855461
4127957,Tupãssi - PR,8077,412795,2021,PR,4127957.0,70,1590.0,866.6584127770212,19.685526804506623
4127965,Turvo - PR,14231,412796,2021,PR,4127965.0,138,1541.0,969.7140046377625,10.82847305178835
4128005,Ubiratã - PR,24749,412800,2021,PR,4128005.0,317,6580.0,1280.8598327205139,26.586932805365876
4128104,Umuarama - PR,117095,412810,2021,PR,4128104.0,1133,17676.0,967.5904180366368,15.095435330287374
4128203,União da Vitória - PR,55033,412820,2021,PR,4128203.0,598,6980.0,1086.6207548198354,12.683299111442226
4128302,Uniflor - PR,2136,412830,2021,PR,4128302.0,17,273.0,795.8801498127341,12.780898876404494
4128401,Uraí - PR,10406,412840,2021,PR,4128401.0,149,1445.0,1431.866231020565,13.886219488756488
4128500,Wenceslau Braz - PR,19188,412850,2021,PR,4128500.0,307,1387.0,1599.9583072753803,7.228476130915156
4128534,Ventania - PR,9681,412853,2021,PR,4128534.0,110,394.0,1136.2462555521124,4.069827497159385
4128559,Vera Cruz do Oeste - PR,8215,412855,2021,PR,4128559.0,117,1148.0,1424.2239805234328,13.974437005477785
4128609,Verê - PR,7932,412860,2021,PR,4128609.0,87,509.0,1096.8229954614221,6.417044881492688
4128625,Alto Paraíso - PR,3055,412862,2021,PR,4128625.0,42,78.0,1374.795417348609,2.553191489361702
4128633,Doutor Ulysses - PR,5697,412863,2021,PR,4128633.0,46,65.0,807.442513603651,1.1409513779182026
4128658,Virmond - PR,3811,412865,2021,PR,4128658.0,38,84.0,997.1136184728418,2.204145893466282
4128708,Vitorino - PR,9706,412870,2021,PR,4128708.0,82,1613.0,844.8382443849165,16.61858644137647
4128807,Xambrê - PR,5798,412880,2021,PR,4128807.0,67,146.0,1155.5708865125907,2.5181096929975855
4200051,Abdon Batista - SC,2598,420005,2021,SC,4200051.0,17,431.0,654.3494996150886,16.589684372594306
4200101,Abelardo Luz - SC,17392,420010,2021,SC,4200101.0,153,2132.0,879.7148114075437,12.258509659613615
4200200,Agrolândia - SC,10990,420020,2021,SC,4200200.0,91,479.0,828.0254777070063,4.358507734303912
4200309,Agronômica - SC,6055,420030,2021,SC,4200309.0,34,445.0,561.5194054500413,7.349298100743187
4200408,Água Doce - SC,6508,420040,2021,SC,4200408.0,70,1017.0,1075.5992624462199,15.626920712968653
4200507,Águas de Chapecó - SC,6036,420050,2021,SC,4200507.0,58,362.0,960.9012591119947,5.997349237905898
4200556,Águas Frias - SC,2839,420055,2021,SC,4200556.0,31,287.0,1091.933779499824,10.109193377949982
4200606,Águas Mornas - SC,6743,420060,2021,SC,4200606.0,56,416.0,830.4908794305205,6.169360818626724
4200705,Alfredo Wagner - SC,10481,420070,2021,SC,4200705.0,77,284.0,734.6627230226123,2.7096651082911936
4200754,Alto Bela Vista - SC,1856,420075,2021,SC,4200754.0,20,283.0,1077.5862068965519,15.247844827586206
4200804,Anchieta - SC,5943,420080,2021,SC,4200804.0,57,212.0,959.1115598182737,3.5672219417802458
4200903,Angelina - SC,5358,420090,2021,SC,4200903.0,61,226.0,1138.4845091452034,4.21799178798059
4201000,Anita Garibaldi - SC,8285,420100,2021,SC,4201000.0,87,360.0,1050.0905250452624,4.345202172601086
4201109,Anitápolis - SC,3593,420110,2021,SC,4201109.0,27,214.0,751.4611745059839,5.956025605343724
4201208,Antônio Carlos - SC,11224,420120,2021,SC,4201208.0,65,1532.0,579.1161796151105,13.649322879543835
4201257,Apiúna - SC,9811,420125,2021,SC,4201257.0,80,641.0,815.41127306085,6.5334828254000605
4201273,Arabutã - SC,4378,420127,2021,SC,4201273.0,32,682.0,730.9273640931932,15.577889447236181
4201307,Araquari - SC,45283,420130,2021,SC,4201307.0,273,7669.0,602.8752511980214,16.935715389881413
4201406,Araranguá - SC,71922,420140,2021,SC,4201406.0,625,8544.0,868.9969689385723,11.879536164177859
4201505,Armazém - SC,8834,420150,2021,SC,4201505.0,105,982.0,1188.5895404120445,11.116142177948834
4201604,Arroio Trinta - SC,3556,420160,2021,SC,4201604.0,36,446.0,1012.3734533183352,12.542182227221597
4201653,Arvoredo - SC,2510,420165,2021,SC,4201653.0,17,41.0,677.2908366533865,1.6334661354581674
4201703,Ascurra - SC,8319,420170,2021,SC,4201703.0,62,855.0,745.2818848419281,10.277677605481427
4201802,Atalanta - SC,3227,420180,2021,SC,4201802.0,39,146.0,1208.552835450883,4.524325999380229
4201901,Aurora - SC,6780,420190,2021,SC,4201901.0,56,335.0,825.9587020648968,4.941002949852508
4201950,Balneário Arroio do Silva - SC,15820,420195,2021,SC,4201950.0,166,1022.0,1049.3046776232618,6.460176991150443
4202008,Balneário Camboriú - SC,139155,420200,2021,SC,4202008.0,964,41829.0,692.7526858539039,30.059286407243725
4202057,Balneário Barra do Sul - SC,14912,420205,2021,SC,4202057.0,147,1346.0,985.7832618025751,9.026287553648068
4202073,Balneário Gaivota - SC,15669,420207,2021,SC,4202073.0,139,915.0,887.1019209904908,5.839555810836684
4202081,Bandeirante - SC,3144,420208,2021,SC,4202081.0,32,100.0,1017.8117048346056,3.1806615776081424
4202099,Barra Bonita - SC,1668,420209,2021,SC,4202099.0,18,146.0,1079.136690647482,8.752997601918464
4202107,Barra Velha - SC,45369,420210,2021,SC,4202107.0,348,5357.0,767.043576010051,11.807621944499548
4202131,Bela Vista do Toldo - SC,5872,420213,2021,SC,4202131.0,61,155.0,1038.8283378746594,2.639645776566758
4202156,Belmonte - SC,2658,420215,2021,SC,4202156.0,26,127.0,978.1790820165538,4.778028592927012
4202206,Benedito Novo - SC,10520,420220,2021,SC,4202206.0,103,1880.0,979.0874524714828,17.870722433460077
4202305,Biguaçu - SC,76773,420230,2021,SC,4202305.0,533,10916.0,694.2544905109869,14.218540372266292
4202404,Blumenau - SC,361261,420240,2021,SC,4202404.0,2438,117999.0,674.8583434137646,32.663088459590156
4202438,Bocaina do Sul - SC,3515,420243,2021,SC,4202438.0,30,158.0,853.4850640113799,4.4950213371266
4202453,Bombinhas - SC,25058,420245,2021,SC,4202453.0,160,2300.0,638.5186367627105,9.178705403463963
4202503,Bom Jardim da Serra - SC,4026,420250,2021,SC,4202503.0,38,228.0,943.8648782911079,5.663189269746647
4202537,Bom Jesus - SC,2777,420253,2021,SC,4202537.0,28,136.0,1008.2823190493338,4.897371263953907
4202578,Bom Jesus do Oeste - SC,2187,420257,2021,SC,4202578.0,23,53.0,1051.6689529035207,2.423411065386374
4202602,Bom Retiro - SC,8418,420260,2021,SC,4202602.0,80,323.0,950.344499881207,3.8370159182703727
4202701,Botuverá - SC,5363,420270,2021,SC,4202701.0,36,300.0,671.2660824165579,5.593884020137983
4202800,Braço do Norte - SC,33773,420280,2021,SC,4202800.0,268,6636.0,793.5332958280283,19.64883190714476
4202859,Braço do Trombudo - SC,4026,420285,2021,SC,4202859.0,39,109.0,968.7034277198211,2.7074018877297568
4202875,Brunópolis - SC,2489,420287,2021,SC,4202875.0,26,64.0,1044.5962233828845,2.571313780634793
4202909,Brusque - SC,141385,420290,2021,SC,4202909.0,951,28766.0,672.6314672702196,20.34586412985819
4203006,Caçador - SC,73720,420300,2021,SC,4203006.0,744,14243.0,1009.2240911557243,19.320401519262074
4203105,Caibi - SC,6304,420310,2021,SC,4203105.0,68,328.0,1078.6802030456852,5.203045685279188
4203154,Calmon - SC,3443,420315,2021,SC,4203154.0,26,177.0,755.1553877432472,5.1408655242521055
4203204,Camboriú - SC,103074,420320,2021,SC,4203204.0,554,11824.0,537.4779284785687,11.471370083629237
4203253,Capão Alto - SC,2625,420325,2021,SC,4203253.0,21,81.0,800.0,3.085714285714286
4203303,Campo Alegre - SC,12501,420330,2021,SC,4203303.0,131,1038.0,1047.9161667066635,8.303335733141349
4203402,Campo Belo do Sul - SC,7257,420340,2021,SC,4203402.0,66,438.0,909.4667217858619,6.035551880942538
4203501,Campo Erê - SC,9623,420350,2021,SC,4203501.0,85,512.0,883.3004260625584,5.320586095812117
4203600,Campos Novos - SC,36932,420360,2021,SC,4203600.0,352,6852.0,953.1030001083072,18.553016354381025
4203709,Canelinha - SC,12821,420370,2021,SC,4203709.0,107,506.0,834.5682864051166,3.9466500272989626
4203808,Canoinhas - SC,55016,420380,2021,SC,4203808.0,544,7981.0,988.8032572342591,14.506688963210701
4203907,Capinzal - SC,23314,420390,2021,SC,4203907.0,183,7341.0,784.9360899030626,31.487518229390066
4203956,Capivari de Baixo - SC,23975,420395,2021,SC,4203956.0,193,5881.0,805.0052137643378,24.529718456725753
4204004,Catanduvas - SC,10566,420400,2021,SC,4204004.0,106,1428.0,1003.2178686352452,13.515048268029528
4204103,Caxambu do Sul - SC,4614,420410,2021,SC,4204103.0,46,299.0,996.9657563935848,6.480277416558302
4204152,Celso Ramos - SC,2805,420415,2021,SC,4204152.0,32,148.0,1140.819964349376,5.276292335115865
4204178,Cerro Negro - SC,3317,420417,2021,SC,4204178.0,30,100.0,904.4317154054869,3.0147723846849566
4204194,Chapadão do Lageado - SC,2950,420419,2021,SC,4204194.0,22,67.0,745.7627118644068,2.271186440677966
4204202,Chapecó - SC,254785,420420,2021,SC,4204202.0,1776,52328.0,697.0583040602861,20.538100751614106
4204251,Cocal do Sul - SC,17240,420425,2021,SC,4204251.0,120,5963.0,696.0556844547564,34.58816705336427
4204301,Concórdia - SC,81646,420430,2021,SC,4204301.0,648,29240.0,793.6702349165912,35.813144550865935
4204350,Cordilheira Alta - SC,4781,420435,2021,SC,4204350.0,38,425.0,794.8128006693161,8.889353691696297
4204400,Coronel Freitas - SC,10388,420440,2021,SC,4204400.0,104,859.0,1001.155179052753,8.26915671929149
4204459,Coronel Martins - SC,2065,420445,2021,SC,4204459.0,13,104.0,629.5399515738499,5.036319612590799
4204509,Corupá - SC,15267,420450,2021,SC,4204509.0,126,2293.0,825.3094910591471,15.019322722211307
4204558,Correia Pinto - SC,15727,420455,2021,SC,4204558.0,169,2300.0,1074.5851084122846,14.624531061232277
4204608,Criciúma - SC,214493,420460,2021,SC,4204608.0,1663,61086.0,775.3166770011143,28.47925107113053
4204707,Cunha Porã - SC,10953,420470,2021,SC,4204707.0,144,754.0,1314.708299096138,6.883958732767279
4204756,Cunhataí - SC,1968,420475,2021,SC,4204756.0,24,27.0,1219.5121951219512,1.3719512195121952
4204806,Curitibanos - SC,40045,420480,2021,SC,4204806.0,532,5013.0,1328.5054313896867,12.518416781121239
4204905,Descanso - SC,8530,420490,2021,SC,4204905.0,90,568.0,1055.0996483001172,6.658851113716295
4205001,Dionísio Cerqueira - SC,15008,420500,2021,SC,4205001.0,172,864.0,1146.0554371002133,5.756929637526652
4205100,Dona Emma - SC,4221,420510,2021,SC,4205100.0,30,112.0,710.7320540156361,2.6533996683250414
4205159,Doutor Pedrinho - SC,3637,420515,2021,SC,4205159.0,33,229.0,907.3412152873246,6.2963981303271925
4205175,Entre Rios - SC,3402,420517,2021,SC,4205175.0,26,81.0,764.2563198118754,2.380952380952381
4205191,Ermo - SC,2269,420519,2021,SC,4205191.0,24,185.0,1057.7346848832085,8.153371529308066
4205209,Erval Velho - SC,4885,420520,2021,SC,4205209.0,42,388.0,859.7748208802457,7.9426816786079835
4205308,Faxinal dos Guedes - SC,11192,420530,2021,SC,4205308.0,115,1177.0,1027.519656897784,10.516440314510364
4205357,Flor do Sertão - SC,1783,420535,2021,SC,4205357.0,24,105.0,1346.045989904655,5.888951205832866
4205407,Florianópolis - SC,537211,420540,2021,SC,4205407.0,3523,207870.0,655.7944643724719,38.69429330374843
4205431,Formosa do Sul - SC,2682,420543,2021,SC,4205431.0,20,201.0,745.7121551081283,7.4944071588366885
4205456,Forquilhinha - SC,31431,420545,2021,SC,4205456.0,185,4922.0,588.5908816136935,15.659699023257293
4205506,Fraiburgo - SC,33481,420550,2021,SC,4205506.0,358,4769.0,1069.2631641826708,14.24389952510379
4205555,Frei Rogério - SC,2411,420555,2021,SC,4205555.0,20,38.0,829.531314807134,1.5761094981335544
4205605,Galvão - SC,3210,420560,2021,SC,4205605.0,33,265.0,1028.03738317757,8.255451713395638
4205704,Garopaba - SC,29959,420570,2021,SC,4205704.0,188,3224.0,627.5242831870222,10.761373877632764
4205803,Garuva - SC,18545,420580,2021,SC,4205803.0,132,2389.0,711.7821515233217,12.882178484766785
4205902,Gaspar - SC,72570,420590,2021,SC,4205902.0,493,16660.0,679.3440815764089,22.957144825685543
4206009,Governador Celso Ramos - SC,16915,420600,2021,SC,4206009.0,134,2015.0,792.1962754951226,11.912503694945315
4206108,Grão-Pará - SC,6277,420610,2021,SC,4206108.0,60,626.0,955.8706388402102,9.972916998566195
4206207,Gravatal - SC,12435,420620,2021,SC,4206207.0,139,2170.0,1117.8126256533976,17.450743868114195
4206306,Guabiruba - SC,24543,420630,2021,SC,4206306.0,166,2771.0,676.3639326895652,11.290388298089068
4206405,Guaraciaba - SC,10796,420640,2021,SC,4206405.0,132,477.0,1222.6750648388293,4.418303075213042
4206504,Guaramirim - SC,46711,420650,2021,SC,4206504.0,303,8448.0,648.669478281347,18.08567575089379
4206603,Guarujá do Sul - SC,4829,420660,2021,SC,4206603.0,58,264.0,1201.0768275005175,5.466970387243736
4206652,Guatambú - SC,8425,420665,2021,SC,4206652.0,52,1191.0,617.2106824925817,14.136498516320476
4206702,Herval d'Oeste - SC,21724,420670,2021,SC,4206702.0,196,4048.0,902.227950653655,18.633769103295894
4206751,Ibiam - SC,2008,420675,2021,SC,4206751.0,21,116.0,1045.816733067729,5.776892430278884
4206801,Ibicaré - SC,3269,420680,2021,SC,4206801.0,44,400.0,1345.977363107984,12.23615784643622
4206900,Ibirama - SC,19862,420690,2021,SC,4206900.0,151,1177.0,760.2456952975532,5.925888631557749
4207007,Içara - SC,59035,420700,2021,SC,4207007.0,421,11207.0,713.1362750910477,18.983653764715847
4207106,Ilhota - SC,17046,420710,2021,SC,4207106.0,106,1929.0,621.8467675701044,11.316437873988033
4207205,Imaruí - SC,11881,420720,2021,SC,4207205.0,123,329.0,1035.2663917178688,2.7691271778469826
4207304,Imbituba - SC,52579,420730,2021,SC,4207304.0,468,7114.0,890.0891991099109,13.530116586469884
4207403,Imbuia - SC,5982,420740,2021,SC,4207403.0,53,181.0,885.9913072550986,3.025743898361752
4207502,Indaial - SC,71549,420750,2021,SC,4207502.0,495,15637.0,691.8335686033348,21.854952550000696
4207577,Iomerê - SC,2877,420757,2021,SC,4207577.0,31,416.0,1077.5112964893988,14.459506430309348
4207601,Ipira - SC,4578,420760,2021,SC,4207601.0,49,486.0,1070.3363914373087,10.615989515072084
4207650,Iporã do Oeste - SC,9335,420765,2021,SC,4207650.0,88,384.0,942.6888055704338,4.113551151580075
4207684,Ipuaçu - SC,7730,420768,2021,SC,4207684.0,60,288.0,776.196636481242,3.7257438551099615
4207700,Ipumirim - SC,7816,420770,2021,SC,4207700.0,58,1514.0,742.0675537359263,19.37052200614125
4207759,Iraceminha - SC,3986,420775,2021,SC,4207759.0,33,167.0,827.8976417461115,4.189663823381837
4207809,Irani - SC,10195,420780,2021,SC,4207809.0,91,1935.0,892.5944090240314,18.979892103972535
4207858,Irati - SC,2069,420785,2021,SC,4207858.0,14,102.0,676.6553890768488,4.9299178347027555
4207908,Irineópolis - SC,10285,420790,2021,SC,4207908.0,96,587.0,933.3981526494896,5.707340787554691
4208005,Itá - SC,7067,420800,2021,SC,4208005.0,68,1059.0,962.2187632658838,14.9851422102731
4208104,Itaiópolis - SC,22051,420810,2021,SC,4208104.0,212,856.0,961.40764591175,3.8819101174549906
4208203,Itajaí - SC,264054,420820,2021,SC,4208203.0,1777,69833.0,672.9684079771562,26.446484431214827
4208302,Itapema - SC,75940,420830,2021,SC,4208302.0,508,13877.0,668.9491703976823,18.27363708190677
4208401,Itapiranga - SC,16638,420840,2021,SC,4208401.0,128,2410.0,769.3232359658613,14.484914052169731
4208450,Itapoá - SC,30750,420845,2021,SC,4208450.0,212,5877.0,689.4308943089432,19.11219512195122
4208500,Ituporanga - SC,26525,420850,2021,SC,4208500.0,246,1831.0,927.4269557021677,6.90292177191329
4208609,Jaborá - SC,4310,420860,2021,SC,4208609.0,50,451.0,1160.092807424594,10.464037122969838
4208708,Jacinto Machado - SC,10624,420870,2021,SC,4208708.0,106,968.0,997.7409638554216,9.11144578313253
4208807,Jaguaruna - SC,20375,420880,2021,SC,4208807.0,221,3357.0,1084.6625766871166,16.4760736196319
4208906,Jaraguá do Sul - SC,182660,420890,2021,SC,4208906.0,1186,52281.0,649.2937698456147,28.622030001094927
4208955,Jardinópolis - SC,1776,420895,2021,SC,4208955.0,16,97.0,900.9009009009009,5.461711711711711
4209003,Joaçaba - SC,30146,420900,2021,SC,4209003.0,247,7646.0,819.3458501957141,25.36323226962118
4209102,Joinville - SC,616317,420910,2021,SC,4209102.0,4828,244471.0,783.3631069725483,39.666437888294496
4209151,José Boiteux - SC,5985,420915,2021,SC,4209151.0,31,84.0,517.9615705931495,1.4035087719298245
4209177,Jupiá - SC,2555,420917,2021,SC,4209177.0,20,161.0,782.7788649706457,6.301369863013699
4209201,Lacerdópolis - SC,2248,420920,2021,SC,4209201.0,21,288.0,934.1637010676156,12.811387900355871
4209300,Lages - SC,164981,420930,2021,SC,4209300.0,1718,26787.0,1041.3320321734018,16.23641510234512
4209409,Laguna - SC,42785,420940,2021,SC,4209409.0,482,8595.0,1126.5630477971251,20.08881617389272
4209458,Lajeado Grande - SC,1702,420945,2021,SC,4209458.0,14,74.0,822.5616921269095,4.3478260869565215
4209508,Laurentino - SC,7932,420950,2021,SC,4209508.0,74,719.0,932.9299041855774,9.064548663640949
4209607,Lauro Müller - SC,14381,420960,2021,SC,4209607.0,160,1739.0,1112.579097420207,12.092344065085877
4209706,Lebon Régis - SC,11472,420970,2021,SC,4209706.0,140,722.0,1220.3626220362623,6.293584379358438
4209805,Leoberto Leal - SC,3330,420980,2021,SC,4209805.0,30,89.0,900.9009009009009,2.6726726726726726
4209854,Lindóia do Sul - SC,4549,420985,2021,SC,4209854.0,39,567.0,857.3312816003518,12.464277863266652
4209904,Lontras - SC,12873,420990,2021,SC,4209904.0,103,699.0,800.1242911520236,5.429969704031694
4210001,Luiz Alves - SC,11684,421000,2021,SC,4210001.0,92,2114.0,787.4015748031496,18.09311879493324
4210035,Luzerna - SC,5794,421003,2021,SC,4210035.0,57,1328.0,983.7763203313773,22.92026234035209
4210050,Macieira - SC,1778,421005,2021,SC,4210050.0,15,106.0,843.6445444319461,5.961754780652419
4210100,Mafra - SC,55286,421010,2021,SC,4210100.0,541,5602.0,978.5479144810622,10.132764171761387
4210209,Major Gercino - SC,3214,421020,2021,SC,4210209.0,21,76.0,653.3914125700062,2.3646546359676415
4210308,Major Vieira - SC,7425,421030,2021,SC,4210308.0,74,186.0,996.6329966329967,2.505050505050505
4210407,Maracajá - SC,7815,421040,2021,SC,4210407.0,71,1128.0,908.50927703135,14.433781190019193
4210506,Maravilha - SC,28251,421050,2021,SC,4210506.0,217,3292.0,768.1144030299812,11.652684860712895
4210555,Marema - SC,2184,421055,2021,SC,4210555.0,25,82.0,1144.6886446886447,3.7545787545787546
4210605,Massaranduba - SC,17162,421060,2021,SC,4210605.0,122,2893.0,710.872858641184,16.85700967253234
4210704,Matos Costa - SC,2761,421070,2021,SC,4210704.0,18,56.0,651.9377037305325,2.028250633828323
4210803,Meleiro - SC,7006,421080,2021,SC,4210803.0,66,522.0,942.0496717099628,7.450756494433343
4210852,Mirim Doce - SC,2511,421085,2021,SC,4210852.0,23,52.0,915.9697331740343,2.070888092393469
4210902,Modelo - SC,4080,421090,2021,SC,4210902.0,41,191.0,1004.9019607843138,4.681372549019608
4211009,Mondaí - SC,10066,421100,2021,SC,4211009.0,79,515.0,784.8201867673356,5.116232863103517
4211058,Monte Carlo - SC,9117,421105,2021,SC,4211058.0,98,866.0,1074.9149939673136,9.498738620160141
4211108,Monte Castelo - SC,7736,421110,2021,SC,4211108.0,83,204.0,1072.9058945191314,2.637021716649431
4211207,Morro da Fumaça - SC,18537,421120,2021,SC,4211207.0,136,3148.0,733.6677995360631,16.982251712790635
4211256,Morro Grande - SC,3010,421125,2021,SC,4211256.0,27,79.0,897.0099667774086,2.6245847176079735
4211306,Navegantes - SC,86401,421130,2021,SC,4211306.0,651,20885.0,753.4635015798428,24.17217393317207
4211405,Nova Erechim - SC,5155,421140,2021,SC,4211405.0,34,295.0,659.5538312318138,5.722599418040737
4211454,Nova Itaberaba - SC,4536,421145,2021,SC,4211454.0,29,242.0,639.3298059964726,5.3350970017636685
4211504,Nova Trento - SC,13727,421150,2021,SC,4211504.0,106,1077.0,772.2007722007722,7.845851242077657
4211603,Nova Veneza - SC,13664,421160,2021,SC,4211603.0,128,2452.0,936.768149882904,17.94496487119438
4211652,Novo Horizonte - SC,2643,421165,2021,SC,4211652.0,4,241.0,151.3431706394249,9.11842603102535
4211702,Orleans - SC,23661,421170,2021,SC,4211702.0,228,3273.0,963.6110054520096,13.832889565107138
4211751,Otacílio Costa - SC,17312,421175,2021,SC,4211751.0,170,3955.0,981.9778188539741,22.845425138632162
4211801,Ouro - SC,7032,421180,2021,SC,4211801.0,64,1369.0,910.1251422070534,19.468145620022753
4211850,Ouro Verde - SC,2181,421185,2021,SC,4211850.0,19,161.0,871.160018340211,7.3819348922512615
4211876,Paial - SC,1927,421187,2021,SC,4211876.0,24,77.0,1245.4592631032694,3.995848469122989
4211892,Painel - SC,2215,421189,2021,SC,4211892.0,16,40.0,722.3476297968397,1.805869074492099
4211900,Palhoça - SC,222598,421190,2021,SC,4211900.0,1255,40050.0,563.7966199157225,17.992075400497757
4212007,Palma Sola - SC,7605,421200,2021,SC,4212007.0,55,330.0,723.2084155161078,4.339250493096647
4212056,Palmeira - SC,2561,421205,2021,SC,4212056.0,25,252.0,976.1811792268645,9.839906286606794
4212106,Palmitos - SC,15626,421210,2021,SC,4212106.0,187,1714.0,1196.7234097017792,10.968897990528607
4212205,Papanduva - SC,19150,421220,2021,SC,4212205.0,186,924.0,971.2793733681461,4.825065274151436
4212239,Paraíso - SC,4267,421223,2021,SC,4212239.0,46,126.0,1078.0407780642136,2.952894305132412
4212254,Passo de Torres - SC,12897,421225,2021,SC,4212254.0,75,583.0,581.5305885089556,4.520431108009615
4212270,Passos Maia - SC,4034,421227,2021,SC,4212270.0,39,187.0,966.7823500247893,4.635597421913733
4212304,Paulo Lopes - SC,9063,421230,2021,SC,4212304.0,63,665.0,695.1340615690168,7.337526205450734
4212403,Pedras Grandes - SC,4245,421240,2021,SC,4212403.0,44,696.0,1036.5135453474675,16.395759717314487
4212502,Penha - SC,33663,421250,2021,SC,4212502.0,274,5909.0,813.9500341621364,17.553396904613376
4212601,Peritiba - SC,2992,421260,2021,SC,4212601.0,29,469.0,969.2513368983958,15.675133689839571
4212650,Pescaria Brava - SC,10190,421265,2021,SC,4212650.0,83,383.0,814.5240431795878,3.7585868498527972
4212700,Petrolândia - SC,6716,421270,2021,SC,4212700.0,81,318.0,1206.075044669446,4.734961286480047
4212809,Balneário Piçarras - SC,27127,421280,2021,SC,4212809.0,205,4001.0,755.7046485051793,14.749142920337672
4212908,Pinhalzinho - SC,21972,421290,2021,SC,4212908.0,152,1714.0,691.7895503367923,7.800837429455671
4213005,Pinheiro Preto - SC,3473,421300,2021,SC,4213005.0,36,719.0,1036.5678088108264,20.702562625971783
4213104,Piratuba - SC,5769,421310,2021,SC,4213104.0,50,1030.0,866.7013347200555,17.854047495233143
4213153,Planalto Alegre - SC,2946,421315,2021,SC,4213153.0,36,158.0,1221.9959266802443,5.363204344874406
4213203,Pomerode - SC,34289,421320,2021,SC,4213203.0,275,11098.0,802.0064743795386,32.36606491877862
4213302,Ponte Alta - SC,4437,421330,2021,SC,4213302.0,48,286.0,1081.8120351588911,6.445796709488392
4213351,Ponte Alta do Norte - SC,3210,421335,2021,SC,4213351.0,32,159.0,996.8847352024923,4.953271028037383
4213401,Ponte Serrada - SC,10649,421340,2021,SC,4213401.0,126,1470.0,1183.2096910508028,13.804113062259368
4213500,Porto Belo - SC,27688,421350,2021,SC,4213500.0,210,2968.0,758.4513146489454,10.71944524703843
4213609,Porto União - SC,32970,421360,2021,SC,4213609.0,378,4463.0,1146.496815286624,13.53654837731271
4213708,Pouso Redondo - SC,17123,421370,2021,SC,4213708.0,147,602.0,858.4944227063015,3.5157390644162825
4213807,Praia Grande - SC,8270,421380,2021,SC,4213807.0,74,725.0,894.8004836759371,8.766626360338574
4213906,Presidente Castello Branco - SC,1689,421390,2021,SC,4213906.0,13,160.0,769.6862048549438,9.473060982830077
4214003,Presidente Getúlio - SC,20010,421400,2021,SC,4214003.0,134,863.0,669.6651674162919,4.312843578210894
4214102,Presidente Nereu - SC,2301,421410,2021,SC,4214102.0,16,86.0,695.3498478922209,3.737505432420687
4214151,Princesa - SC,2964,421415,2021,SC,4214151.0,28,62.0,944.6693657219973,2.0917678812415654
4214201,Quilombo - SC,11022,421420,2021,SC,4214201.0,106,1225.0,961.7129377608419,11.114135365632372
4214300,Rancho Queimado - SC,3279,421430,2021,SC,4214300.0,23,393.0,701.4333638304361,11.985361390667887
4214409,Rio das Antas - SC,6253,421440,2021,SC,4214409.0,59,1145.0,943.5470973932512,18.311210618902926
4214508,Rio do Campo - SC,6452,421450,2021,SC,4214508.0,54,210.0,836.9497830130192,3.254804711717297
4214607,Rio do Oeste - SC,7747,421460,2021,SC,4214607.0,104,358.0,1342.4551439266813,4.621143668516845
4214706,Rio dos Cedros - SC,10865,421470,2021,SC,4214706.0,110,1665.0,1012.4252185918085,15.324436263230556
4214805,Rio do Sul - SC,72587,421480,2021,SC,4214805.0,592,13119.0,815.5730364941381,18.073484232713845
4214904,Rio Fortuna - SC,4847,421490,2021,SC,4214904.0,46,349.0,949.0406436971322,7.200330101093459
4215000,Rio Negrinho - SC,39261,421500,2021,SC,4215000.0,423,5700.0,1077.4050584549552,14.518224191946205
4215059,Rio Rufino - SC,2397,421505,2021,SC,4215059.0,29,41.0,1209.8456403838131,1.7104714226115976
4215075,Riqueza - SC,4768,421507,2021,SC,4215075.0,67,136.0,1405.2013422818793,2.8523489932885906
4215109,Rodeio - SC,12757,421510,2021,SC,4215109.0,148,1533.0,1160.1473700713334,12.016931880536177
4215208,Romelândia - SC,4823,421520,2021,SC,4215208.0,46,269.0,953.7632179141614,5.57744142649803
4215307,Salete - SC,7489,421530,2021,SC,4215307.0,62,161.0,827.8808919748965,2.149819735612231
4215356,Saltinho - SC,3632,421535,2021,SC,4215356.0,26,115.0,715.8590308370044,3.166299559471366
4215406,Salto Veloso - SC,4390,421540,2021,SC,4215406.0,39,1401.0,888.382687927107,31.91343963553531
4215455,Sangão - SC,12882,421545,2021,SC,4215455.0,78,1329.0,605.4960409874243,10.31672100605496
4215505,Santa Cecília - SC,15546,421550,2021,SC,4215505.0,150,743.0,964.8784253184099,4.779364466743857
4215554,Santa Helena - SC,2425,421555,2021,SC,4215554.0,21,85.0,865.9793814432991,3.5051546391752577
4215604,Santa Rosa de Lima - SC,2088,421560,2021,SC,4215604.0,19,141.0,909.9616858237548,6.752873563218391
4215653,Santa Rosa do Sul - SC,9792,421565,2021,SC,4215653.0,86,637.0,878.2679738562091,6.50531045751634
4215679,Santa Terezinha - SC,8066,421567,2021,SC,4215679.0,50,137.0,619.8859409868585,1.698487478303992
4215687,Santa Terezinha do Progresso - SC,2576,421568,2021,SC,4215687.0,28,95.0,1086.9565217391305,3.687888198757764
4215695,Santiago do Sul - SC,1651,421569,2021,SC,4215695.0,9,120.0,545.1241671714113,7.268322228952149
4215703,Santo Amaro da Imperatriz - SC,27272,421570,2021,SC,4215703.0,245,3090.0,898.3572895277207,11.330302141390437
4215752,São Bernardino - SC,2684,421575,2021,SC,4215752.0,15,112.0,558.8673621460507,4.172876304023846
4215802,São Bento do Sul - SC,83277,421580,2021,SC,4215802.0,685,17635.0,822.5560478883726,21.17631518906781
4215901,São Bonifácio - SC,2946,421590,2021,SC,4215901.0,34,95.0,1154.1072640868974,3.2247114731839783
4216008,São Carlos - SC,10282,421600,2021,SC,4216008.0,110,698.0,1069.830772223303,6.788562536471504
4216057,São Cristóvão do Sul - SC,6084,421605,2021,SC,4216057.0,65,144.0,1068.3760683760684,2.366863905325444
4216107,São Domingos - SC,9226,421610,2021,SC,4216107.0,89,782.0,964.6650769564275,8.476045957077824
4216206,São Francisco do Sul - SC,52674,421620,2021,SC,4216206.0,515,15262.0,977.7119641568896,28.97444659604359
4216255,São João do Oeste - SC,6295,421625,2021,SC,4216255.0,61,318.0,969.0230341540906,5.051628276409849
4216305,São João Batista - SC,32687,421630,2021,SC,4216305.0,217,1624.0,663.87248753327,4.96833603573286
4216354,São João do Itaperiú - SC,4463,421635,2021,SC,4216354.0,43,574.0,963.4774815146764,12.861304055568004
4216404,São João do Sul - SC,8668,421640,2021,SC,4216404.0,75,462.0,865.2514997692663,5.32994923857868
4216503,São Joaquim - SC,25939,421650,2021,SC,4216503.0,287,1709.0,1106.4420370870118,6.588534638960638
4216602,São José - SC,270299,421660,2021,SC,4216602.0,1809,68094.0,669.2588577834176,25.192102079548945
4216701,São José do Cedro - SC,14167,421670,2021,SC,4216701.0,144,611.0,1016.4466718430155,4.312839697889462
4216800,São José do Cerrito - SC,8708,421680,2021,SC,4216800.0,82,262.0,941.6628387689481,3.008727606798346
4216909,São Lourenço do Oeste - SC,24791,421690,2021,SC,4216909.0,130,8615.0,524.3838489774515,34.750514299544186
4217006,São Ludgero - SC,13509,421700,2021,SC,4217006.0,95,2049.0,703.2348804500702,15.16766600044415
4217105,São Martinho - SC,3405,421710,2021,SC,4217105.0,40,348.0,1174.7430249632891,10.220264317180616
4217154,São Miguel da Boa Vista - SC,1781,421715,2021,SC,4217154.0,20,78.0,1122.9646266142615,4.37956204379562
4217204,São Miguel do Oeste - SC,44330,421720,2021,SC,4217204.0,338,7253.0,762.4633431085044,16.361380554928942
4217253,São Pedro de Alcântara - SC,5776,421725,2021,SC,4217253.0,48,480.0,831.0249307479224,8.310249307479225
4217303,Saudades - SC,10265,421730,2021,SC,4217303.0,90,640.0,876.765708718948,6.234778373112518
4217402,Schroeder - SC,20061,421740,2021,SC,4217402.0,142,4472.0,707.8410846916903,22.292009371417176
4217501,Seara - SC,18620,421750,2021,SC,4217501.0,142,3632.0,762.6208378088077,19.505907626208376
4217550,Serra Alta - SC,3303,421755,2021,SC,4217550.0,20,135.0,605.5101422948834,4.087193460490464
4217600,Siderópolis - SC,13714,421760,2021,SC,4217600.0,119,2523.0,867.7264109668952,18.39725827621409
4217709,Sombrio - SC,29991,421770,2021,SC,4217709.0,225,2257.0,750.2250675202561,7.525591010636525
4217758,Sul Brasil - SC,2832,421775,2021,SC,4217758.0,17,81.0,600.2824858757062,2.860169491525424
4217808,Taió - SC,18310,421780,2021,SC,4217808.0,167,921.0,912.0699071545604,5.03003823047515
4217907,Tangará - SC,8143,421790,2021,SC,4217907.0,81,799.0,994.7193908878792,9.812108559498958
4217956,Tigrinhos - SC,2329,421795,2021,SC,4217956.0,20,129.0,858.7376556462001,5.53885787891799
4218004,Tijucas - SC,51592,421800,2021,SC,4218004.0,290,8124.0,562.1026515738874,15.746627384090555
4218103,Timbé do Sul - SC,5386,421810,2021,SC,4218103.0,44,196.0,816.9327887114741,3.63906424062384
4218202,Timbó - SC,46099,421820,2021,SC,4218202.0,298,9578.0,646.4348467428795,20.77702336276275
4218251,Timbó Grande - SC,7342,421825,2021,SC,4218251.0,57,448.0,776.3552165622447,6.101879596840098
4218301,Três Barras - SC,19746,421830,2021,SC,4218301.0,212,2546.0,1073.6351666160235,12.893750633039602
4218350,Treviso - SC,3782,421835,2021,SC,4218350.0,34,582.0,898.9952406134321,15.388683236382866
4218400,Treze de Maio - SC,7362,421840,2021,SC,4218400.0,61,736.0,828.579190437381,9.997283346916598
4218509,Treze Tílias - SC,8787,421850,2021,SC,4218509.0,41,1798.0,466.5983839763287,20.462046204620464
4218608,Trombudo Central - SC,7274,421860,2021,SC,4218608.0,74,506.0,1017.3219686554853,6.956282650536156
4218707,Tubarão - SC,110088,421870,2021,SC,4218707.0,1069,33584.0,971.0413487391904,30.506503887798853
4218756,Tunápolis - SC,4916,421875,2021,SC,4218756.0,45,233.0,915.3783563873067,4.739625711960944
4218806,Turvo - SC,13043,421880,2021,SC,4218806.0,108,1128.0,828.0303611132408,8.648317104960515
4218855,União do Oeste - SC,2774,421885,2021,SC,4218855.0,27,122.0,973.3237202595529,4.397981254506128
4218905,Urubici - SC,10834,421890,2021,SC,4218905.0,112,577.0,1033.7825364592948,5.325826103009046
4218954,Urupema - SC,2656,421895,2021,SC,4218954.0,26,121.0,978.9156626506025,4.555722891566265
4219002,Urussanga - SC,20919,421900,2021,SC,4219002.0,196,4090.0,936.9472728141881,19.55160380515321
4219101,Vargeão - SC,3634,421910,2021,SC,4219101.0,30,213.0,825.536598789213,5.861309851403412
4219150,Vargem - SC,2627,421915,2021,SC,4219150.0,20,97.0,761.3247049866768,3.6924248191853826
4219176,Vargem Bonita - SC,4576,421917,2021,SC,4219176.0,27,1101.0,590.034965034965,24.060314685314683
4219200,Vidal Ramos - SC,6189,421920,2021,SC,4219200.0,55,411.0,888.6734529003071,6.64081434803684
4219309,Videira - SC,55466,421930,2021,SC,4219309.0,424,18922.0,764.432264810875,34.11459272347023
4219358,Vitor Meireles - SC,5370,421935,2021,SC,4219358.0,58,95.0,1080.074487895717,1.7690875232774672
4219408,Witmarsum - SC,4255,421940,2021,SC,4219408.0,22,72.0,517.038777908343,1.6921269095182139
4219507,Xanxerê - SC,51607,421950,2021,SC,4219507.0,468,6874.0,906.8537213943845,13.319898463386751
4219606,Xavantina - SC,3653,421960,2021,SC,4219606.0,34,100.0,930.7418560087599,2.7374760470845882
4219705,Xaxim - SC,31918,421970,2021,SC,4219705.0,280,3409.0,877.2479478664077,10.680493765273514
4219853,Zortéa - SC,3930,421985,2021,SC,4219853.0,39,1339.0,992.3664122137404,34.07124681933843
4220000,Balneário Rincão - SC,15981,422000,2021,SC,4220000.0,158,1318.0,988.6740504348915,8.247293661222702
4300034,Aceguá - RS,4170,430003,2021,RS,4300034.0,50,64.0,1199.0407673860911,1.5347721822541966
4300059,Água Santa - RS,3912,430005,2021,RS,4300059.0,33,87.0,843.5582822085889,2.223926380368098
4300109,Agudo - RS,16041,430010,2021,RS,4300109.0,186,955.0,1159.5287076865532,5.9534941711863345
4300208,Ajuricaba - RS,6720,430020,2021,RS,4300208.0,78,1581.0,1160.7142857142858,23.526785714285715
4300307,Alecrim - RS,6123,430030,2021,RS,4300307.0,85,396.0,1388.2083945778213,6.467417932386085
4300406,Alegrete - RS,72409,430040,2021,RS,4300406.0,970,6380.0,1339.6124791117124,8.811059398693533
4300455,Alegria - RS,3651,430045,2021,RS,4300455.0,44,122.0,1205.1492741714599,3.3415502602026845
4300471,Almirante Tamandaré do Sul - RS,1969,430047,2021,RS,4300471.0,26,46.0,1320.4672422549518,2.3362112747587607
4300505,Alpestre - RS,7117,430050,2021,RS,4300505.0,80,170.0,1124.0691302515104,2.3886469017844596
4300554,Alto Alegre - RS,1800,430055,2021,RS,4300554.0,13,248.0,722.2222222222222,13.777777777777779
4300570,Alto Feliz - RS,3072,430057,2021,RS,4300570.0,21,707.0,683.59375,23.014322916666664
4300604,Alvorada - RS,187315,430060,2021,RS,4300604.0,2115,34843.0,1129.1140592050824,18.60128660278141
4300638,Amaral Ferrador - RS,5310,430063,2021,RS,4300638.0,64,48.0,1205.2730696798494,0.903954802259887
4300646,Ametista do Sul - RS,7650,430064,2021,RS,4300646.0,85,112.0,1111.111111111111,1.4640522875816993
4300661,André da Rocha - RS,1135,430066,2021,RS,4300661.0,9,115.0,792.9515418502203,10.13215859030837
4300703,Anta Gorda - RS,5957,430070,2021,RS,4300703.0,70,1324.0,1175.0881316098707,22.225952660735267
4300802,Antônio Prado - RS,13045,430080,2021,RS,4300802.0,123,6328.0,942.8899961671137,48.509007282483715
4300851,Arambaré - RS,4112,430085,2021,RS,4300851.0,46,147.0,1118.6770428015564,3.5749027237354083
4300877,Araricá - RS,8525,430087,2021,RS,4300877.0,56,434.0,656.891495601173,5.090909090909091
4300901,Aratiba - RS,6483,430090,2021,RS,4300901.0,53,399.0,817.5227518124325,6.154558074965294
4301008,Arroio do Meio - RS,21958,430100,2021,RS,4301008.0,220,5457.0,1001.9127425084251,24.85199016303853
4301057,Arroio do Sal - RS,11057,430105,2021,RS,4301057.0,107,566.0,967.7127611467849,5.1189291851315915
4301073,Arroio do Padre - RS,2599,430107,2021,RS,4301073.0,29,38.0,1115.813774528665,1.4621008080030782
4301107,Arroio dos Ratos - RS,14601,430110,2021,RS,4301107.0,129,2104.0,883.5011300595849,14.409971919731527
4301206,Arroio do Tigre - RS,12058,430120,2021,RS,4301206.0,122,474.0,1011.7764139990048,3.9310001658649862
4301305,Arroio Grande - RS,17558,430130,2021,RS,4301305.0,235,749.0,1338.4212324866157,4.2658617154573415
4301404,Arvorezinha - RS,10322,430140,2021,RS,4301404.0,101,1102.0,978.4925402053866,10.676225537686495
4301503,Augusto Pestana - RS,7149,430150,2021,RS,4301503.0,100,1797.0,1398.7970345502868,25.136382710868656
4301552,Áurea - RS,3396,430155,2021,RS,4301552.0,42,197.0,1236.7491166077739,5.800942285041225
4301602,Bagé - RS,117938,430160,2021,RS,4301602.0,1496,9695.0,1268.4630907765097,8.220420899116485
4301636,Balneário Pinhal - RS,14955,430163,2021,RS,4301636.0,166,720.0,1109.9966566365765,4.814443329989969
4301651,Barão - RS,6461,430165,2021,RS,4301651.0,52,1232.0,804.8289738430584,19.068255687974
4301701,Barão de Cotegipe - RS,7144,430170,2021,RS,4301701.0,66,691.0,923.8521836506159,9.67245240761478
4301750,Barão do Triunfo - RS,5889,430175,2021,RS,4301750.0,53,87.0,899.9830191883173,1.477330616403464
4301800,Barracão - RS,4831,430180,2021,RS,4301800.0,55,239.0,1138.480645829021,4.9472158973297455
4301859,Barra do Guarita - RS,3161,430185,2021,RS,4301859.0,36,175.0,1138.8801012337867,5.536222714330908
4301875,Barra do Quaraí - RS,4241,430187,2021,RS,4301875.0,23,33.0,542.3249233671304,0.778118368309361
4301909,Barra do Ribeiro - RS,12225,430190,2021,RS,4301909.0,143,1893.0,1169.7341513292433,15.484662576687116
4301925,Barra do Rio Azul - RS,1696,430192,2021,RS,4301925.0,14,39.0,825.4716981132075,2.2995283018867925
4301958,Barra Funda - RS,2498,430195,2021,RS,4301958.0,29,101.0,1160.9287429943954,4.043234587670136
4302006,Barros Cassal - RS,9296,430200,2021,RS,4302006.0,100,398.0,1075.7314974182443,4.281411359724613
4302055,Benjamin Constant do Sul - RS,2082,430205,2021,RS,4302055.0,21,45.0,1008.6455331412104,2.161383285302594
4302105,Bento Gonçalves - RS,123151,430210,2021,RS,4302105.0,965,48190.0,783.5908762413623,39.130823135825125
4302154,Boa Vista das Missões - RS,1933,430215,2021,RS,4302154.0,25,79.0,1293.3264355923434,4.086911536471805
4302204,Boa Vista do Buricá - RS,6966,430220,2021,RS,4302204.0,61,414.0,875.6818834338214,5.943152454780361
4302220,Boa Vista do Cadeado - RS,2229,430222,2021,RS,4302220.0,12,191.0,538.3580080753701,8.568864961866307
4302238,Boa Vista do Incra - RS,2271,430223,2021,RS,4302238.0,26,64.0,1144.8701012769707,2.8181417877586967
4302253,Boa Vista do Sul - RS,2779,430225,2021,RS,4302253.0,30,462.0,1079.5250089960416,16.624685138539043
4302303,Bom Jesus - RS,11202,430230,2021,RS,4302303.0,126,1005.0,1124.7991430101767,8.971612212104981
4302352,Bom Princípio - RS,13142,430235,2021,RS,4302352.0,116,2443.0,882.6662608430985,18.589255821031806
4302378,Bom Progresso - RS,2096,430237,2021,RS,4302378.0,30,108.0,1431.2977099236641,5.152671755725191
4302402,Bom Retiro do Sul - RS,12294,430240,2021,RS,4302402.0,139,2623.0,1130.6328290222873,21.33561086708964
4302451,Boqueirão do Leão - RS,6247,430245,2021,RS,4302451.0,78,724.0,1248.599327677285,11.589562990235311
4302501,Bossoroca - RS,5890,430250,2021,RS,4302501.0,56,146.0,950.7640067911714,2.4787775891341255
4302584,Bozano - RS,2151,430258,2021,RS,4302584.0,33,487.0,1534.1701534170154,22.640632264063225
4302600,Braga - RS,3268,430260,2021,RS,4302600.0,36,250.0,1101.591187270502,7.649938800489596
4302659,Brochier - RS,4966,430265,2021,RS,4302659.0,55,736.0,1107.5312122432542,14.820781312927911
4302709,Butiá - RS,19084,430270,2021,RS,4302709.0,208,2819.0,1089.91825613079,14.771536365541815
4302808,Caçapava do Sul - RS,32515,430280,2021,RS,4302808.0,415,4313.0,1276.3339996924497,13.264647085960327
4302907,Cacequi - RS,11157,430290,2021,RS,4302907.0,111,431.0,994.8910997579994,3.8630456215828626
4303004,Cachoeira do Sul - RS,80070,430300,2021,RS,4303004.0,1136,5703.0,1418.7585862370427,7.1225177969276885
4303103,Cachoeirinha - RS,136258,430310,2021,RS,4303103.0,1256,41590.0,921.7807394795168,30.52297846731935
4303202,Cacique Doble - RS,4603,430320,2021,RS,4303202.0,42,128.0,912.4484032152944,2.780795133608516
4303301,Caibaté - RS,4704,430330,2021,RS,4303301.0,47,524.0,999.1496598639457,11.139455782312925
4303400,Caiçara - RS,4836,430340,2021,RS,4303400.0,48,181.0,992.5558312655087,3.742762613730356
4303509,Camaquã - RS,62200,430350,2021,RS,4303509.0,719,7652.0,1155.9485530546624,12.30225080385852
4303558,Camargo - RS,2981,430355,2021,RS,4303558.0,28,195.0,939.2821200939281,6.541429050654143
4303608,Cambará do Sul - RS,6361,430360,2021,RS,4303608.0,71,929.0,1116.1767017764503,14.604621914793272
4303673,Campestre da Serra - RS,3242,430367,2021,RS,4303673.0,22,718.0,678.5934608266501,22.146822948797038
4303707,Campina das Missões - RS,5882,430370,2021,RS,4303707.0,67,190.0,1139.068344100646,3.2301938116286975
4303806,Campinas do Sul - RS,5284,430380,2021,RS,4303806.0,56,453.0,1059.8031794095382,8.573050719152157
4303905,Campo Bom - RS,62886,430390,2021,RS,4303905.0,644,16922.0,1024.075310880005,26.90900995452088
4304002,Campo Novo - RS,4975,430400,2021,RS,4304002.0,73,624.0,1467.3366834170854,12.542713567839195
4304101,Campos Borges - RS,3613,430410,2021,RS,4304101.0,49,320.0,1356.2136728480486,8.856905618599502
4304200,Candelária - RS,28906,430420,2021,RS,4304200.0,363,2119.0,1255.7946447104407,7.330657994879957
4304309,Cândido Godói - RS,6294,430430,2021,RS,4304309.0,72,581.0,1143.9466158245948,9.2310136638068
4304358,Candiota - RS,10710,430435,2021,RS,4304358.0,73,1720.0,681.6059757236228,16.059757236227824
4304408,Canela - RS,48946,430440,2021,RS,4304408.0,452,12388.0,923.4666775630286,25.309524782413273
4304507,Canguçu - RS,49680,430450,2021,RS,4304507.0,628,895.0,1264.0901771336553,1.8015297906602254
4304606,Canoas - RS,347657,430460,2021,RS,4304606.0,3893,115206.0,1119.7818539537532,33.13783412961626
4304614,Canudos do Vale - RS,1656,430461,2021,RS,4304614.0,20,73.0,1207.729468599034,4.408212560386474
4304622,Capão Bonito do Sul - RS,1733,430462,2021,RS,4304622.0,15,32.0,865.5510675129832,1.8465089440276976
4304630,Capão da Canoa - RS,63594,430463,2021,RS,4304630.0,559,6432.0,879.0137434349152,10.114161713369185
4304655,Capão do Cipó - RS,3119,430465,2021,RS,4304655.0,25,81.0,801.538954793203,2.5969862135299775
4304663,Capão do Leão - RS,26487,430466,2021,RS,4304663.0,268,1623.0,1011.817117831389,6.127534262090837
4304671,Capivari do Sul - RS,3991,430467,2021,RS,4304671.0,40,388.0,1002.2550739163117,9.721874216988223
4304689,Capela de Santana - RS,11159,430468,2021,RS,4304689.0,105,1303.0,940.9445290796667,11.676673537055292
4304697,Capitão - RS,2921,430469,2021,RS,4304697.0,27,132.0,924.3409791167409,4.519000342348511
4304705,Carazinho - RS,61804,430470,2021,RS,4304705.0,766,8477.0,1239.4019804543395,13.715940715811275
4304713,Caraá - RS,7394,430471,2021,RS,4304713.0,72,104.0,973.7625101433596,1.4065458479848527
4304804,Carlos Barbosa - RS,30420,430480,2021,RS,4304804.0,243,11929.0,798.8165680473372,39.21433267587114
4304853,Carlos Gomes - RS,1368,430485,2021,RS,4304853.0,13,74.0,950.2923976608187,5.409356725146199
4304903,Casca - RS,9465,430490,2021,RS,4304903.0,82,1346.0,866.3497094558902,14.220813523507662
4304952,Caseiros - RS,3000,430495,2021,RS,4304952.0,25,78.0,833.3333333333334,2.6
4305009,Catuípe - RS,8674,430500,2021,RS,4305009.0,101,1545.0,1164.399354392437,17.81185151026055
4305108,Caxias do Sul - RS,463501,430510,2021,RS,4305108.0,4275,239806.0,922.3281071669749,51.737968202873354
4305116,Centenário - RS,2721,430511,2021,RS,4305116.0,35,166.0,1286.2918044836456,6.100698272693863
4305124,Cerrito - RS,5808,430512,2021,RS,4305124.0,87,83.0,1497.9338842975208,1.4290633608815428
4305132,Cerro Branco - RS,3802,430513,2021,RS,4305132.0,54,73.0,1420.3051025775908,1.9200420831141505
4305157,Cerro Grande - RS,2379,430515,2021,RS,4305157.0,28,52.0,1176.965111391341,2.185792349726776
4305173,Cerro Grande do Sul - RS,9178,430517,2021,RS,4305173.0,83,207.0,904.3364567443887,2.255393331880584
4305207,Cerro Largo - RS,13705,430520,2021,RS,4305207.0,152,1624.0,1109.0842758117476,11.849689894199198
4305306,Chapada - RS,9540,430530,2021,RS,4305306.0,111,385.0,1163.5220125786163,4.035639412997904
4305355,Charqueadas - RS,35012,430535,2021,RS,4305355.0,351,8141.0,1002.5134239689249,23.25202787615675
4305371,Charrua - RS,2768,430537,2021,RS,4305371.0,26,41.0,939.306358381503,1.4812138728323698
4305405,Chiapetta - RS,3913,430540,2021,RS,4305405.0,58,328.0,1482.238691541017,8.382315359059545
4305439,Chuí - RS,6262,430543,2021,RS,4305439.0,25,102.0,399.2334717342702,1.6288725646758224
4305447,Chuvisca - RS,4597,430544,2021,RS,4305447.0,34,78.0,739.61279095062,1.6967587557102457
4305454,Cidreira - RS,17071,430545,2021,RS,4305454.0,234,1026.0,1370.7457090972996,6.010192724503544
4305504,Ciríaco - RS,4149,430550,2021,RS,4305504.0,63,125.0,1518.4381778741865,3.0127741624487827
4305587,Colinas - RS,2423,430558,2021,RS,4305587.0,32,514.0,1320.6768468840282,21.2133718530747
4305603,Colorado - RS,3258,430560,2021,RS,4305603.0,45,510.0,1381.2154696132595,15.65377532228361
4305702,Condor - RS,6406,430570,2021,RS,4305702.0,72,1339.0,1123.946300343428,20.90227911333125
4305801,Constantina - RS,10385,430580,2021,RS,4305801.0,116,473.0,1116.9956668271545,4.554646124217621
4305835,Coqueiro Baixo - RS,1290,430583,2021,RS,4305835.0,21,50.0,1627.906976744186,3.875968992248062
4305850,Coqueiros do Sul - RS,2211,430585,2021,RS,4305850.0,40,57.0,1809.1361374943465,2.578018995929444
4305871,Coronel Barros - RS,2822,430587,2021,RS,4305871.0,24,435.0,850.4606661941884,15.414599574769666
4305900,Coronel Bicaco - RS,6144,430590,2021,RS,4305900.0,103,439.0,1676.4322916666667,7.145182291666667
4305934,Coronel Pilar - RS,1607,430593,2021,RS,4305934.0,17,167.0,1057.8718108276291,10.392034847542003
4305959,Cotiporã - RS,3846,430595,2021,RS,4305959.0,42,1076.0,1092.0436817472698,27.97711908476339
4305975,Coxilha - RS,2667,430597,2021,RS,4305975.0,23,106.0,862.392200974878,3.974503187101612
4306007,Crissiumal - RS,12886,430600,2021,RS,4306007.0,148,1016.0,1148.5332919447462,7.884525841999068
4306056,Cristal - RS,7299,430605,2021,RS,4306056.0,87,208.0,1191.9441019317715,2.8497054391012466
4306072,Cristal do Sul - RS,2692,430607,2021,RS,4306072.0,22,25.0,817.2362555720654,0.9286775631500743
4306106,Cruz Alta - RS,58913,430610,2021,RS,4306106.0,734,6797.0,1245.9049785276593,11.537351688082428
4306130,Cruzaltense - RS,1635,430613,2021,RS,4306130.0,12,48.0,733.9449541284404,2.9357798165137616
4306205,Cruzeiro do Sul - RS,11600,430620,2021,RS,4306205.0,132,3048.0,1137.9310344827586,26.275862068965516
4306304,David Canabarro - RS,4321,430630,2021,RS,4306304.0,53,173.0,1226.5679240916454,4.003702846563296
4306320,Derrubadas - RS,2751,430632,2021,RS,4306320.0,40,141.0,1454.0167211922937,5.125408942202835
4306353,Dezesseis de Novembro - RS,2507,430635,2021,RS,4306353.0,31,213.0,1236.5376944555246,8.496210610291184
4306379,Dilermando de Aguiar - RS,2806,430637,2021,RS,4306379.0,32,30.0,1140.4133998574484,1.069137562366358
4306403,Dois Irmãos - RS,30709,430640,2021,RS,4306403.0,235,7111.0,765.2479729069654,23.156078022729492
4306429,Dois Irmãos das Missões - RS,2090,430642,2021,RS,4306429.0,18,51.0,861.2440191387559,2.4401913875598082
4306452,Dois Lajeados - RS,3097,430645,2021,RS,4306452.0,41,398.0,1323.861801743623,12.851146270584438
4306502,Dom Feliciano - RS,13051,430650,2021,RS,4306502.0,125,198.0,957.7810129491993,1.5171251245115318
4306551,Dom Pedro de Alcântara - RS,2562,430655,2021,RS,4306551.0,24,48.0,936.768149882904,1.873536299765808
4306601,Dom Pedrito - RS,36981,430660,2021,RS,4306601.0,437,1834.0,1181.6878937832942,4.959303426083665
4306700,Dona Francisca - RS,3079,430670,2021,RS,4306700.0,36,113.0,1169.2107827216628,3.670022734654108
4306734,Doutor Maurício Cardoso - RS,4470,430673,2021,RS,4306734.0,60,421.0,1342.2818791946308,9.41834451901566
4306759,Doutor Ricardo - RS,1888,430675,2021,RS,4306759.0,24,224.0,1271.1864406779662,11.864406779661017
4306767,Eldorado do Sul - RS,39559,430676,2021,RS,4306767.0,376,9644.0,950.4790313203064,24.3787760054602
4306809,Encantado - RS,22962,430680,2021,RS,4306809.0,223,7051.0,971.1697587318179,30.707255465551782
4306908,Encruzilhada do Sul - RS,23819,430690,2021,RS,4306908.0,334,926.0,1402.241907720727,3.887652714219741
4306924,Engenho Velho - RS,1296,430692,2021,RS,4306924.0,16,21.0,1234.567901234568,1.6203703703703702
4306932,Entre-Ijuís - RS,9158,430693,2021,RS,4306932.0,93,1324.0,1015.5055689015069,14.457305088447258
4306957,Entre Rios do Sul - RS,2685,430695,2021,RS,4306957.0,27,151.0,1005.586592178771,5.623836126629423
4306973,Erebango - RS,3054,430697,2021,RS,4306973.0,27,157.0,884.0864440078585,5.140798952193844
4307005,Erechim - RS,105705,430700,2021,RS,4307005.0,895,27024.0,846.6959935670026,25.56548886050802
4307054,Ernestina - RS,3034,430705,2021,RS,4307054.0,28,213.0,922.874093605801,7.020435069215557
4307104,Herval - RS,6191,430710,2021,RS,4307104.0,70,116.0,1130.673558391213,1.8736876110482958
4307203,Erval Grande - RS,4930,430720,2021,RS,4307203.0,43,175.0,872.210953346856,3.5496957403651117
4307302,Erval Seco - RS,6787,430730,2021,RS,4307302.0,72,214.0,1060.8516281125683,3.1530867835568
4307401,Esmeralda - RS,3195,430740,2021,RS,4307401.0,32,210.0,1001.564945226917,6.572769953051644
4307450,Esperança do Sul - RS,3226,430745,2021,RS,4307450.0,51,103.0,1580.9051456912584,3.1928084314941105
4307500,Espumoso - RS,15173,430750,2021,RS,4307500.0,145,3156.0,955.6448955381269,20.800105450471232
4307559,Estação - RS,5582,430755,2021,RS,4307559.0,79,892.0,1415.263346470799,15.979935506986742
4307609,Estância Velha - RS,47924,430760,2021,RS,4307609.0,393,11595.0,820.0484099824722,24.194558050246222
4307708,Esteio - RS,76137,430770,2021,RS,4307708.0,892,26556.0,1171.5722973061718,34.87923086015998
4307807,Estrela - RS,32183,430780,2021,RS,4307807.0,317,10594.0,984.99207656216,32.91800018643383
4307815,Estrela Velha - RS,3070,430781,2021,RS,4307815.0,40,198.0,1302.9315960912052,6.449511400651466
4307831,Eugênio de Castro - RS,2633,430783,2021,RS,4307831.0,34,368.0,1291.3026965438662,13.976452715533613
4307864,Fagundes Varela - RS,2566,430786,2021,RS,4307864.0,21,352.0,818.394388152767,13.717848791894
4307906,Farroupilha - RS,70286,430790,2021,RS,4307906.0,598,31114.0,850.8095495546766,44.26770622883647
4308003,Faxinal do Soturno - RS,6702,430800,2021,RS,4308003.0,85,863.0,1268.2781259325575,12.876753207997613
4308052,Faxinalzinho - RS,2520,430805,2021,RS,4308052.0,26,89.0,1031.7460317460318,3.5317460317460316
4308078,Fazenda Vilanova - RS,4291,430807,2021,RS,4308078.0,49,628.0,1141.9249592169658,14.635283150780703
4308102,Feliz - RS,13764,430810,2021,RS,4308102.0,118,3807.0,857.3089218250509,27.65911072362685
4308201,Flores da Cunha - RS,30892,430820,2021,RS,4308201.0,247,18057.0,799.5597565712807,58.45202641460572
4308250,Floriano Peixoto - RS,1668,430825,2021,RS,4308250.0,15,56.0,899.2805755395683,3.357314148681055
4308300,Fontoura Xavier - RS,9550,430830,2021,RS,4308300.0,101,552.0,1057.5916230366493,5.780104712041885
4308409,Formigueiro - RS,6413,430840,2021,RS,4308409.0,105,182.0,1637.2992359270231,2.837985342273507
4308433,Forquetinha - RS,2393,430843,2021,RS,4308433.0,36,231.0,1504.3877977434183,9.653155035520268
4308458,Fortaleza dos Valos - RS,4477,430845,2021,RS,4308458.0,52,349.0,1161.4920705829797,7.795398704489613
4308508,Frederico Westphalen - RS,32627,430850,2021,RS,4308508.0,280,4142.0,858.1849388543231,12.695007202623593
4308607,Garibaldi - RS,34335,430860,2021,RS,4308607.0,276,14658.0,803.8444735692442,42.691131498470945
4308656,Garruchos - RS,2688,430865,2021,RS,4308656.0,31,73.0,1153.2738095238096,2.7157738095238098
4308706,Gaurama - RS,5665,430870,2021,RS,4308706.0,70,937.0,1235.657546337158,16.540158870255958
4308805,General Câmara - RS,7612,430880,2021,RS,4308805.0,93,626.0,1221.7551234892276,8.223857067787705
4308854,Gentil - RS,1744,430885,2021,RS,4308854.0,18,58.0,1032.1100917431193,3.325688073394496
4308904,Getúlio Vargas - RS,16602,430890,2021,RS,4308904.0,166,2430.0,999.8795325864354,14.636790748102637
4309001,Giruá - RS,16013,430900,2021,RS,4309001.0,159,1909.0,992.9432336226815,11.921563729469806
4309050,Glorinha - RS,7658,430905,2021,RS,4309050.0,85,1251.0,1109.9503786889527,16.335857926351526
4309100,Gramado - RS,40134,430910,2021,RS,4309100.0,337,13183.0,839.6870483879005,32.84746100563113
4309126,Gramado dos Loureiros - RS,2014,430912,2021,RS,4309126.0,25,48.0,1241.3108242303872,2.3833167825223436
4309159,Gramado Xavier - RS,3304,430915,2021,RS,4309159.0,27,271.0,817.1912832929783,8.202179176755447
4309209,Gravataí - RS,265074,430920,2021,RS,4309209.0,2660,84504.0,1003.4933641171899,31.879399714796623
4309258,Guabiju - RS,1417,430925,2021,RS,4309258.0,13,206.0,917.4311926605506,14.537755822159493
4309308,Guaíba - RS,92924,430930,2021,RS,4309308.0,1039,26987.0,1118.11803194008,29.04201282768714
4309407,Guaporé - RS,25268,430940,2021,RS,4309407.0,237,9129.0,937.9452271647936,36.12870033243628
4309506,Guarani das Missões - RS,7415,430950,2021,RS,4309506.0,117,415.0,1577.8826702629804,5.596763317599461
4309555,Harmonia - RS,5378,430955,2021,RS,4309555.0,53,1246.0,985.4964670881369,23.16846411305318
4309571,Herveiras - RS,2565,430957,2021,RS,4309571.0,32,191.0,1247.5633528265107,7.446393762183236
4309605,Horizontina - RS,18851,430960,2021,RS,4309605.0,201,5892.0,1066.2564320195215,31.25563630576627
4309654,Hulha Negra - RS,5976,430965,2021,RS,4309654.0,42,122.0,702.8112449799197,2.0414993306559572
4309704,Humaitá - RS,4681,430970,2021,RS,4309704.0,55,285.0,1174.962614825892,6.08844264046144
4309753,Ibarama - RS,3732,430975,2021,RS,4309753.0,37,79.0,991.4255091103965,2.116827438370847
4309803,Ibiaçá - RS,4527,430980,2021,RS,4309803.0,60,189.0,1325.381047051027,4.174950298210735
4309902,Ibiraiaras - RS,6776,430990,2021,RS,4309902.0,76,419.0,1121.6056670602125,6.183589138134592
4309951,Ibirapuitã - RS,3723,430995,2021,RS,4309951.0,35,366.0,940.1020682245501,9.830781627719581
4310009,Ibirubá - RS,21583,431000,2021,RS,4310009.0,228,3937.0,1056.386971227355,18.241208358430246
4310108,Igrejinha - RS,32808,431010,2021,RS,4310108.0,355,4987.0,1082.0531577663985,15.200560838819799
4310207,Ijuí - RS,84780,431020,2021,RS,4310207.0,796,20104.0,938.900684123614,23.713139891483838
4310306,Ilópolis - RS,4157,431030,2021,RS,4310306.0,48,797.0,1154.6788549434689,19.17248015395718
4310330,Imbé - RS,26824,431033,2021,RS,4310330.0,312,2152.0,1163.1374888159855,8.022666269012824
4310363,Imigrante - RS,3080,431036,2021,RS,4310363.0,42,1181.0,1363.6363636363635,38.34415584415584
4310405,Independência - RS,6427,431040,2021,RS,4310405.0,74,613.0,1151.3925626264197,9.537887039053992
4310413,Inhacorá - RS,2014,431041,2021,RS,4310413.0,18,78.0,893.743793445879,3.8728897715988087
4310439,Ipê - RS,5399,431043,2021,RS,4310439.0,59,2232.0,1092.7949620300055,41.34098907205038
4310462,Ipiranga do Sul - RS,1720,431046,2021,RS,4310462.0,27,118.0,1569.7674418604652,6.86046511627907
4310504,Iraí - RS,7482,431050,2021,RS,4310504.0,87,181.0,1162.7906976744187,2.4191392675755146
4310538,Itaara - RS,5572,431053,2021,RS,4310538.0,54,386.0,969.1313711414214,6.927494615936827
4310553,Itacurubi - RS,2995,431055,2021,RS,4310553.0,22,283.0,734.5575959933223,9.449081803005008
4310579,Itapuca - RS,1937,431057,2021,RS,4310579.0,21,58.0,1084.1507485802788,2.994321115126484
4310603,Itaqui - RS,35768,431060,2021,RS,4310603.0,397,4887.0,1109.9306642809215,13.663050771639455
4310652,Itati - RS,2638,431065,2021,RS,4310652.0,31,34.0,1175.1326762699014,1.288855193328279
4310702,Itatiba do Sul - RS,3208,431070,2021,RS,4310702.0,30,108.0,935.1620947630923,3.366583541147132
4310751,Ivorá - RS,1929,431075,2021,RS,4310751.0,20,56.0,1036.8066355624676,2.903058579574909
4310801,Ivoti - RS,22983,431080,2021,RS,4310801.0,177,6274.0,770.1344472001044,27.29843797589523
4310850,Jaboticaba - RS,3779,431085,2021,RS,4310850.0,50,100.0,1323.1013495633765,2.646202699126753
4310876,Jacuizinho - RS,2040,431087,2021,RS,4310876.0,22,192.0,1078.4313725490197,9.411764705882353
4310900,Jacutinga - RS,3338,431090,2021,RS,4310900.0,38,685.0,1138.4062312762132,20.521270221689637
4311007,Jaguarão - RS,26603,431100,2021,RS,4311007.0,354,1190.0,1330.6769913167689,4.473179716573319
4311106,Jaguari - RS,10579,431110,2021,RS,4311106.0,126,638.0,1191.0388505529825,6.030815767085736
4311122,Jaquirana - RS,3690,431112,2021,RS,4311122.0,42,306.0,1138.2113821138212,8.292682926829269
4311130,Jari - RS,3349,431113,2021,RS,4311130.0,25,39.0,746.491489997014,1.1645267243953419
4311155,Jóia - RS,7184,431115,2021,RS,4311155.0,78,601.0,1085.7461024498887,8.365812917594655
4311205,Júlio de Castilhos - RS,18226,431120,2021,RS,4311205.0,213,1132.0,1168.660155821354,6.210907494787666
4311239,Lagoa Bonita do Sul - RS,2251,431123,2021,RS,4311239.0,25,18.0,1110.6175033318525,0.7996446023989338
4311254,Lagoão - RS,5341,431125,2021,RS,4311254.0,54,46.0,1011.0466204830556,0.8612619359670474
4311270,Lagoa dos Três Cantos - RS,1738,431127,2021,RS,4311270.0,17,188.0,978.1357882623706,10.817031070195627
4311304,Lagoa Vermelha - RS,27659,431130,2021,RS,4311304.0,347,3060.0,1254.5645178784482,11.063306699446834
4311403,Lajeado - RS,93646,431140,2021,RS,4311403.0,706,35110.0,753.9029963906627,37.49225807829485
4311429,Lajeado do Bugre - RS,2601,431142,2021,RS,4311429.0,37,51.0,1422.5297962322184,1.9607843137254901
4311502,Lavras do Sul - RS,7157,431150,2021,RS,4311502.0,90,291.0,1257.5101299427133,4.065949420148106
4311601,Liberato Salzano - RS,4781,431160,2021,RS,4311601.0,50,76.0,1045.8063166701527,1.589625601338632
4311627,Lindolfo Collor - RS,6248,431162,2021,RS,4311627.0,35,507.0,560.179257362356,8.1145966709347
4311643,Linha Nova - RS,1683,431164,2021,RS,4311643.0,10,118.0,594.1770647653001,7.011289364230541
4311700,Machadinho - RS,5735,431170,2021,RS,4311700.0,44,221.0,767.2188317349608,3.8535309503051436
4311718,Maçambará - RS,4425,431171,2021,RS,4311718.0,26,46.0,587.5706214689266,1.03954802259887
4311734,Mampituba - RS,3131,431173,2021,RS,4311734.0,20,28.0,638.7735547748324,0.8942829766847652
4311759,Manoel Viana - RS,6801,431175,2021,RS,4311759.0,52,191.0,764.5934421408616,2.8084105278635496
4311775,Maquiné - RS,7418,431177,2021,RS,4311775.0,94,187.0,1267.1879212725803,2.5208951199784306
4311791,Maratá - RS,2470,431179,2021,RS,4311791.0,28,393.0,1133.6032388663969,15.910931174089068
4311809,Marau - RS,45124,431180,2021,RS,4311809.0,326,13430.0,722.4536831841149,29.762432408474425
4311908,Marcelino Ramos - RS,4320,431190,2021,RS,4311908.0,58,478.0,1342.5925925925926,11.064814814814815
4311981,Mariana Pimentel - RS,3916,431198,2021,RS,4311981.0,35,133.0,893.7691521961185,3.39632277834525
4312005,Mariano Moro - RS,1858,431200,2021,RS,4312005.0,10,80.0,538.2131324004306,4.3057050592034445
4312054,Marques de Souza - RS,3969,431205,2021,RS,4312054.0,38,383.0,957.4200050390526,9.64978584026203
4312104,Mata - RS,4698,431210,2021,RS,4312104.0,53,103.0,1128.1396338867603,2.1924223073648363
4312138,Mato Castelhano - RS,2553,431213,2021,RS,4312138.0,38,129.0,1488.4449667058364,5.052878965922444
4312153,Mato Leitão - RS,4859,431215,2021,RS,4312153.0,54,657.0,1111.339781848117,13.52130067915209
4312179,Mato Queimado - RS,1795,431217,2021,RS,4312179.0,24,66.0,1337.0473537604457,3.6768802228412256
4312203,Maximiliano de Almeida - RS,4191,431220,2021,RS,4312203.0,51,260.0,1216.893342877595,6.203769983297542
4312252,Minas do Leão - RS,7505,431225,2021,RS,4312252.0,91,853.0,1212.524983344437,11.365756162558295
4312302,Miraguaí - RS,4427,431230,2021,RS,4312302.0,53,194.0,1197.1990060989383,4.382200135531963
4312351,Montauri - RS,1499,431235,2021,RS,4312351.0,14,135.0,933.9559706470982,9.006004002668446
4312377,Monte Alegre dos Campos - RS,3180,431237,2021,RS,4312377.0,28,53.0,880.503144654088,1.6666666666666667
4312385,Monte Belo do Sul - RS,2557,431238,2021,RS,4312385.0,27,825.0,1055.9249120062575,32.26437231130231
4312401,Montenegro - RS,64322,431240,2021,RS,4312401.0,640,23860.0,994.993936755698,37.09461770467336
4312427,Mormaço - RS,2756,431242,2021,RS,4312427.0,30,204.0,1088.5341074020319,7.402031930333817
4312443,Morrinhos do Sul - RS,3071,431244,2021,RS,4312443.0,30,71.0,976.880494952784,2.311950504721589
4312450,Morro Redondo - RS,6046,431245,2021,RS,4312450.0,70,217.0,1157.7902745616936,3.5891498511412503
4312476,Morro Reuter - RS,6029,431247,2021,RS,4312476.0,62,967.0,1028.3629125891523,16.039144136672746
4312500,Mostardas - RS,12090,431250,2021,RS,4312500.0,105,395.0,868.4863523573201,3.2671629445823
4312609,Muçum - RS,4601,431260,2021,RS,4312609.0,59,1171.0,1282.3299282764617,25.45098891545316
4312617,Muitos Capões - RS,2879,431261,2021,RS,4312617.0,28,114.0,972.5599166377214,3.959708232025009
4312625,Muliterno - RS,1721,431262,2021,RS,4312625.0,12,92.0,697.2690296339338,5.345729227193492
4312658,Não-Me-Toque - RS,17898,431265,2021,RS,4312658.0,188,3781.0,1050.3966923678622,21.125265392781316
4312674,Nicolau Vergueiro - RS,1932,431267,2021,RS,4312674.0,16,90.0,828.1573498964804,4.658385093167702
4312708,Nonoai - RS,13719,431270,2021,RS,4312708.0,149,593.0,1086.084991617465,4.322472483417158
4312757,Nova Alvorada - RS,3163,431275,2021,RS,4312757.0,32,140.0,1011.6977552956055,4.426177679418274
4312807,Nova Araçá - RS,4954,431280,2021,RS,4312807.0,45,891.0,908.3568833266048,17.985466289866775
4312906,Nova Bassano - RS,9649,431290,2021,RS,4312906.0,78,2203.0,808.3739247590423,22.831381490309877
4312955,Nova Boa Vista - RS,2042,431295,2021,RS,4312955.0,14,53.0,685.6023506366307,2.595494613124388
4313003,Nova Bréscia - RS,3044,431300,2021,RS,4313003.0,44,308.0,1445.4664914586072,10.11826544021025
4313011,Nova Candelária - RS,3061,431301,2021,RS,4313011.0,30,64.0,980.0718719372754,2.0908199934661873
4313037,Nova Esperança do Sul - RS,4865,431303,2021,RS,4313037.0,51,78.0,1048.3042137718396,1.6032887975334018
4313060,Nova Hartz - RS,20088,431306,2021,RS,4313060.0,174,964.0,866.1887694145759,4.798884906411788
4313086,Nova Pádua - RS,2343,431308,2021,RS,4313086.0,25,1310.0,1067.0081092616304,55.91122492530943
4313102,Nova Palma - RS,5586,431310,2021,RS,4313102.0,57,343.0,1020.408163265306,6.140350877192982
4313201,Nova Petrópolis - RS,23300,431320,2021,RS,4313201.0,308,7205.0,1321.8884120171674,30.92274678111588
4313300,Nova Prata - RS,25692,431330,2021,RS,4313300.0,197,8089.0,766.7756500077845,31.484508796512532
4313334,Nova Ramada - RS,2163,431333,2021,RS,4313334.0,22,323.0,1017.1058714748035,14.932963476652796
4313359,Nova Roma do Sul - RS,3466,431335,2021,RS,4313359.0,38,1289.0,1096.3646855164454,37.18984420080785
4313375,Nova Santa Rita - RS,29024,431337,2021,RS,4313375.0,241,6431.0,830.3472987872107,22.157524807056227
4313391,Novo Cabrais - RS,3568,431339,2021,RS,4313391.0,43,80.0,1205.1569506726457,2.242152466367713
4313409,Novo Hamburgo - RS,227646,431340,2021,RS,4313409.0,2515,71630.0,1104.7855002943165,31.465521028263183
4313425,Novo Machado - RS,3198,431342,2021,RS,4313425.0,39,305.0,1219.5121951219512,9.537210756722953
4313441,Novo Tiradentes - RS,2146,431344,2021,RS,4313441.0,27,47.0,1258.1547064305685,2.190121155638397
4313466,Novo Xingu - RS,1646,431346,2021,RS,4313466.0,24,36.0,1458.0801944106925,2.187120291616039
4313490,Novo Barreiro - RS,4272,431349,2021,RS,4313490.0,53,116.0,1240.6367041198503,2.715355805243446
4313508,Osório - RS,47396,431350,2021,RS,4313508.0,498,6437.0,1050.7215798801585,13.581314878892734
4313607,Paim Filho - RS,3629,431360,2021,RS,4313607.0,36,154.0,992.0088178561588,4.243593276384678
4313656,Palmares do Sul - RS,12844,431365,2021,RS,4313656.0,156,651.0,1214.5748987854251,5.068514481469947
4313706,Palmeira das Missões - RS,33216,431370,2021,RS,4313706.0,358,2561.0,1077.7938342967243,7.710139691714836
4313805,Palmitinho - RS,7839,431380,2021,RS,4313805.0,77,508.0,982.2681464472508,6.480418420716928
4313904,Panambi - RS,43515,431390,2021,RS,4313904.0,395,14738.0,907.7329656440309,33.868780880156265
4313953,Pantano Grande - RS,10212,431395,2021,RS,4313953.0,112,647.0,1096.7489228358795,6.335683509596553
4314001,Paraí - RS,7194,431400,2021,RS,4314001.0,82,1617.0,1139.8387545176536,22.477064220183486
4314027,Paraíso do Sul - RS,6519,431402,2021,RS,4314027.0,91,141.0,1395.9196195735542,2.1629084215370455
4314035,Pareci Novo - RS,4319,431403,2021,RS,4314035.0,36,686.0,833.5262792313035,15.883306320907616
4314050,Parobé - RS,52058,431405,2021,RS,4314050.0,543,5324.0,1043.0673479580469,10.227054439279264
4314068,Passa Sete - RS,3983,431406,2021,RS,4314068.0,34,80.0,853.6279186542806,2.0085362791865427
4314076,Passo do Sobrado - RS,6025,431407,2021,RS,4314076.0,83,567.0,1377.5933609958506,9.410788381742737
4314100,Passo Fundo - RS,206215,431410,2021,RS,4314100.0,1930,42967.0,935.916397934195,20.836020658051062
4314134,Paulo Bento - RS,2144,431413,2021,RS,4314134.0,19,126.0,886.1940298507462,5.8768656716417915
4314159,Paverama - RS,7978,431415,2021,RS,4314159.0,88,591.0,1103.0333416896465,7.407871647029331
4314175,Pedras Altas - RS,2061,431417,2021,RS,4314175.0,18,17.0,873.3624454148471,0.8248423095584668
4314209,Pedro Osório - RS,7484,431420,2021,RS,4314209.0,120,267.0,1603.4206306787812,3.5676109032602885
4314308,Pejuçara - RS,3745,431430,2021,RS,4314308.0,43,614.0,1148.1975967957278,16.395193591455275
4314407,Pelotas - RS,325685,431440,2021,RS,4314407.0,3979,55063.0,1221.7326557870335,16.906827148932248
4314423,Picada Café - RS,5351,431442,2021,RS,4314423.0,42,985.0,784.9000186880957,18.40777424780415
4314456,Pinhal - RS,2959,431445,2021,RS,4314456.0,26,94.0,878.6752281176074,3.1767489016559645
4314464,Pinhal da Serra - RS,2248,431446,2021,RS,4314464.0,20,53.0,889.6797153024912,2.3576512455516014
4314472,Pinhal Grande - RS,3805,431447,2021,RS,4314472.0,38,87.0,998.6859395532194,2.2864651773981604
4314498,Pinheirinho do Vale - RS,4540,431449,2021,RS,4314498.0,46,321.0,1013.215859030837,7.070484581497798
4314506,Pinheiro Machado - RS,11214,431450,2021,RS,4314506.0,176,891.0,1569.466738006064,7.945425361155698
4314548,Pinto Bandeira - RS,2723,431454,2021,RS,4314548.0,18,281.0,661.0356224752111,10.319500550863019
4314555,Pirapó - RS,2260,431455,2021,RS,4314555.0,34,193.0,1504.4247787610618,8.539823008849558
4314605,Piratini - RS,17504,431460,2021,RS,4314605.0,217,395.0,1239.7166361974407,2.2566270566727606
4314704,Planalto - RS,10406,431470,2021,RS,4314704.0,118,294.0,1133.9611762444745,2.825293100134538
4314753,Poço das Antas - RS,2171,431475,2021,RS,4314753.0,25,350.0,1151.5430677107324,16.121602947950255
4314779,Pontão - RS,3296,431477,2021,RS,4314779.0,33,135.0,1001.2135922330098,4.0958737864077674
4314787,Ponte Preta - RS,1575,431478,2021,RS,4314787.0,12,42.0,761.9047619047619,2.666666666666667
4314803,Portão - RS,34071,431480,2021,RS,4314803.0,358,7149.0,1050.7469695635584,20.98265386986
4314902,Porto Alegre - RS,1332845,431490,2021,RS,4314902.0,15488,596784.0,1162.0255918730236,44.7751989166032
4315008,Porto Lucena - RS,4360,431500,2021,RS,4315008.0,70,131.0,1605.5045871559635,3.004587155963303
4315057,Porto Mauá - RS,2142,431505,2021,RS,4315057.0,20,239.0,933.7068160597572,11.1577964519141
4315073,Porto Vera Cruz - RS,1560,431507,2021,RS,4315073.0,21,17.0,1346.1538461538462,1.0897435897435896
4315107,Porto Xavier - RS,9938,431510,2021,RS,4315107.0,137,282.0,1378.5469913463473,2.837593077077883
4315131,Pouso Novo - RS,1739,431513,2021,RS,4315131.0,20,45.0,1150.0862564692352,2.587694077055779
4315149,Presidente Lucena - RS,3077,431514,2021,RS,4315149.0,23,372.0,747.4813129671758,12.089697757556062
4315156,Progresso - RS,5340,431515,2021,RS,4315156.0,73,487.0,1367.0411985018727,9.119850187265918
4315172,Protásio Alves - RS,2025,431517,2021,RS,4315172.0,26,182.0,1283.9506172839506,8.987654320987655
4315206,Putinga - RS,3747,431520,2021,RS,4315206.0,64,414.0,1708.0330931411795,11.048839071257005
4315305,Quaraí - RS,23500,431530,2021,RS,4315305.0,283,717.0,1204.2553191489362,3.051063829787234
4315313,Quatro Irmãos - RS,1552,431531,2021,RS,4315313.0,24,77.0,1546.3917525773197,4.961340206185567
4315321,Quevedos - RS,2507,431532,2021,RS,4315321.0,19,26.0,757.8779417630634,1.0370961308336657
4315354,Quinze de Novembro - RS,3910,431535,2021,RS,4315354.0,66,540.0,1687.9795396419438,13.810741687979538
4315404,Redentora - RS,9738,431540,2021,RS,4315404.0,106,334.0,1088.519203121791,3.429862394742247
4315453,Relvado - RS,1796,431545,2021,RS,4315453.0,30,172.0,1670.378619153675,9.57683741648107
4315503,Restinga Sêca - RS,14939,431550,2021,RS,4315503.0,188,1433.0,1258.4510342057702,9.592342191579089
4315552,Rio dos Índios - RS,2835,431555,2021,RS,4315552.0,36,65.0,1269.8412698412699,2.2927689594356258
4315602,Rio Grande - RS,191900,431560,2021,RS,4315602.0,2226,48041.0,1159.9791558103177,25.034392912975505
4315701,Rio Pardo - RS,34654,431570,2021,RS,4315701.0,454,3341.0,1310.0940728343048,9.641022681364344
4315750,Riozinho - RS,4473,431575,2021,RS,4315750.0,47,103.0,1050.7489380728816,2.3027051196065282
4315800,Roca Sales - RS,10418,431580,2021,RS,4315800.0,125,2599.0,1199.8464196582838,24.947206757535035
4315909,Rodeio Bonito - RS,6654,431590,2021,RS,4315909.0,53,196.0,796.5133754132853,2.9455966336038473
4315958,Rolador - RS,2291,431595,2021,RS,4315958.0,22,27.0,960.279353993889,1.1785246617197729
4316006,Rolante - RS,21253,431600,2021,RS,4316006.0,225,1198.0,1058.6740695431233,5.636851268056274
4316105,Ronda Alta - RS,9777,431610,2021,RS,4316105.0,97,295.0,992.1243735297127,3.017285465889332
4316204,Rondinha - RS,4991,431620,2021,RS,4316204.0,62,187.0,1242.2360248447203,3.7467441394510117
4316303,Roque Gonzales - RS,6576,431630,2021,RS,4316303.0,77,679.0,1170.9245742092457,10.325425790754258
4316402,Rosário do Sul - RS,36630,431640,2021,RS,4316402.0,444,1696.0,1212.121212121212,4.63008463008463
4316428,Sagrada Família - RS,2480,431642,2021,RS,4316428.0,22,47.0,887.0967741935484,1.8951612903225805
4316436,Saldanha Marinho - RS,2575,431643,2021,RS,4316436.0,41,208.0,1592.2330097087379,8.077669902912621
4316451,Salto do Jacuí - RS,10203,431645,2021,RS,4316451.0,144,1079.0,1411.3496030579242,10.575320984024307
4316477,Salvador das Missões - RS,2877,431647,2021,RS,4316477.0,28,361.0,973.2360097323601,12.547792839763645
4316501,Salvador do Sul - RS,6879,431650,2021,RS,4316501.0,67,1788.0,973.9787759848815,25.992150021805493
4316600,Sananduva - RS,16399,431660,2021,RS,4316600.0,137,1326.0,835.4167937069333,8.08585889383499
4316709,Santa Bárbara do Sul - RS,8122,431670,2021,RS,4316709.0,104,920.0,1280.4727899532136,11.327259295739966
4316733,Santa Cecília do Sul - RS,1674,431673,2021,RS,4316733.0,11,39.0,657.1087216248507,2.3297491039426523
4316758,Santa Clara do Sul - RS,6887,431675,2021,RS,4316758.0,57,928.0,827.6462901118048,13.474662407434296
4316808,Santa Cruz do Sul - RS,133230,431680,2021,RS,4316808.0,1410,38266.0,1058.320198153569,28.721759363506717
4316907,Santa Maria - RS,271735,431690,2021,RS,4316907.0,2936,53329.0,1080.4644230592305,19.625370305628646
4316956,Santa Maria do Herval - RS,6340,431695,2021,RS,4316956.0,40,530.0,630.9148264984227,8.3596214511041
4316972,Santa Margarida do Sul - RS,2596,431697,2021,RS,4316972.0,24,9.0,924.4992295839754,0.34668721109399075
4317004,Santana da Boa Vista - RS,7024,431700,2021,RS,4317004.0,99,69.0,1409.4533029612755,0.9823462414578589
4317103,Sant'Ana do Livramento - RS,84421,431710,2021,RS,4317103.0,893,6864.0,1057.7936769287262,8.130678385709716
4317202,Santa Rosa - RS,76963,431720,2021,RS,4317202.0,731,13268.0,949.8070501409769,17.239452724036227
4317251,Santa Tereza - RS,1505,431725,2021,RS,4317251.0,15,271.0,996.6777408637873,18.006644518272424
4317301,Santa Vitória do Palmar - RS,30983,431730,2021,RS,4317301.0,362,1310.0,1168.38266145951,4.228125100861763
4317400,Santiago - RS,48938,431740,2021,RS,4317400.0,589,3830.0,1203.563692835833,7.8262291062160285
4317509,Santo Ângelo - RS,76917,431750,2021,RS,4317509.0,874,12845.0,1136.2897668915846,16.69981928572357
4317558,Santo Antônio do Palma - RS,2091,431755,2021,RS,4317558.0,14,91.0,669.5361071257772,4.351984696317551
4317608,Santo Antônio da Patrulha - RS,42947,431760,2021,RS,4317608.0,512,3429.0,1192.1670896686614,7.984259668894218
4317707,Santo Antônio das Missões - RS,10300,431770,2021,RS,4317707.0,157,265.0,1524.2718446601941,2.5728155339805827
4317756,Santo Antônio do Planalto - RS,2089,431775,2021,RS,4317756.0,21,125.0,1005.2656773575874,5.98372426998564
4317806,Santo Augusto - RS,13902,431780,2021,RS,4317806.0,148,1458.0,1064.5950222989497,10.487699611566681
4317905,Santo Cristo - RS,15320,431790,2021,RS,4317905.0,156,1228.0,1018.2767624020887,8.015665796344647
4317954,Santo Expedito do Sul - RS,2349,431795,2021,RS,4317954.0,22,87.0,936.5687526607067,3.7037037037037033
4318002,São Borja - RS,59676,431800,2021,RS,4318002.0,717,3723.0,1201.488035391112,6.238688920168912
4318051,São Domingos do Sul - RS,2754,431805,2021,RS,4318051.0,30,169.0,1089.3246187363834,6.136528685548293
4318101,São Francisco de Assis - RS,17618,431810,2021,RS,4318101.0,190,709.0,1078.4425019866046,4.02429333636054
4318200,São Francisco de Paula - RS,21893,431820,2021,RS,4318200.0,250,1929.0,1141.9175078792307,8.811035490796144
4318309,São Gabriel - RS,58487,431830,2021,RS,4318309.0,844,2512.0,1443.0557217843282,4.294971532135347
4318408,São Jerônimo - RS,21028,431840,2021,RS,4318408.0,220,3746.0,1046.224082176146,17.81434278105383
4318424,São João da Urtiga - RS,4461,431842,2021,RS,4318424.0,21,125.0,470.7464694014795,2.8020623178659494
4318432,São João do Polêsine - RS,2649,431843,2021,RS,4318432.0,43,233.0,1623.2540581351452,8.795771989429973
4318440,São Jorge - RS,2912,431844,2021,RS,4318440.0,41,75.0,1407.967032967033,2.5755494505494503
4318457,São José das Missões - RS,2362,431845,2021,RS,4318457.0,23,32.0,973.7510584250635,1.3547840812870449
4318465,São José do Herval - RS,1902,431846,2021,RS,4318465.0,25,65.0,1314.4058885383806,3.4174553101997898
4318481,São José do Hortêncio - RS,4447,431848,2021,RS,4318481.0,45,387.0,1011.9181470654374,8.702496064762762
4318499,São José do Inhacorá - RS,2406,431849,2021,RS,4318499.0,17,369.0,706.5669160432253,15.336658354114713
4318507,São José do Norte - RS,25443,431850,2021,RS,4318507.0,285,2634.0,1120.1509255983963,10.352552765004127
4318606,São José do Ouro - RS,6834,431860,2021,RS,4318606.0,75,405.0,1097.4539069359087,5.926251097453907
4318614,São José do Sul - RS,2380,431861,2021,RS,4318614.0,24,526.0,1008.4033613445379,22.100840336134453
4318622,São José dos Ausentes - RS,4172,431862,2021,RS,4318622.0,33,191.0,790.9875359539789,4.578139980824544
4318705,São Leopoldo - RS,217409,431870,2021,RS,4318705.0,2251,76635.0,1035.3757204163583,35.24923071262
4318804,São Lourenço do Sul - RS,41989,431880,2021,RS,4318804.0,491,4746.0,1169.3538783967228,11.30296029912596
4318903,São Luiz Gonzaga - RS,34752,431890,2021,RS,4318903.0,441,2908.0,1268.9917127071824,8.367863720073665
4319000,São Marcos - RS,21084,431900,2021,RS,4319000.0,225,11403.0,1067.1599317017644,54.08366533864542
4319109,São Martinho - RS,5481,431910,2021,RS,4319109.0,73,443.0,1331.8737456668491,8.082466703156358
4319125,São Martinho da Serra - RS,2860,431912,2021,RS,4319125.0,33,69.0,1153.8461538461538,2.4125874125874125
4319158,São Miguel das Missões - RS,7056,431915,2021,RS,4319158.0,71,436.0,1006.2358276643992,6.179138321995465
4319208,São Nicolau - RS,5118,431920,2021,RS,4319208.0,63,145.0,1230.94958968347,2.8331379445095743
4319307,São Paulo das Missões - RS,5846,431930,2021,RS,4319307.0,59,183.0,1009.2370851864523,3.1303455354088268
4319356,São Pedro da Serra - RS,3548,431935,2021,RS,4319356.0,26,743.0,732.8072153325817,20.941375422773394
4319364,São Pedro das Missões - RS,1757,431936,2021,RS,4319364.0,21,17.0,1195.219123505976,0.9675583380762665
4319372,São Pedro do Butiá - RS,3070,431937,2021,RS,4319372.0,34,350.0,1107.4918566775245,11.400651465798045
4319406,São Pedro do Sul - RS,15577,431940,2021,RS,4319406.0,177,891.0,1136.2906849842716,5.71997175322591
4319505,São Sebastião do Caí - RS,24428,431950,2021,RS,4319505.0,213,4245.0,871.9502210578027,17.377599476011135
4319604,São Sepé - RS,21219,431960,2021,RS,4319604.0,302,1264.0,1423.2527451812055,5.9569253970498135
4319703,São Valentim - RS,3264,431970,2021,RS,4319703.0,39,254.0,1194.8529411764705,7.7818627450980395
4319711,São Valentim do Sul - RS,2207,431971,2021,RS,4319711.0,25,169.0,1132.759401903036,7.657453556864521
4319737,São Valério do Sul - RS,2543,431973,2021,RS,4319737.0,21,26.0,825.7963035784505,1.0224144710971292
4319752,São Vendelino - RS,2251,431975,2021,RS,4319752.0,19,401.0,844.0693025322079,17.814304753442915
4319802,São Vicente do Sul - RS,8097,431980,2021,RS,4319802.0,116,505.0,1432.6293689020627,6.236877855996048
4319901,Sapiranga - RS,75648,431990,2021,RS,4319901.0,767,10060.0,1013.9065143824026,13.298434856175973
4320008,Sapucaia do Sul - RS,132107,432000,2021,RS,4320008.0,1388,42927.0,1050.6634773327683,32.49411461921019
4320107,Sarandi - RS,22851,432010,2021,RS,4320107.0,225,1971.0,984.6396218983853,8.625443087829854
4320206,Seberi - RS,11950,432020,2021,RS,4320206.0,135,567.0,1129.7071129707115,4.7447698744769875
4320230,Sede Nova - RS,2704,432023,2021,RS,4320230.0,35,124.0,1294.378698224852,4.585798816568047
4320263,Segredo - RS,6009,432026,2021,RS,4320263.0,57,111.0,948.5771342985522,1.8472291562656018
4320305,Selbach - RS,5107,432030,2021,RS,4320305.0,48,665.0,939.8864303896612,13.021343254356765
4320321,Senador Salgado Filho - RS,2673,432032,2021,RS,4320321.0,23,78.0,860.4564160119717,2.9180695847362514
4320354,Sentinela do Sul - RS,5306,432035,2021,RS,4320354.0,84,73.0,1583.11345646438,1.3758009800226159
4320404,Serafina Corrêa - RS,16961,432040,2021,RS,4320404.0,129,5096.0,760.5683627144625,30.045398266611638
4320453,Sério - RS,1941,432045,2021,RS,4320453.0,22,63.0,1133.4363730036064,3.2457496136012365
4320503,Sertão - RS,5541,432050,2021,RS,4320503.0,69,377.0,1245.262587980509,6.80382602418336
4320552,Sertão Santana - RS,5863,432055,2021,RS,4320552.0,71,253.0,1210.9841378134063,4.315196998123827
4320578,Sete de Setembro - RS,1830,432057,2021,RS,4320578.0,30,244.0,1639.344262295082,13.333333333333334
4320602,Severiano de Almeida - RS,3406,432060,2021,RS,4320602.0,41,205.0,1203.7580739870816,6.018790369935409
4320651,Silveira Martins - RS,2028,432065,2021,RS,4320651.0,33,197.0,1627.2189349112425,9.714003944773175
4320677,Sinimbu - RS,8578,432067,2021,RS,4320677.0,107,580.0,1247.3770109582654,6.76148286313826
4320701,Sobradinho - RS,14226,432070,2021,RS,4320701.0,177,916.0,1244.2007591733445,6.438914663292563
4320800,Soledade - RS,29991,432080,2021,RS,4320800.0,352,2326.0,1173.6854389650227,7.755660031342735
4320859,Tabaí - RS,4461,432085,2021,RS,4320859.0,22,553.0,493.1629679444071,12.39632369423896
4320909,Tapejara - RS,24557,432090,2021,RS,4320909.0,174,1938.0,708.5556053263834,7.891843466221444
4321006,Tapera - RS,10592,432100,2021,RS,4321006.0,142,1460.0,1340.6344410876131,13.783987915407856
4321105,Tapes - RS,14695,432110,2021,RS,4321105.0,205,1109.0,1395.0323239197007,7.546784620619258
4321204,Taquara - RS,53242,432120,2021,RS,4321204.0,612,9185.0,1149.4684647458773,17.251418053416476
4321303,Taquari - RS,25198,432130,2021,RS,4321303.0,298,6130.0,1182.6335423446305,24.327327565679816
4321329,Taquaruçu do Sul - RS,3119,432132,2021,RS,4321329.0,33,124.0,1058.031420327028,3.9756332157742866
4321352,Tavares - RS,5212,432135,2021,RS,4321352.0,71,146.0,1362.2409823484268,2.8012279355333844
4321402,Tenente Portela - RS,14497,432140,2021,RS,4321402.0,146,2199.0,1007.1049182589501,15.168655583913912
4321436,Terra de Areia - RS,10334,432143,2021,RS,4321436.0,134,421.0,1296.6905360944456,4.073930714147474
4321451,Teutônia - RS,32797,432145,2021,RS,4321451.0,315,10309.0,960.4537000335397,31.432752995700824
4321469,Tio Hugo - RS,3267,432146,2021,RS,4321469.0,31,237.0,948.8827670645853,7.254361799816346
4321477,Tiradentes do Sul - RS,5129,432147,2021,RS,4321477.0,65,195.0,1267.3035679469683,3.801910703840904
4321493,Toropi - RS,2554,432149,2021,RS,4321493.0,31,56.0,1213.7823022709476,2.192638997650744
4321501,Torres - RS,41751,432150,2021,RS,4321501.0,379,4637.0,907.7626883188427,11.106320806687265
4321600,Tramandaí - RS,54387,432160,2021,RS,4321600.0,648,5215.0,1191.4611947708092,9.58868847334841
4321626,Travesseiro - RS,2152,432162,2021,RS,4321626.0,26,113.0,1208.17843866171,5.25092936802974
4321634,Três Arroios - RS,2591,432163,2021,RS,4321634.0,27,175.0,1042.0686993438826,6.754148977228869
4321667,Três Cachoeiras - RS,10962,432166,2021,RS,4321667.0,96,658.0,875.752599890531,6.002554278416347
4321709,Três Coroas - RS,24425,432170,2021,RS,4321709.0,244,3044.0,998.976458546571,12.462640736949847
4321808,Três de Maio - RS,24916,432180,2021,RS,4321808.0,266,4126.0,1067.587092631241,16.559640391716165
4321832,Três Forquilhas - RS,2760,432183,2021,RS,4321832.0,26,38.0,942.0289855072464,1.3768115942028984
4321857,Três Palmeiras - RS,4716,432185,2021,RS,4321857.0,51,104.0,1081.4249363867684,2.205258693808312
4321907,Três Passos - RS,25436,432190,2021,RS,4321907.0,294,4196.0,1155.8421135398648,16.49630445038528
4321956,Trindade do Sul - RS,7556,432195,2021,RS,4321956.0,79,171.0,1045.5267337215457,2.263102170460561
4322004,Triunfo - RS,27498,432200,2021,RS,4322004.0,307,6239.0,1116.444832351444,22.688922830751327
4322103,Tucunduva - RS,5542,432210,2021,RS,4322103.0,68,664.0,1226.993865030675,11.981234211476002
4322152,Tunas - RS,3681,432215,2021,RS,4322152.0,50,48.0,1358.3265417006248,1.3039934800325998
4322186,Tupanci do Sul - RS,1374,432218,2021,RS,4322186.0,23,35.0,1673.9446870451236,2.547307132459971
4322202,Tupanciretã - RS,20005,432220,2021,RS,4322202.0,227,2031.0,1134.7163209197702,10.152461884528869
4322251,Tupandi - RS,5029,432225,2021,RS,4322251.0,39,1000.0,775.5020878902367,19.884668920262477
4322301,Tuparendi - RS,8363,432230,2021,RS,4322301.0,112,941.0,1339.2323328948942,11.251943082625852
4322327,Turuçu - RS,3419,432232,2021,RS,4322327.0,37,66.0,1082.1877742029833,1.9303890026323485
4322343,Ubiretama - RS,1994,432234,2021,RS,4322343.0,27,25.0,1354.062186559679,1.2537612838515546
4322350,União da Serra - RS,1170,432235,2021,RS,4322350.0,16,92.0,1367.5213675213674,7.863247863247863
4322376,Unistalda - RS,1995,432237,2021,RS,4322376.0,30,23.0,1503.7593984962405,1.1528822055137844
4322400,Uruguaiana - RS,117210,432240,2021,RS,4322400.0,1396,11825.0,1191.0246565992663,10.088729630577596
4322509,Vacaria - RS,64197,432250,2021,RS,4322509.0,804,9858.0,1252.394971727651,15.355857750362167
4322525,Vale Verde - RS,3150,432252,2021,RS,4322525.0,37,145.0,1174.6031746031745,4.603174603174604
4322533,Vale do Sol - RS,9897,432253,2021,RS,4322533.0,104,955.0,1050.8234818631909,9.64938870364757
4322541,Vale Real - RS,6058,432254,2021,RS,4322541.0,47,2350.0,775.8336084516342,38.791680422581706
4322558,Vanini - RS,2004,432255,2021,RS,4322558.0,18,67.0,898.2035928143712,3.343313373253493
4322608,Venâncio Aires - RS,68763,432260,2021,RS,4322608.0,671,14335.0,975.8154821633727,20.846967118944782
4322707,Vera Cruz - RS,26710,432270,2021,RS,4322707.0,291,4422.0,1089.4795956570574,16.555597154623737
4322806,Veranópolis - RS,24021,432280,2021,RS,4322806.0,231,9972.0,961.6585487698264,41.51367553390783
4322855,Vespasiano Corrêa - RS,1818,432285,2021,RS,4322855.0,22,201.0,1210.12101210121,11.056105610561056
4322905,Viadutos - RS,4769,432290,2021,RS,4322905.0,55,349.0,1153.2816104005033,7.318096036905011
4323002,Viamão - RS,224112,432300,2021,RS,4323002.0,2547,44820.0,1136.4853287641895,19.998929106875135
4323101,Vicente Dutra - RS,4665,432310,2021,RS,4323101.0,62,29.0,1329.0460878885315,0.6216505894962486
4323200,Victor Graeff - RS,2780,432320,2021,RS,4323200.0,34,212.0,1223.021582733813,7.625899280575539
4323309,Vila Flores - RS,3646,432330,2021,RS,4323309.0,53,1204.0,1453.647833241909,33.02249040043883
4323358,Vila Lângaro - RS,2079,432335,2021,RS,4323358.0,23,43.0,1106.3011063011063,2.068302068302068
4323408,Vila Maria - RS,4413,432340,2021,RS,4323408.0,41,300.0,929.0731928393383,6.798096532970768
4323457,Vila Nova do Sul - RS,3863,432345,2021,RS,4323457.0,57,52.0,1475.5371472948486,1.3461040641988091
4323507,Vista Alegre - RS,2660,432350,2021,RS,4323507.0,34,100.0,1278.1954887218046,3.7593984962406015
4323606,Vista Alegre do Prata - RS,1590,432360,2021,RS,4323606.0,25,102.0,1572.3270440251572,6.415094339622642
4323705,Vista Gaúcha - RS,2783,432370,2021,RS,4323705.0,28,152.0,1006.108515989939,5.461731943945383
4323754,Vitória das Missões - RS,3260,432375,2021,RS,4323754.0,52,349.0,1595.0920245398775,10.705521472392638
4323770,Westfália - RS,3098,432377,2021,RS,4323770.0,30,809.0,968.3666881859264,26.11362169141381
4323804,Xangri-lá - RS,16463,432380,2021,RS,4323804.0,125,1923.0,759.2783818259127,11.68073862600984
5000203,Água Clara - MS,16741,500020,2021,MS,5000203.0,133,4056.0,794.4567230153516,24.22794337255839
5000252,Alcinópolis - MS,4537,500025,2021,MS,5000252.0,35,628.0,771.4348688560723,13.84174564690324
5000609,Amambai - MS,39325,500060,2021,MS,5000609.0,346,4591.0,879.8474253019708,11.674507310870947
5000708,Anastácio - MS,24114,500070,2021,MS,5000708.0,254,2120.0,1053.3300157584806,8.791573359873931
5000807,Anaurilândia - MS,7653,500080,2021,MS,5000807.0,72,1004.0,940.8075264602116,13.11903828563962
5000856,Angélica - MS,10729,500085,2021,MS,5000856.0,82,4044.0,764.2837170286141,37.69223599589896
5000906,Antônio João - MS,9303,500090,2021,MS,5000906.0,82,515.0,881.4360958830484,5.535848650972804
5001003,Aparecida do Taboado - MS,27674,500100,2021,MS,5001003.0,226,5865.0,816.65100816651,21.193177711931778
5001102,Aquidauana - MS,46803,500110,2021,MS,5001102.0,482,5956.0,1029.8485139841462,12.725679977779203
5001243,Aral Moreira - MS,10748,500124,2021,MS,5001243.0,72,838.0,669.8920729438034,7.796799404540379
5001508,Bandeirantes - MS,7940,500150,2021,MS,5001508.0,53,1035.0,667.5062972292191,13.035264483627204
5001904,Bataguassu - MS,23031,500190,2021,MS,5001904.0,215,3349.0,933.5243801832312,14.541270461551822
5002001,Batayporã - MS,10712,500200,2021,MS,5002001.0,90,1359.0,840.1792382374906,12.686706497386108
5002100,Bela Vista - MS,21613,500210,2021,MS,5002100.0,174,1888.0,805.0710220700504,8.73548327395549
5002159,Bodoquena - MS,8567,500215,2021,MS,5002159.0,64,859.0,747.0526438659974,10.026847204388934
5002209,Bonito - MS,23659,500220,2021,MS,5002209.0,170,2332.0,718.5426264846359,9.856714146836298
5002308,Brasilândia - MS,11579,500230,2021,MS,5002308.0,86,2160.0,742.7238967095604,18.654460661542448
5002407,Caarapó - MS,30612,500240,2021,MS,5002407.0,260,6318.0,849.3401280543577,20.638965111720893
5002605,Camapuã - MS,13583,500260,2021,MS,5002605.0,117,2757.0,861.3708311860414,20.297430611794155
5002704,Campo Grande - MS,898100,500270,2021,MS,5002704.0,8719,267928.0,970.8273020821734,29.832758044761164
5002803,Caracol - MS,5036,500280,2021,MS,5002803.0,53,252.0,1052.4225575853852,5.003971405877681
5002902,Cassilândia - MS,20988,500290,2021,MS,5002902.0,253,4102.0,1205.4507337526206,19.544501619973317
5002951,Chapadão do Sul - MS,30993,500295,2021,MS,5002951.0,159,8293.0,513.019068821992,26.757654954344527
5003108,Corguinho - MS,4783,500310,2021,MS,5003108.0,40,361.0,836.2952122099101,7.547564290194439
5003157,Coronel Sapucaia - MS,14289,500315,2021,MS,5003157.0,133,543.0,930.7859192385752,3.800125971026664
5003207,Corumbá - MS,96268,500320,2021,MS,5003207.0,1034,18557.0,1074.0848464702703,19.27639506378028
5003256,Costa Rica - MS,26037,500325,2021,MS,5003256.0,210,5941.0,806.5445327802743,22.81752890117909
5003306,Coxim - MS,32151,500330,2021,MS,5003306.0,322,5515.0,1001.5240583496626,17.153432241609902
5003454,Deodápolis - MS,13663,500345,2021,MS,5003454.0,133,3690.0,973.4318963624387,27.007245846446608
5003488,Dois Irmãos do Buriti - MS,11100,500348,2021,MS,5003488.0,81,542.0,729.7297297297297,4.882882882882883
5003504,Douradina - MS,5578,500350,2021,MS,5003504.0,52,847.0,932.2337755467911,15.18465399784869
5003702,Dourados - MS,243367,500370,2021,MS,5003702.0,2041,79256.0,838.6510907395004,32.566453134566316
5003751,Eldorado - MS,11386,500375,2021,MS,5003751.0,112,1376.0,983.6641489548568,12.08501668715967
5003801,Fátima do Sul - MS,20609,500380,2021,MS,5003801.0,219,4499.0,1062.6425348148869,21.830268329370664
5003900,Figueirão - MS,3539,500390,2021,MS,5003900.0,20,437.0,565.1313930488839,12.348120938118113
5004007,Glória de Dourados - MS,10444,500400,2021,MS,5004007.0,100,2707.0,957.4875526618154,25.91918805055534
5004106,Guia Lopes da Laguna - MS,9940,500410,2021,MS,5004106.0,123,884.0,1237.4245472837022,8.893360160965795
5004304,Iguatemi - MS,13808,500430,2021,MS,5004304.0,126,1190.0,912.5144843568945,8.61819235225956
5004403,Inocência - MS,8404,500440,2021,MS,5004403.0,50,1542.0,594.9547834364588,18.348405521180393
5004502,Itaporã - MS,24137,500450,2021,MS,5004502.0,166,3665.0,687.7408128599245,15.184157103202553
5004601,Itaquiraí - MS,19423,500460,2021,MS,5004601.0,148,2077.0,761.983215775112,10.693507697060186
5004700,Ivinhema - MS,27821,500470,2021,MS,5004700.0,234,8209.0,841.0912619963337,29.5064879048201
5004809,Japorã - MS,8148,500480,2021,MS,5004809.0,65,161.0,797.7417771232203,1.9759450171821304
5004908,Jaraguari - MS,7139,500490,2021,MS,5004908.0,52,831.0,728.3933323994956,11.640285754307326
5005004,Jardim - MS,23981,500500,2021,MS,5005004.0,246,3676.0,1025.8121012468205,15.328801968224845
5005103,Jateí - MS,3586,500510,2021,MS,5005103.0,13,1073.0,362.5209146681539,29.92191857222532
5005152,Juti - MS,6729,500515,2021,MS,5005152.0,68,834.0,1010.5513449249518,12.394115024520731
5005202,Ladário - MS,21522,500520,2021,MS,5005202.0,157,3895.0,729.4861072391042,18.097760431186693
5005251,Laguna Carapã - MS,6799,500525,2021,MS,5005251.0,36,1582.0,529.489630828063,23.26812766583321
5005400,Maracaju - MS,45047,500540,2021,MS,5005400.0,301,5713.0,668.1910005105779,12.682309587763891
5005608,Miranda - MS,25536,500560,2021,MS,5005608.0,249,2282.0,975.093984962406,8.93640350877193
5005681,Mundo Novo - MS,19193,500568,2021,MS,5005681.0,193,2129.0,1005.5749492002292,11.092585838586984
5005707,Naviraí - MS,50457,500570,2021,MS,5005707.0,532,11605.0,1054.3631210733893,22.99978199258775
5005806,Nioaque - MS,13220,500580,2021,MS,5005806.0,94,725.0,711.0438729198185,5.484114977307111
5006002,Nova Alvorada do Sul - MS,21822,500600,2021,MS,5006002.0,145,4926.0,664.4670515993034,22.573549628814956
5006200,Nova Andradina - MS,48563,500620,2021,MS,5006200.0,401,9355.0,825.7315239997529,19.263636925231143
5006259,Novo Horizonte do Sul - MS,4721,500625,2021,MS,5006259.0,53,1040.0,1122.643507731413,22.02923109510697
5006275,Paraíso das Águas - MS,5510,500627,2021,MS,5006275.0,33,0.0,598.9110707803993,0.0
5006309,Paranaíba - MS,40957,500630,2021,MS,5006309.0,498,10265.0,1215.9093683619406,25.062870815733575
5006358,Paranhos - MS,12921,500635,2021,MS,5006358.0,100,662.0,773.9339060444238,5.123442458014085
5006408,Pedro Gomes - MS,6941,500640,2021,MS,5006408.0,71,1085.0,1022.9073620515776,15.631753349661432
5006606,Ponta Porã - MS,92017,500660,2021,MS,5006606.0,929,10121.0,1009.5960529032678,10.99905452253388
5006903,Porto Murtinho - MS,12859,500690,2021,MS,5006903.0,116,603.0,902.091920055992,4.68932265339451
5007109,Ribas do Rio Pardo - MS,23150,500710,2021,MS,5007109.0,175,8982.0,755.939524838013,38.79913606911447
5007208,Rio Brilhante - MS,37601,500720,2021,MS,5007208.0,245,7559.0,651.5784154676737,20.103188744980187
5007307,Rio Negro - MS,4841,500730,2021,MS,5007307.0,52,710.0,1074.1582317702953,14.666391241479031
5007406,Rio Verde de Mato Grosso - MS,19818,500740,2021,MS,5007406.0,182,3563.0,918.35704914724,17.978605308305582
5007505,Rochedo - MS,5199,500750,2021,MS,5007505.0,45,360.0,865.5510675129832,6.924408540103865
5007554,Santa Rita do Pardo - MS,7027,500755,2021,MS,5007554.0,38,772.0,540.7713106588872,10.986196100754233
5007695,São Gabriel do Oeste - MS,29579,500769,2021,MS,5007695.0,195,6233.0,659.2514959937794,21.072382433483213
5007703,Sete Quedas - MS,10994,500770,2021,MS,5007703.0,102,1188.0,927.7787884300528,10.805894124067674
5007802,Selvíria - MS,8142,500780,2021,MS,5007802.0,63,1825.0,773.7656595431098,22.41464013755834
5007901,Sidrolândia - MS,47118,500790,2021,MS,5007901.0,387,6652.0,821.3421622309945,14.117746933231462
5007935,Sonora - MS,14516,500793,2021,MS,5007935.0,97,4682.0,668.2281620281069,32.254064480573156
5007950,Tacuru - MS,10808,500795,2021,MS,5007950.0,81,691.0,749.4448556624723,6.39341228719467
5007976,Taquarussu - MS,3625,500797,2021,MS,5007976.0,28,1098.0,772.4137931034483,30.28965517241379
5008008,Terenos - MS,17652,500800,2021,MS,5008008.0,162,2384.0,917.7430319510537,13.50555177883526
5008305,Três Lagoas - MS,132152,500830,2021,MS,5008305.0,1223,45845.0,925.4494824141898,34.69111326351474
5008404,Vicentina - MS,6336,500840,2021,MS,5008404.0,78,1764.0,1231.060606060606,27.84090909090909
5100102,Acorizal - MT,5014,510010,2021,MT,5100102.0,44,1109.0,877.5428799361787,22.11806940566414
5100201,Água Boa - MT,29219,510020,2021,MT,5100201.0,220,3401.0,752.9347342482631,11.639686505356103
5100250,Alta Floresta - MT,58613,510025,2021,MT,5100250.0,434,4658.0,740.4500708034054,7.947042464982171
5100300,Alto Araguaia - MT,17193,510030,2021,MT,5100300.0,136,2069.0,791.0196010004072,12.033967312278254
5100359,Alto Boa Vista - MT,5715,510035,2021,MT,5100359.0,46,127.0,804.8993875765528,2.2222222222222223
5100409,Alto Garças - MT,13052,510040,2021,MT,5100409.0,99,1753.0,758.504443763408,13.430891817346
5100508,Alto Paraguai - MT,8009,510050,2021,MT,5100508.0,67,289.0,836.5588712698215,3.6084405044325134
5100607,Alto Taquari - MT,10904,510060,2021,MT,5100607.0,56,2822.0,513.5730007336757,25.880410858400587
5100805,Apiacás - MT,8590,510080,2021,MT,5100805.0,55,104.0,640.2793946449359,1.210710128055879
5101001,Araguaiana - MT,3795,510100,2021,MT,5101001.0,36,79.0,948.6166007905139,2.0816864295125166
5101209,Araguainha - MT,1010,510120,2021,MT,5101209.0,5,22.0,495.0495049504951,2.178217821782178
5101258,Araputanga - MT,14786,510125,2021,MT,5101258.0,146,1854.0,987.4205329365617,12.538888137427296
5101308,Arenápolis - MT,10576,510130,2021,MT,5101308.0,102,1415.0,964.4478063540091,13.379349470499244
5101407,Aripuanã - MT,24626,510140,2021,MT,5101407.0,135,1470.0,548.201088280679,5.969300739056282
5101605,Barão de Melgaço - MT,7253,510160,2021,MT,5101605.0,67,146.0,923.7556873018061,2.0129601544188613
5101704,Barra do Bugres - MT,29403,510170,2021,MT,5101704.0,209,5067.0,710.8118219229331,17.232935414753598
5101803,Barra do Garças - MT,69210,510180,2021,MT,5101803.0,703,12064.0,1015.749169195203,17.431007079901747
5101852,Bom Jesus do Araguaia - MT,7280,510185,2021,MT,5101852.0,47,108.0,645.6043956043956,1.4835164835164834
5101902,Brasnorte - MT,17004,510190,2021,MT,5101902.0,127,943.0,746.8830863326276,5.545753940249353
5102504,Cáceres - MT,89681,510250,2021,MT,5102504.0,914,9984.0,1019.1679396973718,11.132792899276325
5102603,Campinápolis - MT,15347,510260,2021,MT,5102603.0,123,491.0,801.4595686453378,3.1993223431289506
5102637,Campo Novo do Parecis - MT,45899,510263,2021,MT,5102637.0,212,9816.0,461.8837011699601,21.386086842850606
5102678,Campo Verde - MT,44585,510267,2021,MT,5102678.0,286,7412.0,641.4713468655377,16.62442525513065
5102686,Campos de Júlio - MT,8822,510268,2021,MT,5102686.0,27,2519.0,306.05304919519386,28.553615960099748
5102694,Canabrava do Norte - MT,4485,510269,2021,MT,5102694.0,29,36.0,646.5997770345597,0.8026755852842808
5102702,Canarana - MT,25858,510270,2021,MT,5102702.0,181,2320.0,699.9767963492923,8.972078273648387
5102793,Carlinda - MT,10332,510279,2021,MT,5102793.0,85,214.0,822.6867982965545,2.0712349980642664
5102850,Castanheira - MT,7506,510285,2021,MT,5102850.0,62,133.0,826.005861977085,1.771915800692779
5103007,Chapada dos Guimarães - MT,18990,510300,2021,MT,5103007.0,188,1631.0,989.9947340705635,8.588730911005793
5103056,Cláudia - MT,9593,510305,2021,MT,5103056.0,90,895.0,938.1840925674971,9.329719587199
5103106,Cocalinho - MT,6220,510310,2021,MT,5103106.0,43,194.0,691.3183279742765,3.1189710610932475
5103205,Colíder - MT,31370,510320,2021,MT,5103205.0,319,2146.0,1016.8951227287217,6.840930825629582
5103254,Colniza - MT,25766,510325,2021,MT,5103254.0,182,155.0,706.3572149344096,0.6015679577738104
5103304,Comodoro - MT,18238,510330,2021,MT,5103304.0,156,1086.0,855.3569470336658,5.954600285118982
5103353,Confresa - MT,35075,510335,2021,MT,5103353.0,235,1384.0,669.9928724162509,3.9458303635067713
5103361,Conquista D'Oeste - MT,3760,510336,2021,MT,5103361.0,41,117.0,1090.4255319148936,3.1117021276595747
5103379,Cotriguaçu - MT,11011,510337,2021,MT,5103379.0,89,163.0,808.2826264644447,1.4803378439742076
5103403,Cuiabá - MT,650877,510340,2021,MT,5103403.0,5763,243424.0,885.4207476988739,37.39938575183944
5103437,Curvelândia - MT,4903,510343,2021,MT,5103437.0,52,117.0,1060.5751580664898,2.3862941056496023
5103452,Denise - MT,7014,510345,2021,MT,5103452.0,52,1887.0,741.3743940690049,26.903336184773313
5103502,Diamantino - MT,21941,510350,2021,MT,5103502.0,172,3326.0,783.9205141060115,15.158835057654619
5103601,Dom Aquino - MT,7872,510360,2021,MT,5103601.0,79,500.0,1003.5569105691058,6.351626016260163
5103700,Feliz Natal - MT,10521,510370,2021,MT,5103700.0,69,750.0,655.8311947533505,7.1285999429712
5103809,Figueirópolis D'Oeste - MT,3187,510380,2021,MT,5103809.0,29,64.0,909.9466582993412,2.008158142453718
5103858,Gaúcha do Norte - MT,8642,510385,2021,MT,5103858.0,49,437.0,566.9983800046285,5.056699838000463
5103908,General Carneiro - MT,6037,510390,2021,MT,5103908.0,46,228.0,761.9678648335266,3.7767102865661752
5103957,Glória D'Oeste - MT,2905,510395,2021,MT,5103957.0,42,81.0,1445.7831325301206,2.7882960413080893
5104104,Guarantã do Norte - MT,31024,510410,2021,MT,5104104.0,280,1369.0,902.5270758122743,4.412712738525013
5104203,Guiratinga - MT,10966,510420,2021,MT,5104203.0,149,641.0,1358.7452124749225,5.8453401422578875
5104500,Indiavaí - MT,2213,510450,2021,MT,5104500.0,19,62.0,858.5630366018979,2.801626751016719
5104526,Ipiranga do Norte - MT,7815,510452,2021,MT,5104526.0,44,1036.0,563.0198336532309,13.25655790147153
5104542,Itanhangá - MT,7539,510454,2021,MT,5104542.0,32,275.0,424.45947738426844,3.647698633771057
5104559,Itaúba - MT,5020,510455,2021,MT,5104559.0,38,334.0,756.9721115537849,6.653386454183267
5104609,Itiquira - MT,12236,510460,2021,MT,5104609.0,90,864.0,735.5344883949003,7.0611310885910425
5104807,Jaciara - MT,28569,510480,2021,MT,5104807.0,246,5453.0,861.0731912212539,19.087122405404457
5104906,Jangada - MT,7426,510490,2021,MT,5104906.0,66,403.0,888.7691893347697,5.426878534877458
5105002,Jauru - MT,8367,510500,2021,MT,5105002.0,96,572.0,1147.3646468268198,6.836381020676467
5105101,Juara - MT,34906,510510,2021,MT,5105101.0,298,2665.0,853.7214232510171,7.634790580415975
5105150,Juína - MT,45869,510515,2021,MT,5105150.0,368,2193.0,802.2847674900261,4.781006780178334
5105176,Juruena - MT,10213,510517,2021,MT,5105176.0,70,259.0,685.4009595613434,2.5359835503769705
5105200,Juscimeira - MT,11480,510520,2021,MT,5105200.0,108,1239.0,940.7665505226481,10.792682926829269
5105234,Lambari D'Oeste - MT,4790,510523,2021,MT,5105234.0,40,228.0,835.0730688935281,4.759916492693111
5105259,Lucas do Rio Verde - MT,83798,510525,2021,MT,5105259.0,443,22225.0,528.6522351368767,26.5221126995871
5105309,Luciara - MT,2509,510530,2021,MT,5105309.0,19,45.0,757.2738142686329,1.7935432443204464
5105507,Vila Bela da Santíssima Trindade - MT,16774,510550,2021,MT,5105507.0,96,393.0,572.3142959341839,2.3429116489805653
5105580,Marcelândia - MT,11396,510558,2021,MT,5105580.0,116,708.0,1017.9010179010179,6.2127062127062125
5105606,Matupá - MT,20091,510560,2021,MT,5105606.0,161,1280.0,801.353840027873,6.371011895873774
5105622,Mirassol d'Oeste - MT,26785,510562,2021,MT,5105622.0,268,2650.0,1000.5600149337315,9.893597162591004
5105903,Nobres - MT,15492,510590,2021,MT,5105903.0,145,1621.0,935.9669506842241,10.463465014200878
5106000,Nortelândia - MT,5956,510600,2021,MT,5106000.0,56,817.0,940.2283411685695,13.717259905977167
5106109,Nossa Senhora do Livramento - MT,12940,510610,2021,MT,5106109.0,120,433.0,927.3570324574961,3.346213292117465
5106158,Nova Bandeirantes - MT,13635,510615,2021,MT,5106158.0,92,122.0,674.7341400806747,0.8947561422808947
5106174,Nova Nazaré - MT,4200,510617,2021,MT,5106174.0,27,35.0,642.8571428571429,0.8333333333333334
5106182,Nova Lacerda - MT,6670,510618,2021,MT,5106182.0,34,127.0,509.74512743628185,1.9040479760119942
5106190,Nova Santa Helena - MT,4239,510619,2021,MT,5106190.0,33,179.0,778.485491861288,4.22269403161123
5106208,Nova Brasilândia - MT,3932,510620,2021,MT,5106208.0,39,211.0,991.8616480162767,5.366225839267548
5106216,Nova Canaã do Norte - MT,11707,510621,2021,MT,5106216.0,102,428.0,871.2735969932519,3.6559323481677626
5106224,Nova Mutum - MT,55839,510622,2021,MT,5106224.0,263,13327.0,470.99697344150144,23.86683142606422
5106232,Nova Olímpia - MT,16352,510623,2021,MT,5106232.0,161,4859.0,984.5890410958904,29.71501956947162
5106240,Nova Ubiratã - MT,11530,510624,2021,MT,5106240.0,67,1128.0,581.0928013876843,9.783174327840417
5106257,Nova Xavantina - MT,24345,510625,2021,MT,5106257.0,188,3768.0,772.2324912713083,15.477510782501541
5106265,Novo Mundo - MT,6520,510626,2021,MT,5106265.0,43,132.0,659.5092024539878,2.024539877300614
5106273,Novo Horizonte do Norte - MT,3349,510627,2021,MT,5106273.0,30,82.0,895.7897879964169,2.448492087190206
5106281,Novo São Joaquim - MT,6919,510628,2021,MT,5106281.0,42,265.0,607.0241364359011,3.8300332417979477
5106299,Paranaíta - MT,11671,510629,2021,MT,5106299.0,100,280.0,856.8246080027419,2.399108902407677
5106307,Paranatinga - MT,26423,510630,2021,MT,5106307.0,164,2025.0,620.6713847784127,7.663777769367597
5106315,Novo Santo Antônio - MT,2015,510631,2021,MT,5106315.0,19,30.0,942.9280397022334,1.488833746898263
5106372,Pedra Preta - MT,18066,510637,2021,MT,5106372.0,141,2372.0,780.4716041182331,13.129635779918077
5106422,Peixoto de Azevedo - MT,32714,510642,2021,MT,5106422.0,275,1158.0,840.6186953597847,3.539768906278658
5106455,Planalto da Serra - MT,3166,510645,2021,MT,5106455.0,34,92.0,1073.9102969046114,2.9058749210360073
5106505,Poconé - MT,31217,510650,2021,MT,5106505.0,307,2641.0,983.4385110676875,8.460133901399878
5106653,Pontal do Araguaia - MT,6932,510665,2021,MT,5106653.0,52,574.0,750.1442585112521,8.280438545874206
5106703,Ponte Branca - MT,2008,510670,2021,MT,5106703.0,18,56.0,896.4143426294821,2.788844621513944
5106752,Pontes e Lacerda - MT,52018,510675,2021,MT,5106752.0,471,4692.0,905.4558037602368,9.019954631089238
5106778,Porto Alegre do Norte - MT,12127,510677,2021,MT,5106778.0,69,575.0,568.9783128556115,4.741485940463429
5106802,Porto dos Gaúchos - MT,5593,510680,2021,MT,5106802.0,36,517.0,643.6617200071518,9.243697478991598
5106828,Porto Esperidião - MT,10204,510682,2021,MT,5106828.0,92,246.0,901.607212857703,2.410819286554293
5106851,Porto Estrela - MT,3224,510685,2021,MT,5106851.0,40,117.0,1240.694789081886,3.6290322580645165
5107008,Poxoréu - MT,23283,510700,2021,MT,5107008.0,164,855.0,704.3765837735687,3.672207189795129
5107040,Primavera do Leste - MT,85146,510704,2021,MT,5107040.0,559,18791.0,656.5193902238508,22.069151809832523
5107065,Querência - MT,26769,510706,2021,MT,5107065.0,123,2832.0,459.486719713101,10.579401546565057
5107107,São José dos Quatro Marcos - MT,17849,510710,2021,MT,5107107.0,201,954.0,1126.1135077595384,5.344837245784078
5107156,Reserva do Cabaçal - MT,2122,510715,2021,MT,5107156.0,21,38.0,989.6324222431668,1.7907634307257305
5107180,Ribeirão Cascalheira - MT,10089,510718,2021,MT,5107180.0,104,330.0,1030.825651699871,3.2708890871245915
5107198,Ribeirãozinho - MT,2593,510719,2021,MT,5107198.0,24,207.0,925.5688391824142,7.983031237948322
5107206,Rio Branco - MT,4535,510720,2021,MT,5107206.0,57,235.0,1256.8908489525909,5.181918412348401
5107248,Santa Carmem - MT,5374,510724,2021,MT,5107248.0,44,561.0,818.7569780424266,10.439151470040937
5107263,Santo Afonso - MT,2519,510726,2021,MT,5107263.0,27,147.0,1071.853910281858,5.835649067090115
5107297,São José do Povo - MT,2875,510729,2021,MT,5107297.0,16,62.0,556.5217391304349,2.1565217391304348
5107305,São José do Rio Claro - MT,14911,510730,2021,MT,5107305.0,134,1159.0,898.6654147944471,7.772785192140031
5107354,São José do Xingu - MT,5964,510735,2021,MT,5107354.0,52,164.0,871.8980549966466,2.749832327297116
5107404,São Pedro da Cipa - MT,4191,510740,2021,MT,5107404.0,41,366.0,978.2868050584585,8.732999284180387
5107578,Rondolândia - MT,3505,510757,2021,MT,5107578.0,13,14.0,370.8987161198288,0.3994293865905849
5107602,Rondonópolis - MT,244911,510760,2021,MT,5107602.0,1799,54565.0,734.5525517432864,22.27952194878956
5107701,Rosário Oeste - MT,15453,510770,2021,MT,5107701.0,139,879.0,899.5017148773701,5.688215880411571
5107743,Santa Cruz do Xingu - MT,2661,510774,2021,MT,5107743.0,11,68.0,413.37842916196917,2.5554302893649004
5107750,Salto do Céu - MT,3679,510775,2021,MT,5107750.0,39,43.0,1060.070671378092,1.1687958684425115
5107768,Santa Rita do Trivelato - MT,3276,510776,2021,MT,5107768.0,16,730.0,488.4004884004884,22.283272283272286
5107776,Santa Terezinha - MT,7596,510777,2021,MT,5107776.0,46,93.0,605.5818852027382,1.2243285939968405
5107792,Santo Antônio do Leste - MT,4099,510779,2021,MT,5107792.0,21,153.0,512.3200780678214,3.7326177116369847
5107800,Santo Antônio de Leverger - MT,15246,510780,2021,MT,5107800.0,163,1257.0,1069.1328873147054,8.24478551751279
5107859,São Félix do Araguaia - MT,13621,510785,2021,MT,5107859.0,63,608.0,462.5211071140152,4.463695763893987
5107875,Sapezal - MT,28944,510787,2021,MT,5107875.0,118,9202.0,407.6838032061912,31.792426755113322
5107883,Serra Nova Dourada - MT,1800,510788,2021,MT,5107883.0,12,2.0,666.6666666666667,0.1111111111111111
5107909,Sinop - MT,196312,510790,2021,MT,5107909.0,1107,42097.0,563.898284363666,21.443925995354334
5107925,Sorriso - MT,110635,510792,2021,MT,5107925.0,510,21242.0,460.9752790708185,19.200072309847695
5107941,Tabaporã - MT,9818,510794,2021,MT,5107941.0,65,1101.0,662.0492972092076,11.214096557343654
5107958,Tangará da Serra - MT,106434,510795,2021,MT,5107958.0,859,21395.0,807.0729278238157,20.101659244226468
5108006,Tapurah - MT,14370,510800,2021,MT,5108006.0,72,1671.0,501.0438413361169,11.62839248434238
5108055,Terra Nova do Norte - MT,10616,510805,2021,MT,5108055.0,120,559.0,1130.3692539562924,5.265636774679729
5108105,Tesouro - MT,3025,510810,2021,MT,5108105.0,37,122.0,1223.1404958677685,4.033057851239669
5108204,Torixoréu - MT,4164,510820,2021,MT,5108204.0,50,599.0,1200.7684918347743,14.385206532180595
5108303,União do Sul - MT,3838,510830,2021,MT,5108303.0,37,162.0,964.0437727983325,4.220948410630537
5108352,Vale de São Domingos - MT,2904,510835,2021,MT,5108352.0,29,41.0,998.6225895316804,1.4118457300275482
5108402,Várzea Grande - MT,300078,510840,2021,MT,5108402.0,2670,48456.0,889.7686601483615,16.147801571591387
5108501,Vera - MT,12800,510850,2021,MT,5108501.0,82,956.0,640.625,7.46875
5108600,Vila Rica - MT,19888,510860,2021,MT,5108600.0,137,798.0,688.8576025744168,4.0124698310539015
5108808,Nova Guarita - MT,4590,510880,2021,MT,5108808.0,33,120.0,718.9542483660131,2.6143790849673203
5108857,Nova Marilândia - MT,3529,510885,2021,MT,5108857.0,20,648.0,566.7327854916407,18.362142249929157
5108907,Nova Maringá - MT,5846,510890,2021,MT,5108907.0,44,367.0,752.6513855627779,6.277796784125898
5108956,Nova Monte Verde - MT,8313,510895,2021,MT,5108956.0,73,179.0,878.1426681101889,2.1532539396126547
5200050,Abadia de Goiás - GO,19128,520005,2021,GO,5200050.0,112,2944.0,585.5290673358427,15.391049769970724
5200100,Abadiânia - GO,17232,520010,2021,GO,5200100.0,137,1704.0,795.0324976787373,9.88857938718663
5200134,Acreúna - GO,21568,520013,2021,GO,5200134.0,178,6224.0,825.2967359050446,28.857566765578635
5200159,Adelândia - GO,2297,520015,2021,GO,5200159.0,25,474.0,1088.3761427949498,20.63561166739225
5200175,Água Fria de Goiás - GO,4954,520017,2021,GO,5200175.0,32,376.0,645.9426725878078,7.589826402906742
5200209,Água Limpa - GO,1858,520020,2021,GO,5200209.0,23,484.0,1237.8902045209902,26.04951560818084
5200258,Águas Lindas de Goiás - GO,225693,520025,2021,GO,5200258.0,1032,10596.0,457.2583110685755,4.694873124111072
5200308,Alexânia - GO,27008,520030,2021,GO,5200308.0,268,2272.0,992.2985781990521,8.412322274881516
5200506,Aloândia - GO,1973,520050,2021,GO,5200506.0,37,406.0,1875.316776482514,20.577800304105423
5200555,Alto Horizonte - GO,6072,520055,2021,GO,5200555.0,52,1902.0,856.3899868247694,31.32411067193676
5200605,Alto Paraíso de Goiás - GO,10306,520060,2021,GO,5200605.0,53,742.0,514.2635358043858,7.1996895012614015
5200803,Alvorada do Norte - GO,8446,520080,2021,GO,5200803.0,93,898.0,1101.1129528771016,10.632251953587497
5200829,Amaralina - GO,3268,520082,2021,GO,5200829.0,25,159.0,764.9938800489596,4.865361077111383
5200852,Americano do Brasil - GO,5259,520085,2021,GO,5200852.0,70,851.0,1331.0515307092603,16.181783609051152
5200902,Amorinópolis - GO,3007,520090,2021,GO,5200902.0,36,392.0,1197.2065181243765,13.036248752909877
5201108,Anápolis - GO,398869,520110,2021,GO,5201108.0,3989,120776.0,1000.0777197526005,30.27961561314617
5201207,Anhanguera - GO,924,520120,2021,GO,5201207.0,10,170.0,1082.2510822510822,18.398268398268396
5201306,Anicuns - GO,18503,520130,2021,GO,5201306.0,190,3474.0,1026.8605091066315,18.775333729665462
5201405,Aparecida de Goiânia - GO,527796,520140,2021,GO,5201405.0,4077,138931.0,772.4575404133415,26.322859589689955
5201454,Aparecida do Rio Doce - GO,2907,520145,2021,GO,5201454.0,20,282.0,687.9944960440316,9.700722394220847
5201504,Aporé - GO,4325,520150,2021,GO,5201504.0,33,256.0,763.0057803468208,5.91907514450867
5201603,Araçu - GO,3799,520160,2021,GO,5201603.0,44,1017.0,1158.199526191103,26.770202684917084
5201702,Aragarças - GO,18390,520170,2021,GO,5201702.0,210,1645.0,1141.9249592169658,8.945078847199566
5201801,Aragoiânia - GO,11890,520180,2021,GO,5201801.0,106,1542.0,891.5054667788058,12.96888141295206
5202155,Araguapaz - GO,7153,520215,2021,GO,5202155.0,97,656.0,1356.0743743883686,9.170977212358451
5202353,Arenópolis - GO,2946,520235,2021,GO,5202353.0,30,402.0,1018.3299389002037,13.64562118126273
5202502,Aruanã - GO,8300,520250,2021,GO,5202502.0,79,612.0,951.8072289156627,7.373493975903614
5202601,Aurilândia - GO,3284,520260,2021,GO,5202601.0,36,691.0,1096.2241169305726,21.04141291108404
5202809,Avelinópolis - GO,2868,520280,2021,GO,5202809.0,52,420.0,1813.110181311018,14.644351464435147
5203104,Baliza - GO,3351,520310,2021,GO,5203104.0,29,184.0,865.4133094598627,5.490898239331543
5203203,Barro Alto - GO,10371,520320,2021,GO,5203203.0,84,5037.0,809.9508244142319,48.568122649696264
5203302,Bela Vista de Goiás - GO,34445,520330,2021,GO,5203302.0,282,6090.0,818.6964726375381,17.680359994193644
5203401,Bom Jardim de Goiás - GO,7826,520340,2021,GO,5203401.0,100,726.0,1277.7919754663942,9.27676974188602
5203500,Bom Jesus de Goiás - GO,23958,520350,2021,GO,5203500.0,254,6837.0,1060.1886634944485,28.537440520911595
5203559,Bonfinópolis - GO,10296,520355,2021,GO,5203559.0,89,1611.0,864.4133644133644,15.646853146853147
5203575,Bonópolis - GO,3299,520357,2021,GO,5203575.0,27,203.0,818.4298272203698,6.153379812064262
5203609,Brazabrantes - GO,3992,520360,2021,GO,5203609.0,31,665.0,776.5531062124248,16.658316633266534
5203807,Britânia - GO,5695,520380,2021,GO,5203807.0,52,610.0,913.0816505706761,10.711150131694469
5203906,Buriti Alegre - GO,10495,520390,2021,GO,5203906.0,104,2789.0,990.9480705097666,26.57455931395903
5203939,Buriti de Goiás - GO,2732,520393,2021,GO,5203939.0,21,510.0,768.6676427525623,18.667642752562223
5203962,Buritinópolis - GO,3145,520396,2021,GO,5203962.0,33,252.0,1049.2845786963435,8.012718600953896
5204003,Cabeceiras - GO,7560,520400,2021,GO,5204003.0,63,464.0,833.3333333333334,6.137566137566138
5204102,Cachoeira Alta - GO,11513,520410,2021,GO,5204102.0,88,1560.0,764.3533397029445,13.549900112915832
5204201,Cachoeira de Goiás - GO,1405,520420,2021,GO,5204201.0,14,247.0,996.44128113879,17.580071174377224
5204250,Cachoeira Dourada - GO,7782,520425,2021,GO,5204250.0,88,3136.0,1130.8147005911076,40.29812387561038
5204300,Caçu - GO,13774,520430,2021,GO,5204300.0,133,2998.0,965.5873384637723,21.765645418905184
5204409,Caiapônia - GO,16513,520440,2021,GO,5204409.0,171,1659.0,1035.5477502573729,10.046629927935566
5204508,Caldas Novas - GO,98622,520450,2021,GO,5204508.0,760,18756.0,770.6191316339153,19.018068990691734
5204557,Caldazinha - GO,4507,520455,2021,GO,5204557.0,27,694.0,599.06811626359,15.398269358775238
5204607,Campestre de Goiás - GO,3755,520460,2021,GO,5204607.0,34,557.0,905.4593874833556,14.833555259653794
5204656,Campinaçu - GO,3708,520465,2021,GO,5204656.0,38,210.0,1024.8112189859764,5.6634304207119746
5204706,Campinorte - GO,12510,520470,2021,GO,5204706.0,105,2731.0,839.3285371702638,21.830535571542768
5204805,Campo Alegre de Goiás - GO,7422,520480,2021,GO,5204805.0,71,2019.0,956.6154675289679,27.202910266774456
5204854,Campo Limpo de Goiás - GO,8081,520485,2021,GO,5204854.0,59,386.0,730.1076599430763,4.776636554881822
5204904,Campos Belos - GO,18108,520490,2021,GO,5204904.0,165,3551.0,911.1994698475812,19.61011707532582
5204953,Campos Verdes - GO,4005,520495,2021,GO,5204953.0,63,266.0,1573.0337078651687,6.641697877652934
5205000,Carmo do Rio Verde - GO,9710,520500,2021,GO,5205000.0,85,1903.0,875.3861997940269,19.598352214212152
5205059,Castelândia - GO,2985,520505,2021,GO,5205059.0,52,336.0,1742.0435510887771,11.256281407035177
5205109,Catalão - GO,114427,520510,2021,GO,5205109.0,967,39621.0,845.0802695168098,34.62556914015049
5205208,Caturaí - GO,5184,520520,2021,GO,5205208.0,67,795.0,1292.4382716049383,15.335648148148149
5205307,Cavalcante - GO,9583,520530,2021,GO,5205307.0,57,577.0,594.8032975060003,6.021078994051967
5205406,Ceres - GO,22046,520540,2021,GO,5205406.0,236,7275.0,1070.488977592307,32.999183525356074
5205455,Cezarina - GO,8090,520545,2021,GO,5205455.0,93,1770.0,1149.567367119901,21.878862793572313
5205471,Chapadão do Céu - GO,12870,520547,2021,GO,5205471.0,64,3342.0,497.2804972804973,25.967365967365968
5205497,Cidade Ocidental - GO,91767,520549,2021,GO,5205497.0,415,6398.0,452.23228393649134,6.9720051870498105
5205513,Cocalzinho de Goiás - GO,25016,520551,2021,GO,5205513.0,185,971.0,739.5267029101376,3.881515829868884
5205521,Colinas do Sul - GO,4030,520552,2021,GO,5205521.0,28,300.0,694.789081885856,7.444168734491314
5205703,Córrego do Ouro - GO,2454,520570,2021,GO,5205703.0,26,412.0,1059.4947025264873,16.788916055419723
5205802,Corumbá de Goiás - GO,10562,520580,2021,GO,5205802.0,97,778.0,918.386669191441,7.3660291611437225
5205901,Corumbaíba - GO,9164,520590,2021,GO,5205901.0,101,1867.0,1102.1388040157137,20.373199476211262
5206206,Cristalina - GO,62337,520620,2021,GO,5206206.0,374,4536.0,599.9647079583553,7.276577313633957
5206305,Cristianópolis - GO,3504,520630,2021,GO,5206305.0,31,490.0,884.703196347032,13.984018264840184
5206404,Crixás - GO,17065,520640,2021,GO,5206404.0,163,6952.0,955.1714034573689,40.73835335481981
5206503,Cromínia - GO,3883,520650,2021,GO,5206503.0,36,810.0,927.1182075714654,20.86015967035797
5206602,Cumari - GO,2927,520660,2021,GO,5206602.0,36,621.0,1229.9282541851726,21.216262384694225
5206701,Damianópolis - GO,3770,520670,2021,GO,5206701.0,31,223.0,822.2811671087533,5.915119363395226
5206800,Damolândia - GO,2724,520680,2021,GO,5206800.0,23,366.0,844.3465491923641,13.43612334801762
5206909,Davinópolis - GO,1902,520690,2021,GO,5206909.0,28,209.0,1472.1345951629864,10.988433228180861
5207105,Diorama - GO,2062,520710,2021,GO,5207105.0,23,231.0,1115.4219204655674,11.202715809893308
5207253,Doverlândia - GO,6956,520725,2021,GO,5207253.0,68,587.0,977.57331799885,8.438757906843012
5207352,Edealina - GO,4001,520735,2021,GO,5207352.0,40,709.0,999.7500624843789,17.72056985753562
5207402,Edéia - GO,11747,520740,2021,GO,5207402.0,93,3091.0,791.69149570103,26.313101217332086
5207501,Estrela do Norte - GO,3205,520750,2021,GO,5207501.0,37,533.0,1154.4461778471139,16.630265210608425
5207535,Faina - GO,7070,520753,2021,GO,5207535.0,72,495.0,1018.3875530410185,7.001414427157002
5207600,Fazenda Nova - GO,5877,520760,2021,GO,5207600.0,59,905.0,1003.9135613408203,15.399013101922751
5207808,Firminópolis - GO,10419,520780,2021,GO,5207808.0,120,2965.0,1151.742009789807,28.457625491889814
5207907,Flores de Goiás - GO,13744,520790,2021,GO,5207907.0,58,359.0,422.0023282887078,2.612048894062864
5208004,Formosa - GO,115901,520800,2021,GO,5208004.0,864,15110.0,745.4638010025799,13.0369884642928
5208103,Formoso - GO,4660,520810,2021,GO,5208103.0,67,766.0,1437.7682403433478,16.43776824034335
5208152,Gameleira de Goiás - GO,3456,520815,2021,GO,5208152.0,40,253.0,1157.4074074074074,7.320601851851852
5208301,Divinópolis de Goiás - GO,4457,520830,2021,GO,5208301.0,49,472.0,1099.3942113529279,10.590083015481264
5208400,Goianápolis - GO,13967,520840,2021,GO,5208400.0,116,1660.0,830.5291043173194,11.885157872127158
5208509,Goiandira - GO,4973,520850,2021,GO,5208509.0,45,1719.0,904.88638648703,34.56665996380455
5208608,Goianésia - GO,73707,520860,2021,GO,5208608.0,698,22381.0,946.9928229340497,30.364822879780757
5208707,Goiânia - GO,1437366,520870,2021,GO,5208707.0,13642,721975.0,949.0971680142706,50.229030045235525
5208806,Goianira - GO,71916,520880,2021,GO,5208806.0,507,8818.0,704.9891540130152,12.261527337449246
5208905,Goiás - GO,24071,520890,2021,GO,5208905.0,252,5893.0,1046.9029122180216,24.48174151468572
5209101,Goiatuba - GO,35664,520910,2021,GO,5209101.0,374,8260.0,1048.6765365634815,23.160610139075818
5209150,Gouvelândia - GO,4390,520915,2021,GO,5209150.0,54,757.0,1230.0683371298405,17.243735763097952
5209200,Guapó - GO,19545,520920,2021,GO,5209200.0,197,3272.0,1007.9304169864415,16.740854438475314
5209291,Guaraíta - GO,2188,520929,2021,GO,5209291.0,23,204.0,1051.1882998171845,9.323583180987203
5209408,Guarani de Goiás - GO,4085,520940,2021,GO,5209408.0,37,444.0,905.7527539779682,10.869033047735618
5209457,Guarinos - GO,2161,520945,2021,GO,5209457.0,23,292.0,1064.322073114299,13.512262841277186
5209606,Heitoraí - GO,3354,520960,2021,GO,5209606.0,39,392.0,1162.7906976744187,11.68753726893262
5209705,Hidrolândia - GO,27742,520970,2021,GO,5209705.0,229,4610.0,825.4631965972172,16.61740321534136
5209804,Hidrolina - GO,3545,520980,2021,GO,5209804.0,39,637.0,1100.1410437235543,17.968970380818053
5209903,Iaciara - GO,10584,520990,2021,GO,5209903.0,95,1137.0,897.5812547241119,10.742630385487528
5209937,Inaciolândia - GO,5954,520993,2021,GO,5209937.0,66,412.0,1108.498488411152,6.919717836748404
5209952,Indiara - GO,17061,520995,2021,GO,5209952.0,143,1880.0,838.1689232753063,11.019283746556475
5210000,Inhumas - GO,52204,521000,2021,GO,5210000.0,615,11006.0,1178.0706459275152,21.082675657037775
5210109,Ipameri - GO,25548,521010,2021,GO,5210109.0,279,7049.0,1092.062000939408,27.591200876780963
5210158,Ipiranga de Goiás - GO,2919,521015,2021,GO,5210158.0,36,243.0,1233.2990750256936,8.324768756423433
5210208,Iporá - GO,35684,521020,2021,GO,5210208.0,397,10394.0,1112.5434368344356,29.127900459589736
5210307,Israelândia - GO,2560,521030,2021,GO,5210307.0,31,502.0,1210.9375,19.609375
5210406,Itaberaí - GO,44734,521040,2021,GO,5210406.0,362,7202.0,809.2278803594581,16.099611034112755
5210562,Itaguari - GO,4963,521056,2021,GO,5210562.0,66,812.0,1329.8408220834174,16.361071932299012
5210604,Itaguaru - GO,4904,521060,2021,GO,5210604.0,41,725.0,836.0522022838499,14.78384991843393
5210802,Itajá - GO,4380,521080,2021,GO,5210802.0,51,412.0,1164.3835616438357,9.406392694063927
5210901,Itapaci - GO,21087,521090,2021,GO,5210901.0,171,2886.0,810.926163038839,13.68615734812918
5211008,Itapirapuã - GO,8007,521100,2021,GO,5211008.0,73,911.0,911.7022605220432,11.377544648432622
5211206,Itapuranga - GO,26113,521120,2021,GO,5211206.0,323,4309.0,1236.9317964232373,16.501359476123003
5211305,Itarumã - GO,6101,521130,2021,GO,5211305.0,65,258.0,1065.3991148991968,4.22881494836912
5211404,Itauçu - GO,7736,521140,2021,GO,5211404.0,105,1531.0,1357.2905894519133,19.790589451913135
5211503,Itumbiara - GO,107970,521150,2021,GO,5211503.0,1242,32246.0,1150.3195332036676,29.86570343613967
5211602,Ivolândia - GO,2693,521160,2021,GO,5211602.0,33,582.0,1225.3991830672114,21.61158559227627
5211701,Jandaia - GO,6272,521170,2021,GO,5211701.0,59,1750.0,940.6887755102041,27.901785714285715
5211800,Jaraguá - GO,45223,521180,2021,GO,5211800.0,472,5242.0,1043.7166928332927,11.5914468301528
5211909,Jataí - GO,105729,521190,2021,GO,5211909.0,930,28643.0,879.6072979031297,27.090958961117572
5212006,Jaupaci - GO,2924,521200,2021,GO,5212006.0,41,508.0,1402.18878248974,17.373461012311903
5212055,Jesúpolis - GO,2123,521205,2021,GO,5212055.0,23,182.0,1083.3725859632596,8.572774375883183
5212105,Joviânia - GO,7159,521210,2021,GO,5212105.0,84,1534.0,1173.348232993435,21.427573683475345
5212204,Jussara - GO,19620,521220,2021,GO,5212204.0,204,4827.0,1039.755351681957,24.60244648318043
5212253,Lagoa Santa - GO,1390,521225,2021,GO,5212253.0,18,154.0,1294.9640287769785,11.07913669064748
5212303,Leopoldo de Bulhões - GO,8745,521230,2021,GO,5212303.0,70,1231.0,800.4574042309893,14.07661520869068
5212501,Luziânia - GO,209129,521250,2021,GO,5212501.0,1479,19363.0,707.2189892363086,9.258878491266156
5212600,Mairipotaba - GO,2561,521260,2021,GO,5212600.0,18,373.0,702.8504490433425,14.564623194064819
5212709,Mambaí - GO,8124,521270,2021,GO,5212709.0,58,377.0,713.9340226489414,4.640571147218119
5212808,Mara Rosa - GO,10700,521280,2021,GO,5212808.0,100,1781.0,934.5794392523363,16.64485981308411
5212907,Marzagão - GO,2758,521290,2021,GO,5212907.0,29,738.0,1051.4865844815083,26.75852066715011
5212956,Matrinchã - GO,4042,521295,2021,GO,5212956.0,39,675.0,964.8688767936665,16.69965363681346
5213004,Maurilândia - GO,10304,521300,2021,GO,5213004.0,76,4832.0,737.5776397515529,46.8944099378882
5213053,Mimoso de Goiás - GO,2614,521305,2021,GO,5213053.0,12,106.0,459.06656465187456,4.055087987758225
5213087,Minaçu - GO,27075,521308,2021,GO,5213087.0,284,7256.0,1048.938134810711,26.79963065558633
5213103,Mineiros - GO,70081,521310,2021,GO,5213103.0,564,21573.0,804.7830367717355,30.782951156518884
5213400,Moiporá - GO,1685,521340,2021,GO,5213400.0,11,461.0,652.8189910979229,27.359050445103854
5213509,Monte Alegre de Goiás - GO,6692,521350,2021,GO,5213509.0,47,691.0,702.3311416616856,10.325762104004783
5213707,Montes Claros de Goiás - GO,8756,521370,2021,GO,5213707.0,95,767.0,1084.9703060758336,8.759707629054363
5213756,Montividiu - GO,12521,521375,2021,GO,5213756.0,69,2065.0,551.074195351809,16.492292947847616
5213772,Montividiu do Norte - GO,3779,521377,2021,GO,5213772.0,24,232.0,635.0886477904207,6.1391902619740675
5213806,Morrinhos - GO,51351,521380,2021,GO,5213806.0,490,12506.0,954.2170551693249,24.353956106015463
5213855,Morro Agudo de Goiás - GO,2456,521385,2021,GO,5213855.0,27,699.0,1099.3485342019544,28.460912052117266
5213905,Mossâmedes - GO,4654,521390,2021,GO,5213905.0,58,625.0,1246.2397937258272,13.429308122045553
5214002,Mozarlândia - GO,14750,521400,2021,GO,5214002.0,117,1566.0,793.2203389830509,10.616949152542372
5214051,Mundo Novo - GO,6189,521405,2021,GO,5214051.0,64,308.0,1034.0927451930845,4.976571336241719
5214101,Mutunópolis - GO,3564,521410,2021,GO,5214101.0,50,322.0,1402.9180695847363,9.034792368125702
5214408,Nazário - GO,8189,521440,2021,GO,5214408.0,96,2129.0,1172.3043106606424,25.998290389546952
5214507,Nerópolis - GO,31932,521450,2021,GO,5214507.0,307,7706.0,961.4180132782162,24.132531629713142
5214606,Niquelândia - GO,34964,521460,2021,GO,5214606.0,322,6373.0,920.9472600388971,18.227319528658047
5214705,Nova América - GO,2337,521470,2021,GO,5214705.0,24,533.0,1026.9576379974326,22.807017543859647
5214804,Nova Aurora - GO,2101,521480,2021,GO,5214804.0,26,542.0,1237.5059495478342,25.797239409804856
5214838,Nova Crixás - GO,12815,521483,2021,GO,5214838.0,92,1483.0,717.9087007413187,11.572376121732345
5214861,Nova Glória - GO,8310,521486,2021,GO,5214861.0,103,1330.0,1239.4705174488568,16.004813477737663
5214879,Nova Iguaçu de Goiás - GO,3010,521487,2021,GO,5214879.0,33,564.0,1096.345514950166,18.737541528239202
5214903,Nova Roma - GO,3076,521490,2021,GO,5214903.0,18,257.0,585.1755526657997,8.355006501950585
5215009,Nova Veneza - GO,9481,521500,2021,GO,5215009.0,93,2027.0,980.9091867946419,21.379601307878914
5215207,Novo Brasil - GO,3527,521520,2021,GO,5215207.0,45,667.0,1275.8718457612702,18.911256024950383
5215231,Novo Gama - GO,103804,521523,2021,GO,5215231.0,569,6167.0,548.1484335863743,5.941004200223498
5215256,Novo Planalto - GO,3716,521525,2021,GO,5215256.0,35,430.0,941.8729817007535,11.571582346609258
5215306,Orizona - GO,16399,521530,2021,GO,5215306.0,133,3729.0,811.0250625038112,22.739191414110614
5215405,Ouro Verde de Goiás - GO,4057,521540,2021,GO,5215405.0,44,508.0,1084.5452304658616,12.521567660833128
5215504,Ouvidor - GO,7200,521550,2021,GO,5215504.0,65,2115.0,902.7777777777777,29.375
5215603,Padre Bernardo - GO,34967,521560,2021,GO,5215603.0,235,1384.0,672.0622301026683,3.9580175594131606
5215652,Palestina de Goiás - GO,3132,521565,2021,GO,5215652.0,17,245.0,542.7841634738187,7.822477650063857
5215702,Palmeiras de Goiás - GO,31858,521570,2021,GO,5215702.0,255,6912.0,800.4268943436499,21.696277230209052
5215801,Palmelo - GO,2259,521580,2021,GO,5215801.0,38,473.0,1682.1602478972998,20.938468348826913
5215900,Palminópolis - GO,3851,521590,2021,GO,5215900.0,37,1086.0,960.7894053492599,28.200467411062064
5216007,Panamá - GO,2455,521600,2021,GO,5216007.0,26,421.0,1059.0631364562119,17.14867617107943
5216304,Paranaiguara - GO,7607,521630,2021,GO,5216304.0,114,713.0,1498.6196923885896,9.372945970816353
5216403,Paraúna - GO,10659,521640,2021,GO,5216403.0,118,2180.0,1107.0456890890327,20.452200018763484
5216452,Perolândia - GO,2964,521645,2021,GO,5216452.0,35,1521.0,1180.8367071524967,51.31578947368421
5216809,Petrolina de Goiás - GO,9573,521680,2021,GO,5216809.0,119,1732.0,1243.0794944113654,18.092551969079704
5216908,Pilar de Goiás - GO,2328,521690,2021,GO,5216908.0,29,319.0,1245.704467353952,13.702749140893472
5217104,Piracanjuba - GO,24883,521710,2021,GO,5217104.0,287,4097.0,1153.3979021822126,16.465056464252704
5217203,Piranhas - GO,11712,521720,2021,GO,5217203.0,154,2521.0,1314.8907103825138,21.52493169398907
5217302,Pirenópolis - GO,26690,521730,2021,GO,5217302.0,220,2608.0,824.2787560884226,9.771449981266391
5217401,Pires do Rio - GO,32373,521740,2021,GO,5217401.0,345,10268.0,1065.7029005652857,31.717789515954653
5217609,Planaltina - GO,105031,521760,2021,GO,5217609.0,637,5310.0,606.4876084203711,5.055650236596814
5217708,Pontalina - GO,18309,521770,2021,GO,5217708.0,190,2418.0,1037.7410016931565,13.206619695231852
5218003,Porangatu - GO,44317,521800,2021,GO,5218003.0,459,9201.0,1035.719926890358,20.761784416815217
5218052,Porteirão - GO,4070,521805,2021,GO,5218052.0,33,938.0,810.8108108108108,23.046683046683047
5218102,Portelândia - GO,3280,521810,2021,GO,5218102.0,38,530.0,1158.5365853658536,16.158536585365855
5218300,Posse - GO,34914,521830,2021,GO,5218300.0,269,4927.0,770.4645700864983,14.111817608982069
5218391,Professor Jamil - GO,3649,521839,2021,GO,5218391.0,35,668.0,959.1668950397369,18.30638531104412
5218508,Quirinópolis - GO,48447,521850,2021,GO,5218508.0,506,22131.0,1044.4403162218507,45.68084711127624
5218607,Rialma - GO,12165,521860,2021,GO,5218607.0,133,2774.0,1093.3004521167284,22.803123715577474
5218706,Rianápolis - GO,3980,521870,2021,GO,5218706.0,48,1089.0,1206.0301507537688,27.36180904522613
5218789,Rio Quente - GO,3864,521878,2021,GO,5218789.0,28,1084.0,724.6376811594203,28.05383022774327
5218805,Rio Verde - GO,225696,521880,2021,GO,5218805.0,1531,80735.0,678.3460938607684,35.77156883595633
5218904,Rubiataba - GO,19788,521890,2021,GO,5218904.0,239,4264.0,1207.802708712351,21.548413179704873
5219001,Sanclerlândia - GO,7918,521900,2021,GO,5219001.0,82,1607.0,1035.615054306643,20.295529174033845
5219100,Santa Bárbara de Goiás - GO,6149,521910,2021,GO,5219100.0,47,699.0,764.3519271426248,11.367702065376484
5219209,Santa Cruz de Goiás - GO,3002,521920,2021,GO,5219209.0,30,402.0,999.3337774816789,13.391072618254496
5219258,Santa Fé de Goiás - GO,4951,521925,2021,GO,5219258.0,60,377.0,1211.8763886083618,7.614623308422541
5219308,Santa Helena de Goiás - GO,38492,521930,2021,GO,5219308.0,430,8948.0,1117.115244726177,23.24638886002286
5219357,Santa Isabel - GO,3538,521935,2021,GO,5219357.0,38,1092.0,1074.0531373657434,30.864895421141885
5219407,Santa Rita do Araguaia - GO,5924,521940,2021,GO,5219407.0,44,1355.0,742.7413909520594,22.87305874409183
5219456,Santa Rita do Novo Destino - GO,2689,521945,2021,GO,5219456.0,23,334.0,855.3365563406471,12.42097433990331
5219506,Santa Rosa de Goiás - GO,2820,521950,2021,GO,5219506.0,45,454.0,1595.7446808510638,16.099290780141846
5219605,Santa Tereza de Goiás - GO,3293,521960,2021,GO,5219605.0,36,580.0,1093.2280595201944,17.61311873671424
5219704,Santa Terezinha de Goiás - GO,10645,521970,2021,GO,5219704.0,111,337.0,1042.7430718647252,3.1658055425082194
5219712,Santo Antônio da Barra - GO,4267,521971,2021,GO,5219712.0,29,418.0,679.6344035622217,9.796109678931334
5219738,Santo Antônio de Goiás - GO,7386,521973,2021,GO,5219738.0,83,1424.0,1123.747630652586,19.279718386135933
5219753,Santo Antônio do Descoberto - GO,72127,521975,2021,GO,5219753.0,475,3473.0,658.5605945069115,4.815117778363165
5219803,São Domingos - GO,9711,521980,2021,GO,5219803.0,64,777.0,659.0464421789723,8.001235712079085
5219902,São Francisco de Goiás - GO,6378,521990,2021,GO,5219902.0,54,516.0,846.6603951081843,8.090310442144872
5220009,São João d'Aliança - GO,14041,522000,2021,GO,5220009.0,62,515.0,441.56399116872024,3.6678299266434014
5220058,São João da Paraúna - GO,1774,522005,2021,GO,5220058.0,21,343.0,1183.7655016910935,19.334836527621196
5220108,São Luís de Montes Belos - GO,33852,522010,2021,GO,5220108.0,385,8713.0,1137.3035566583953,25.738508803024935
5220157,São Luiz do Norte - GO,4837,522015,2021,GO,5220157.0,55,684.0,1137.0684308455654,14.14099648542485
5220207,São Miguel do Araguaia - GO,21900,522020,2021,GO,5220207.0,229,3740.0,1045.662100456621,17.077625570776256
5220264,São Miguel do Passa Quatro - GO,4464,522026,2021,GO,5220264.0,92,535.0,2060.9318996415773,11.984767025089607
5220280,São Patrício - GO,2143,522028,2021,GO,5220280.0,23,542.0,1073.26178254783,25.29164722351843
5220405,São Simão - GO,17020,522040,2021,GO,5220405.0,184,2464.0,1081.081081081081,14.477085781433608
5220454,Senador Canedo - GO,155635,522045,2021,GO,5220454.0,1018,22960.0,654.0945160150352,14.752465705014938
5220504,Serranópolis - GO,8027,522050,2021,GO,5220504.0,81,1115.0,1009.0943067148373,13.890619160333873
5220603,Silvânia - GO,22245,522060,2021,GO,5220603.0,191,4304.0,858.6199145875478,19.348168127669137
5220686,Simolândia - GO,5742,522068,2021,GO,5220686.0,58,361.0,1010.1010101010102,6.287008011145942
5220702,Sítio d'Abadia - GO,2927,522070,2021,GO,5220702.0,7,104.0,239.15271609156133,3.5531260676460543
5221007,Taquaral de Goiás - GO,4026,522100,2021,GO,5221007.0,45,541.0,1117.7347242921014,13.43765524093393
5221080,Teresina de Goiás - GO,2701,522108,2021,GO,5221080.0,21,158.0,777.489818585709,5.849685301740096
5221197,Terezópolis de Goiás - GO,7944,522119,2021,GO,5221197.0,73,1052.0,918.932527693857,13.24269889224572
5221304,Três Ranchos - GO,2921,522130,2021,GO,5221304.0,42,471.0,1437.863745292708,16.12461485792537
5221403,Trindade - GO,142431,522140,2021,GO,5221403.0,1245,26468.0,874.107462560819,18.583033187999803
5221452,Trombas - GO,3120,522145,2021,GO,5221452.0,32,531.0,1025.6410256410256,17.01923076923077
5221502,Turvânia - GO,4480,522150,2021,GO,5221502.0,52,996.0,1160.7142857142858,22.232142857142854
5221551,Turvelândia - GO,4985,522155,2021,GO,5221551.0,26,931.0,521.5646940822468,18.676028084252756
5221577,Uirapuru - GO,2798,522157,2021,GO,5221577.0,29,549.0,1036.4546104360256,19.621157969978555
5221601,Uruaçu - GO,42546,522160,2021,GO,5221601.0,392,8502.0,921.3557091148404,19.983077140036666
5221700,Uruana - GO,13729,522170,2021,GO,5221700.0,146,3038.0,1063.4423483137882,22.128341466967733
5221809,Urutaí - GO,3553,522180,2021,GO,5221809.0,22,1253.0,619.1950464396285,35.26597241767521
5221858,Valparaíso de Goiás - GO,198861,522185,2021,GO,5221858.0,946,23144.0,475.7091636871986,11.638280004626347
5221908,Varjão - GO,3716,522190,2021,GO,5221908.0,41,776.0,1103.3369214208826,20.882669537136707
5222005,Vianópolis - GO,14956,522200,2021,GO,5222005.0,133,2959.0,889.2752072746724,19.784701791922974
5222054,Vicentinópolis - GO,8768,522205,2021,GO,5222054.0,82,2177.0,935.2189781021899,24.828923357664234
5222203,Vila Boa - GO,4215,522220,2021,GO,5222203.0,23,108.0,545.6702253855278,2.5622775800711746
5222302,Vila Propício - GO,5815,522230,2021,GO,5222302.0,48,375.0,825.4514187446259,6.44883920894239
5300108,Brasília - DF,2817381,530010,2021,DF,5300108.0,19079,933958.0,677.1892051518769,33.14986506972256
