ano,sigla_uf,id_municipio_residencia,total_obitos
2021,TO,1702208,249
2021,TO,1701051,29
2021,TO,1708205,151
2021,TO,1702554,139
2021,TO,1709500,751
2021,TO,1718501,24
2021,TO,1718808,34
2021,TO,1702901,99
2021,TO,1716505,101
2021,TO,1721109,46
2021,TO,1702000,60
2021,TO,1720101,36
2021,TO,1722081,94
2021,TO,1713957,30
2021,TO,1720903,131
2021,TO,1720499,42
2021,TO,1709302,222
2021,TO,1718659,21
2021,TO,1718550,33
2021,SP,3518800,11956
2021,SP,3548500,5720
2021,SP,3535200,119
2021,SP,3545209,1191
2021,SP,3510609,2994
2021,SP,3553104,67
2021,SP,3516507,33
2021,SP,3539301,832
2021,SP,3539103,132
2021,SP,3531100,746
2021,SP,3506607,299
2021,SP,3523701,46
2021,SP,3511102,1363
2021,SP,3523305,144
2021,SP,3500808,61
2021,SP,3516309,1252
2021,SP,3504107,1658
2021,SP,3552007,69
2021,SP,3523909,1629
2021,SP,3510005,443
2021,SP,3549805,5337
2021,SP,3525102,426
2021,SP,3542701,52
2021,SP,3533601,71
2021,SP,3548807,2000
2021,SP,3514908,169
2021,SP,3530607,4122
2021,SP,3502804,2422
2021,SP,3509007,826
2021,SP,3513009,2105
2021,SP,3554003,1326
2021,SP,3541000,3658
2021,SP,3537008,161
2021,SP,3524709,537
2021,SP,3504404,130
2021,SP,3539509,410
2021,SP,3517604,220
2021,SP,3502200,265
2021,SP,3536406,90
2021,SP,3556701,668
2021,SP,3547502,312
2021,SP,3525300,1556
2021,SP,3544608,80
2021,SP,3523008,57
2021,SP,3541604,420
2021,SP,3507308,51
2021,SP,3506003,3803
2021,SP,3550001,151
2021,SP,3504602,220
2021,SP,3545704,102
2021,SP,3527207,868
2021,SP,3524907,45
2021,SP,3543303,1063
2021,SP,3519501,94
2021,SP,3553807,298
2021,SP,3551108,107
2021,SP,3535705,76
2021,SP,3510104,29
2021,SP,3535309,299
2021,SP,3525854,27
2021,SP,3502705,289
2021,SP,3512704,29
2021,SP,3532504,123
2021,SP,3513108,348
2021,SP,3555406,676
2021,SP,3510401,536
2021,SP,3523404,1125
2021,SP,3538501,191
2021,SP,3503505,45
2021,SP,3534906,132
2021,SP,3505807,251
2021,SP,3553856,63
2021,SP,3555604,133
2021,SP,3546900,77
2021,SP,3545803,1901
2021,SP,3546603,415
2021,SP,3543204,58
2021,SP,3525706,389
2021,SP,3504206,180
2021,SP,3535002,130
2021,SP,3533908,639
2021,SP,3542602,571
2021,SP,3500501,241
2021,SP,3556800,240
2021,SP,3548906,2486
2021,SP,3549953,141
2021,SP,3526704,1033
2021,SP,3538808,314
2021,SP,3525508,147
2021,SP,3556305,229
2021,SP,3507704,67
2021,SP,3510203,540
2021,SP,3506359,516
2021,SP,3556404,451
2021,SP,3551603,346
2021,SP,3500204,51
2021,SP,3550407,439
2021,SP,3511706,151
2021,SP,3510708,189
2021,SP,3520905,171
2021,SP,3505351,58
2021,SP,3537206,84
2021,SP,3542206,322
2021,SP,3556354,99
2021,SP,3550902,168
2021,SP,3531902,281
2021,SP,3501004,187
2021,SP,3533809,33
2021,SP,3553005,128
2021,SP,3537404,325
2021,SP,3527405,240
2021,SP,3515194,39
2021,SP,3500303,393
2021,SP,3502507,419
2021,SP,3533502,494
2021,SP,3524204,77
2021,SP,3553658,37
2021,SP,3505104,60
2021,SP,3513900,162
2021,TO,1705508,339
2021,TO,1703826,15
2021,TO,1714302,42
2021,TO,1703008,54
2021,TO,1706506,42
2021,SP,3514304,101
2021,SP,3525409,28
2021,SP,3526803,583
2021,SP,3503604,87
2021,SP,3547700,250
2021,TO,1716109,432
2021,TO,1706100,75
2021,TO,1711506,27
2021,TO,1715754,81
2021,TO,1720978,13
2021,TO,1705102,26
2021,TO,1703701,48
2021,SP,3538907,315
2021,SP,3505302,407
2021,SP,3519105,112
2021,SP,3515350,71
2021,TO,1702307,48
2021,SP,3516853,47
2021,SP,3543709,112
2021,SP,3530201,194
2021,TO,1718402,35
2021,TO,1715507,11
2021,TO,1721257,5
2021,SP,3552601,160
2021,SP,3552106,447
2021,SP,3545407,123
2021,SP,3501806,82
2021,SP,3536802,63
2021,SP,3549300,24
2021,SP,3518859,81
2021,SP,3539608,46
2021,SP,3556909,84
2021,SP,3542404,217
2021,SP,3514957,39
2021,SP,3527801,49
2021,SP,3548401,44
2021,SP,3548609,109
2021,SP,3501202,45
2021,SP,3517307,68
2021,SP,3500550,63
2021,SP,3503000,61
2021,SP,3547007,36
2021,SP,3533106,27
2021,SP,3555307,26
2021,SP,3534500,26
2021,SP,3535903,53
2021,SP,3528304,41
2021,SP,3526308,64
2021,SP,3509304,84
2021,SP,3525805,53
2021,SP,3502002,47
2021,SP,3514924,27
2021,SP,3536109,77
2021,SP,3529104,14
2021,SP,3547205,22
2021,SP,3541109,37
2021,SP,3553906,70
2021,SP,3551207,55
2021,SP,3515905,42
2021,SP,3555703,23
2021,SP,3556008,152
2021,SP,3537156,29
2021,TO,1720853,12
2021,TO,1711100,13
2021,SP,3532900,114
2021,TO,1718899,12
2021,SE,2801009,161
2021,SE,2802106,540
2021,SE,2806701,555
2021,SE,2801306,286
2021,SE,2803005,313
2021,SE,2801405,159
2021,SE,2800670,202
2021,SE,2804706,54
2021,SE,2803401,122
2021,SE,2802700,75
2021,SE,2802809,99
2021,RS,4318903,441
2021,RS,4311403,706
2021,SC,4204608,1663
2021,RS,4320008,1388
2021,RS,4306767,376
2021,SC,4207106,106
2021,SC,4210100,541
2021,SC,4204350,38
2021,SC,4202131,61
2021,RS,4317103,893
2021,RS,4322509,804
2021,RS,4301008,220
2021,RS,4307450,51
2021,SC,4202073,139
2021,RS,4301305,235
2021,SE,2804805,1212
2021,SC,4211058,98
2021,RS,4307807,317
2021,RS,4300505,80
2021,SC,4208203,1777
2021,RS,4322400,1396
2021,RS,4306205,132
2021,RS,4320206,135
2021,SC,4203006,744
2021,RS,4315701,454
2021,RS,4315750,47
2021,RS,4315800,125
2021,SC,4201307,273
2021,SC,4215802,685
2021,RS,4306908,334
2021,RS,4320800,352
2021,SC,4204152,32
2021,RS,4312401,640
2021,RS,4300638,64
2021,RS,4316907,2936
2021,RS,4317509,874
2021,SC,4201703,62
2021,SC,,26
2021,RS,4310603,397
2021,RS,4317954,22
2021,RS,4307401,32
2021,SC,4219358,58
2021,RS,4301206,122
2021,RS,4313037,51
2021,RS,4313706,358
2021,RS,4309902,76
2021,SC,4202206,103
2021,RS,4302501,56
2021,SC,4202909,951
2021,RS,4322202,227
2021,RS,4314050,543
2021,RS,4301107,129
2021,SC,4214508,54
2021,RS,4306403,235
2021,SC,4212106,187
2021,SC,4205506,358
2021,SC,4211504,106
2021,RS,4303905,644
2021,RS,4319307,59
2021,RS,4300703,70
2021,SC,4218806,108
2021,SC,4212254,75
2021,RS,4314753,25
2021,RS,4318804,491
2021,RS,4314506,176
2021,SC,4217501,142
2021,RS,4318465,25
2021,RS,4321469,31
2021,RS,4321808,266
2021,RS,4315313,24
2021,RS,4307054,28
2021,SC,4214706,110
2021,RS,4317608,512
2021,RS,4302378,30
2021,RS,4321352,71
2021,RS,4312179,24
2021,RS,4315354,66
2021,RS,4302352,116
2021,RS,4311809,326
2021,RS,4309050,85
2021,RS,4309100,337
2021,RS,4306973,27
2021,SC,4219507,468
2021,RS,4318424,21
2021,RS,4308458,52
2021,RS,4309753,37
2021,RS,4304408,452
2021,RS,4305801,116
2021,RS,4304002,73
2021,RS,4301701,66
2021,SC,4219705,280
2021,RS,4312153,54
2021,SC,4208708,106
2021,RS,4306320,40
2021,RS,4308508,280
2021,SC,4207007,421
2021,RS,4315958,22
2021,RS,4305405,58
2021,SC,4200705,77
2021,RS,4317558,14
2021,SC,4205456,185
2021,SC,4204806,532
2021,RS,4310330,312
2021,RS,4316105,97
2021,RS,4310108,355
2021,RS,4307104,70
2021,SC,4211306,651
2021,RS,4311775,94
2021,RS,4319000,225
2021,RS,4313466,24
2021,RS,4314159,88
2021,RS,4314175,18
2021,RS,4315107,137
2021,SC,4206504,303
2021,RS,4308805,93
2021,RS,4311429,37
2021,RS,4302204,61
2021,RS,4322152,50
2021,RS,4316436,41
2021,RS,4314704,118
2021,SE,2802007,40
2021,SC,4216909,130
2021,SC,4209805,30
2021,SC,4216305,217
2021,SC,4200606,56
2021,RS,4319505,213
2021,SC,4211207,136
2021,RS,4315503,188
2021,RS,4300570,21
2021,RS,4310504,87
2021,RS,4307864,21
2021,RS,4315149,23
2021,RS,4305132,54
2021,SC,4218707,1069
2021,RS,4302055,21
2021,RS,4304358,73
2021,RS,4323507,34
2021,RS,4320321,23
2021,RS,4313300,197
2021,RS,4313391,43
2021,RS,4313011,30
2021,RS,4311502,90
2021,RS,4320651,33
2021,RS,4306379,32
2021,RS,4310462,27
2021,RS,4300554,13
2021,RS,4318051,30
2021,RS,4312674,16
2021,RS,4306429,18
2021,RS,4300661,9
2021,RS,4314787,12
2021,RS,4322301,112
2021,RS,4309001,159
2021,RS,4300208,78
2021,RS,4322343,27
2021,RS,4318499,17
2021,RS,4306759,24
2021,RS,4309555,53
2021,RS,4302253,30
2021,RS,4323754,52
2021,SC,4218509,41
2021,SC,4208005,68
2021,SC,4213500,210
2021,SC,4207809,91
2021,SC,4203907,183
2021,SC,4213104,50
2021,SC,4201653,17
2021,SC,4214003,134
2021,SC,4200309,34
2021,SC,4215679,50
2021,SC,4212270,39
2021,SC,4219101,30
2021,SE,2807303,32
2021,SC,4202057,147
2021,SE,2803302,127
2021,SE,2805208,48
2021,SE,2801504,109
2021,SC,4207908,96
2021,SC,4203303,131
2021,SC,4206207,139
2021,SC,4218400,61
2021,SC,4218954,26
2021,SC,4203253,21
2021,SC,4207502,495
2021,SC,4206652,52
2021,SC,4202156,26
2021,SC,4205357,24
2021,SC,4201109,27
2021,SC,4205159,33
2021,SC,4207403,53
2021,SC,4202453,160
2021,RS,4310652,31
2021,SC,4202875,26
2021,SC,4204905,90
2021,SC,4205605,33
2021,RS,4310413,18
2021,SC,4216057,65
2021,RS,4304853,13
2021,SC,4218855,27
2021,SC,4217956,20
2021,SC,4210050,15
2021,RS,4306734,60
2021,RS,4300455,44
2021,SC,4215752,15
2021,SC,4210704,18
2021,RS,4310439,59
2021,RS,4322905,55
2021,RS,4321634,27
2021,RS,4303707,67
2021,SC,4207577,31
2021,SC,4215356,26
2021,RS,4311239,25
2021,SC,4211652,4
2021,PR,4121505,170
2021,PR,4120903,286
2021,PR,4128401,149
2021,PR,4108452,45
2021,PR,4121802,106
2021,PR,,88
2021,PR,4105409,189
2021,PR,4111258,257
2021,PR,4124053,230
2021,PR,4107652,1038
2021,PR,4127205,173
2021,PR,4127502,216
2021,PR,4105805,2063
2021,PR,4120853,30
2021,PR,4114104,260
2021,PR,4104808,2704
2021,PR,4118105,100
2021,PR,4106902,17676
2021,PR,4105706,204
2021,PR,4109401,1798
2021,PR,4111407,108
2021,PR,4121703,277
2021,PR,4124020,109
2021,PR,4104006,460
2021,PR,4119202,83
2021,PR,4116901,266
2021,PR,4124905,67
2021,PR,4104501,193
2021,PR,4115705,438
2021,PR,4114807,390
2021,PR,4104600,144
2021,PR,4127908,96
2021,PR,4127700,1248
2021,PR,4109302,148
2021,PR,4101051,38
2021,PR,4101200,209
2021,PR,4128609,87
2021,PR,4116208,192
2021,PR,4120705,108
2021,PR,4112900,38
2021,PR,4113403,29
2021,PR,4116307,41
2021,PR,4123857,102
2021,PR,4126009,88
2021,PR,4128658,38
2021,PR,4111555,61
2021,PR,4112751,104
2021,PR,4120804,233
2021,PR,4126504,196
2021,PR,4104105,94
2021,PR,4112959,102
2021,PR,4102505,132
2021,PR,4101705,156
2021,PR,4122503,119
2021,PR,4115606,162
2021,PR,4106852,23
2021,PR,4106571,37
2021,PR,4126652,42
2021,PR,4112405,98
2021,PR,4101002,170
2021,PR,4117297,27
2021,PR,4117008,96
2021,PR,4125753,69
2021,PR,4126207,69
2021,PR,4126355,58
2021,PR,4110003,63
2021,PR,4100509,226
2021,PR,4109500,61
2021,PR,4113304,380
2021,PR,4123824,41
2021,PR,4118451,68
2021,PR,4105300,109
2021,PR,4104428,122
2021,PR,4103958,41
2021,PR,4115457,44
2021,PR,4108908,67
2021,PR,4118006,134
2021,PR,4108650,56
2021,PR,4124608,83
2021,PR,4125308,60
2021,PR,4107546,50
2021,PR,4117206,68
2021,PR,4120358,33
2021,PR,4110656,32
2021,PR,4116000,30
2021,RR,1400159,89
2021,RR,1400100,2896
2021,RR,1400209,185
2021,RO,1101559,26
2021,RR,1400175,110
2021,RN,2400802,117
2021,RN,2403608,277
2021,RN,2402808,31
2021,RO,1100015,195
2021,RN,2414159,56
2021,RN,2402303,220
2021,RN,2402006,586
2021,RO,1101435,54
2021,RN,2414407,199
2021,RR,1400704,99
2021,RN,2412302,111
2021,RN,2404309,108
2021,RN,2401305,81
2021,RR,1400282,61
2021,RO,1101450,24
2021,RO,1101708,106
2021,RN,2414001,98
2021,RN,2414605,76
2021,RN,2407252,36
2021,RN,2408201,212
2021,RN,2401404,50
2021,RN,2415008,23
2021,RN,2403301,64
2021,RO,1100080,101
2021,RN,2411908,35
2021,RN,2401008,312
2021,RO,,14
2021,RN,2405900,20
2021,RO,1100809,198
2021,RN,2403400,48
2021,RO,1100338,192
2021,RN,2404853,44
2021,RN,2409704,33
2021,RN,2404408,95
2021,RN,2413409,79
2021,RN,2408706,39
2021,RJ,3302858,2000
2021,RJ,3300100,1375
2021,RJ,3301207,224
2021,RJ,3300456,4927
2021,RJ,3302601,550
2021,RJ,3303807,383
2021,RJ,3305406,214
2021,RJ,3304524,1331
2021,RJ,3302809,262
2021,RO,1100452,262
2021,RN,2405306,49
2021,RJ,3305703,165
2021,RO,1100908,25
2021,RJ,3300258,370
2021,RJ,3305307,100
2021,RJ,3303856,362
2021,RJ,3303005,366
2021,RJ,3304300,650
2021,RJ,3305604,243
2021,RN,2407401,108
2021,RN,2407005,84
2021,RN,2400505,136
2021,RN,2412906,100
2021,RN,2410405,70
2021,RN,2413102,48
2021,RN,2411403,96
2021,RN,2410702,30
2021,RN,2400901,53
2021,RN,2408904,171
2021,RN,2407609,37
2021,RR,1400506,43
2021,RN,2405603,112
2021,RN,2402105,64
2021,RJ,3306156,81
2021,PI,2203206,70
2021,PB,2506608,58
2021,PB,2506301,503
2021,PB,2515302,451
2021,PB,2504306,245
2021,PI,2207702,1474
2021,PB,2513901,252
2021,PB,2503407,20
2021,PB,2516706,123
2021,PI,2206357,37
2021,PB,2510709,20
2021,PI,,69
2021,PB,2508604,104
2021,PB,2507200,90
2021,PB,2514701,37
2021,PI,2209906,60
2021,PB,2506806,147
2021,PI,2205805,228
2021,PI,2202802,40
2021,PB,2504603,193
2021,PB,2507903,96
2021,PB,2512903,228
2021,PB,2513109,90
2021,PB,2512754,32
2021,PI,2206720,87
2021,PB,2514602,42
2021,PI,2206209,211
2021,PB,2501906,194
2021,PB,2512408,94
2021,PI,2207009,335
2021,PI,2210607,250
2021,PB,2516904,128
2021,PI,2202505,68
2021,PI,2204303,86
2021,PB,2507408,71
2021,PB,2508109,25
2021,PB,2510204,54
2021,PI,2203107,53
2021,PB,2511509,93
2021,PI,2200400,373
2021,PB,2509503,42
2021,PB,2500700,145
2021,PI,2204006,55
2021,PI,2202109,41
2021,PB,2506400,100
2021,PB,2504850,14
2021,PI,2205706,253
2021,PI,2200509,164
2021,PI,2210953,34
2021,PI,2201606,95
2021,PB,2505709,103
2021,PI,2201945,63
2021,PI,2208700,61
2021,PB,2507705,142
2021,PB,2515971,52
2021,PB,2512747,30
2021,PB,2504405,147
2021,PI,2205102,104
2021,PI,2209005,68
2021,PI,2206704,70
2021,PB,2512705,174
2021,PB,2515708,21
2021,PB,2515930,46
2021,PB,2511707,54
2021,PI,2209450,15
2021,PI,2206951,28
2021,PB,2509602,48
2021,PI,2202075,32
2021,PB,2504504,72
2021,PI,2209104,44
2021,PI,2210938,62
2021,PB,2511004,27
2021,PI,2202059,74
2021,PI,2208650,53
2021,PB,2512721,30
2021,PI,2205565,35
2021,PI,2202703,198
2021,PB,2508554,29
2021,PI,2209351,30
2021,PB,2504157,67
2021,PI,2203008,40
2021,PI,2210631,35
2021,PB,2510303,23
2021,PI,2208908,38
2021,PB,2506004,300
2021,PA,1500131,62
2021,PE,2607802,156
2021,PB,2501609,91
2021,PI,2200459,38
2021,PA,1506807,2417
2021,PE,2607901,5424
2021,PE,2608800,427
2021,PE,2605905,177
2021,PA,1500305,105
2021,PA,1507300,333
2021,PA,1503309,311
2021,PI,2202406,93
2021,PA,1504000,105
2021,PA,1502905,234
2021,PE,2602407,88
2021,PA,1500503,149
2021,PA,1506187,301
2021,PA,1506138,764
2021,PA,1502400,1411
2021,PA,1504976,89
2021,PA,1505064,343
2021,PA,1500701,101
2021,PA,1506583,109
2021,PA,1504802,440
2021,PA,1504703,317
2021,PE,2603926,61
2021,PA,1502152,308
2021,PA,1508209,317
2021,PE,2615805,150
2021,PE,2609600,3442
2021,PA,1502509,33
2021,PA,1505700,115
2021,PE,2615300,502
2021,PA,1508001,359
2021,PE,2616183,66
2021,PA,1501006,66
2021,PA,1501204,151
2021,PA,1505809,262
2021,PE,2603207,223
2021,PE,2604205,309
2021,PA,1501105,71
2021,PE,2610202,218
2021,PE,2613602,316
2021,PA,1500909,232
2021,PA,1507607,324
2021,PA,1507904,169
2021,PA,1507961,83
2021,PE,2601102,649
2021,PA,1507979,101
2021,PE,2612554,92
2021,PA,1503101,102
2021,PE,2603405,57
2021,PA,1502301,297
2021,PE,2602902,1790
2021,PA,1503200,283
2021,PE,2601706,750
2021,PA,1500958,118
2021,PE,2608057,109
2021,PE,2610608,479
2021,PE,2601508,92
2021,PE,2600302,257
2021,PE,2609709,214
2021,PB,2509701,315
2021,PE,2615508,123
2021,PE,2611309,220
2021,PE,2606606,176
2021,PE,2603504,150
2021,PE,2611507,141
2021,PE,2611408,81
2021,PB,2501534,40
2021,PA,1505007,84
2021,PB,2504702,72
2021,PI,2201903,163
2021,PI,2205250,31
2021,PI,2208551,23
2021,PI,2200103,46
2021,PI,2210409,133
2021,PI,2208601,36
2021,PE,2615706,158
2021,PI,2210904,27
2021,PI,2205607,60
2021,PI,2209807,36
2021,PI,2202251,29
2021,PI,2203800,42
2021,PB,2504074,32
2021,PE,2605152,103
2021,PB,2515906,60
2021,PB,2502201,24
2021,PE,2614402,37
2021,PE,2615102,53
2021,PI,2204204,56
2021,PI,2203750,33
2021,PB,2505006,58
2021,PB,2513943,11
2021,PB,2515401,58
2021,PB,2504108,16
2021,PE,2607406,35
2021,PB,2514651,6
2021,PE,2605459,9
2021,MT,5108402,2670
2021,MT,5106752,471
2021,MT,5100300,136
2021,MT,5107859,63
2021,MT,5108600,137
2021,MT,5100250,434
2021,MS,5002407,260
2021,MT,5103304,156
2021,MT,,15
2021,MT,5100508,67
2021,MT,5106109,120
2021,MS,5002100,174
2021,MT,5106232,161
2021,MT,5105176,70
2021,MS,5003751,112
2021,MT,5107602,1799
2021,MS,5005681,193
2021,MT,5104526,44
2021,MS,5006606,929
2021,MT,5106455,34
2021,MT,5107768,16
2021,MT,5106000,56
2021,MT,5106257,188
2021,MS,5007901,387
2021,MT,5105622,268
2021,MT,5107883,12
2021,MT,5106281,42
2021,MT,5103957,42
2021,MS,5007703,102
2021,MS,5004106,123
2021,MS,5000708,254
2021,MS,5001904,215
2021,MT,5106422,275
2021,MT,5105580,116
2021,MT,5107800,163
2021,MT,5103858,49
2021,MT,5108956,73
2021,MT,5105507,96
2021,MS,5005004,246
2021,MT,5106372,141
2021,MS,5004403,50
2021,MS,5005202,157
2021,MT,5108303,37
2021,MG,3164704,759
2021,MG,3147709,101
2021,MG,3143104,486
2021,MG,3135803,226
2021,MG,3115300,858
2021,MG,3140704,307
2021,MG,3106200,21607
2021,MG,3143302,3061
2021,MG,3106705,3266
2021,MG,3148103,772
2021,MG,3140100,51
2021,MG,3101508,468
2021,MG,3125101,400
2021,MG,3163706,540
2021,MG,3138682,58
2021,MG,,179
2021,MG,3147006,722
2021,MG,3158201,101
2021,MG,3158508,72
2021,MG,3146503,84
2021,MG,3132503,216
2021,MG,3100906,204
2021,MG,3165560,26
2021,MG,3131000,78
2021,MG,3144805,731
2021,MG,3113404,855
2021,MG,3125952,97
2021,MG,3156601,122
2021,MG,3154002,253
2021,MG,3133303,221
2021,MG,3164209,58
2021,MG,3108602,290
2021,MG,3132305,95
2021,MG,3122108,57
2021,MG,3108206,47
2021,MG,3162500,979
2021,MG,3121605,405
2021,MG,3114550,100
2021,MG,3100500,103
2021,MG,3147303,208
2021,MG,3166907,104
2021,MG,3107307,398
2021,MG,3124104,565
2021,MG,3106309,222
2021,MG,3145356,94
2021,MG,3108552,117
2021,MG,3122306,2048
2021,MG,3144706,156
2021,MG,3131802,135
2021,MG,3153400,161
2021,MG,3126109,777
2021,MG,3170479,32
2021,MG,3132404,1043
2021,MG,3171006,198
2021,MG,3136652,250
2021,MG,3137007,121
2021,MG,3120839,48
2021,MG,3131604,52
2021,MG,3130705,28
2021,MG,3103405,269
2021,MG,3103108,21
2021,MG,3170107,3493
2021,MG,3103207,24
2021,MG,3120003,40
2021,MG,3109303,189
2021,MG,3127602,115
2021,MG,3114204,180
2021,MG,3141702,50
2021,MG,3125408,44
2021,MG,3102605,472
2021,MG,3146701,72
2021,MG,3168903,66
2021,MG,3147402,206
2021,MG,3165107,77
2021,MG,3111606,223
2021,MG,3164506,68
2021,MG,3111200,716
2021,MG,3118403,232
2021,MG,3130101,330
2021,MG,3144300,390
2021,MG,3145703,23
2021,MG,3125606,73
2021,MG,3144102,220
2021,MG,3146255,40
2021,MG,3169901,955
2021,MG,3116704,78
2021,MG,3123007,130
2021,MG,3143005,133
2021,MG,3167707,64
2021,MG,3104205,428
2021,MG,3154309,196
2021,MG,3164001,76
2021,MG,3155207,50
2021,MG,3115904,38
2021,MG,3120102,53
2021,MG,3156700,951
2021,MG,3140555,68
2021,MG,3125804,34
2021,MG,3170578,58
2021,MG,3135100,565
2021,MG,3107208,40
2021,MG,3107109,458
2021,MG,3157278,30
2021,MG,3126901,91
2021,MG,3117108,82
2021,MG,3169703,122
2021,MG,3112000,159
2021,MG,3152709,87
2021,MG,3166709,78
2021,MG,3157500,44
2021,MG,3152006,303
2021,MG,3159803,224
2021,MG,3141009,143
2021,MG,3150158,75
2021,MG,3107604,42
2021,MG,3143153,29
2021,MG,3115508,256
2021,MG,3171204,838
2021,MS,5001003,226
2021,MS,5007935,97
2021,MG,3165503,41
2021,MG,3142403,70
2021,MG,3136207,774
2021,MG,3141108,344
2021,MG,3140530,63
2021,MG,3105103,254
2021,MG,3139508,218
2021,MG,3138674,52
2021,MG,3111705,43
2021,MG,3126752,43
2021,MG,3134509,35
2021,MG,3158805,76
2021,MS,5002902,253
2021,MG,3110301,156
2021,MG,3133006,150
2021,MG,3128709,539
2021,MG,3120870,78
2021,MG,3102100,114
2021,MG,3152303,95
2021,MG,3170750,48
2021,MG,3170909,199
2021,MG,3128501,56
2021,MG,3105707,70
2021,MG,3171709,100
2021,MG,3117702,143
2021,MG,3144904,47
2021,MG,3137403,101
2021,MG,3114303,313
2021,MG,3159357,52
2021,MG,3112653,63
2021,MG,3171907,61
2021,MG,3130606,57
2021,MG,3149101,91
2021,MG,3129202,79
2021,MG,3165578,47
2021,MG,3119500,49
2021,MG,3102902,110
2021,MG,3117009,51
2021,MG,3121803,58
2021,MG,3145802,25
2021,MG,3149606,56
2021,MG,3161205,70
2021,MG,3122603,36
2021,MG,3110905,193
2021,MG,3162203,78
2021,MG,3127800,99
2021,MG,3145059,53
2021,MG,3116209,32
2021,MG,3159308,56
2021,MG,3130309,93
2021,MG,3164605,54
2021,MG,3120201,125
2021,MG,3115201,38
2021,MG,3139102,53
2021,MG,3100708,21
2021,MG,3122405,61
2021,MG,3111309,118
2021,MG,3151701,140
2021,MG,3157658,47
2021,MG,3170305,29
2021,MG,3110806,38
2021,MG,3122504,76
2021,MG,3157252,65
2021,MG,3163300,39
2021,MG,3126000,51
2021,MG,3103751,81
2021,MG,3170438,34
2021,MG,3121100,87
2021,MG,3147501,19
2021,MG,3138500,56
2021,MG,3157377,33
2021,MG,3103306,21
2021,MG,3127370,35
2021,MT,5103502,172
2021,MS,5001508,53
2021,MT,5106216,102
2021,MT,5106190,33
2021,MT,5102686,27
2021,MT,5100409,99
2021,MT,5100607,56
2021,MG,3134103,56
2021,MT,5100805,55
2021,MT,5103452,52
2021,MT,5108907,44
2021,MT,5103361,41
2021,MS,5002605,117
2021,MT,5107776,46
2021,MG,3138658,65
2021,MG,3159704,26
2021,MG,3135902,46
2021,MG,3129905,43
2021,MG,3136553,46
2021,MG,3162658,30
2021,MG,3150406,24
2021,MG,3111903,57
2021,MS,5003108,40
2021,MT,5107198,24
2021,MG,3138625,79
2021,MG,3115003,30
2021,MG,3140407,34
2021,MG,3142601,93
2021,MG,3129657,27
2021,MG,3133907,53
2021,MG,3172103,55
2021,MG,3142254,23
2021,MG,3134301,62
2021,MG,3170602,20
2021,MG,3152131,41
2021,MG,3157302,33
2021,MG,3130408,56
2021,MG,3170529,63
2021,MG,3132800,32
2021,MG,3145851,54
2021,MG,3125309,34
2021,MG,3171402,37
2021,MG,3137908,30
2021,MG,3159209,104
2021,MG,3148905,23
2021,MG,3160603,19
2021,MG,3119708,36
2021,MG,3160108,46
2021,MS,5006275,33
2021,MG,3119955,44
2021,MG,3118502,25
2021,MG,3136520,17
2021,MG,3160504,16
2021,MG,3153707,29
2021,ES,3200102,290
2021,ES,3205176,110
2021,MA,2111078,109
2021,MA,2103000,1274
2021,GO,5207535,72
2021,ES,3203320,459
2021,MA,2109551,46
2021,MA,2100154,46
2021,MA,2100303,138
2021,MA,2111508,287
2021,MA,2101400,715
2021,MA,2112506,303
2021,MA,2104057,269
2021,ES,3204807,129
2021,MA,2102358,104
2021,GO,5218805,1531
2021,ES,3204104,235
2021,MA,2103208,525
2021,GO,5201108,3989
2021,GO,5206206,374
2021,MA,2104677,128
2021,MA,2106508,132
2021,GO,5213509,47
2021,MA,2102903,141
2021,MA,2103604,443
2021,MA,2111763,114
2021,ES,3204054,201
2021,GO,5220009,62
2021,MA,2112209,1341
2021,ES,3202801,339
2021,MA,2109908,695
2021,MA,2103125,46
2021,MA,2100550,26
2021,GO,5201405,4077
2021,MA,2109403,53
2021,ES,3205150,63
2021,GO,5202155,97
2021,MA,2109007,170
2021,GO,5217104,287
2021,MA,2100956,152
2021,ES,3205010,184
2021,MA,2112100,147
2021,GO,5209291,23
2021,MA,2107407,105
2021,GO,5205802,97
2021,MA,2107605,115
2021,GO,5210307,31
2021,MA,2105401,382
2021,ES,3201803,49
2021,GO,5220264,92
2021,GO,5200308,268
2021,MA,2112852,77
2021,MA,2106300,108
2021,MA,2102036,176
2021,ES,3204955,85
2021,MA,2112308,217
2021,MA,2101103,61
2021,MA,2101731,20
2021,ES,3202702,111
2021,ES,3200904,466
2021,MA,2106755,140
2021,ES,3201001,95
2021,MA,2104107,99
2021,GO,5219407,44
2021,GO,5204250,88
2021,GO,5220207,229
2021,ES,3202009,44
2021,GO,5209903,95
2021,MA,2103554,51
2021,GO,5212303,70
2021,GO,5204706,105
2021,GO,5207352,40
2021,GO,5207600,59
2021,GO,5213806,490
2021,GO,5214903,18
2021,GO,5210158,36
2021,GO,5212907,29
2021,GO,5217401,345
2021,GO,5204805,71
2021,GO,5218003,459
2021,GO,5208806,507
2021,GO,5204409,171
2021,GO,5205497,415
2021,GO,5217302,220
2021,GO,5222203,23
2021,GO,5219308,430
2021,GO,5207105,23
2021,GO,5205521,28
2021,MA,2107209,55
2021,MA,2106706,108
2021,MA,2102374,30
2021,MA,2112274,37
2021,MA,2108207,340
2021,MA,2109304,57
2021,MA,2100808,105
2021,MA,2110302,134
2021,GO,5205455,93
2021,GO,5209804,39
2021,GO,5203302,282
2021,GO,5211404,105
2021,GO,5201801,106
2021,GO,5218391,35
2021,GO,5211008,73
2021,GO,5219001,82
2021,GO,5204607,34
2021,GO,5216304,114
2021,GO,5205703,26
2021,GO,5206503,36
2021,GO,5219803,64
2021,GO,5218052,33
2021,GO,5212956,39
2021,ES,3200359,51
2021,ES,3202256,97
2021,MA,2109056,46
2021,MA,2104206,128
2021,MA,2105658,39
2021,MA,2108009,145
2021,MA,2106201,53
2021,GO,5206602,36
2021,GO,5213855,27
2021,MA,2108405,65
2021,GO,5210604,41
2021,MA,2110237,50
2021,MA,2112001,46
2021,MA,2104404,139
2021,GO,5213053,12
2021,GO,5200902,36
2021,GO,5215652,17
2021,GO,5212600,18
2021,GO,5218789,28
2021,GO,5204201,14
2021,GO,5213400,11
2021,GO,5221809,22
2021,DF,5300108,19079
2021,CE,2313609,277
2021,BA,2908408,470
2021,BA,2903904,527
2021,CE,2308906,139
2021,CE,2305506,880
2021,CE,2312403,427
2021,CE,2314003,330
2021,CE,2308104,380
2021,BA,2931707,104
2021,CE,2306306,368
2021,CE,2313500,379
2021,CE,2312700,234
2021,CE,2307304,2190
2021,BA,2921708,234
2021,BA,2919157,230
2021,BA,2912806,82
2021,BA,2932705,208
2021,BA,2922003,236
2021,BA,2911857,75
2021,BA,2928109,332
2021,BA,2901601,95
2021,CE,2309508,263
2021,BA,2923001,223
2021,BA,2915106,127
2021,BA,2925253,136
2021,BA,2925956,159
2021,BA,2904902,241
2021,BA,2924009,982
2021,BA,2924306,163
2021,BA,2929057,120
2021,BA,2926400,257
2021,BA,2929750,110
2021,BA,2908903,182
2021,BA,2916104,190
2021,BA,2919801,320
2021,CE,2303907,122
2021,BA,2903953,79
2021,BA,2906824,99
2021,BA,2924504,114
2021,BA,2917102,176
2021,BA,2903201,1065
2021,BA,2919504,338
2021,BA,2905800,272
2021,BA,2907608,140
2021,BA,2918357,195
2021,BA,2914802,2024
2021,BA,2933208,403
2021,BA,2910727,952
2021,CE,2306702,166
2021,BA,2917607,450
2021,BA,2912400,121
2021,BA,2902401,134
2021,BA,2917409,119
2021,BA,2907509,419
2021,CE,2313757,148
2021,BA,2929800,92
2021,BA,2932309,166
2021,BA,2928901,212
2021,CE,2307809,202
2021,CE,2312601,128
2021,BA,2917706,265
2021,BA,2905602,268
2021,BA,2913408,92
2021,CE,2302701,260
2021,CE,2310506,393
2021,BA,2901700,88
2021,BA,2906006,515
2021,BA,2901403,112
2021,BA,2904050,91
2021,BA,2918902,36
2021,BA,2923506,74
2021,BA,2917904,62
2021,CE,2308351,136
2021,CE,2309458,215
2021,CE,2311108,166
2021,CE,2308609,169
2021,CE,2307502,243
2021,CE,2300408,116
2021,CE,2310258,264
2021,BA,2924405,183
2021,BA,2914901,135
2021,BA,2925006,204
2021,BA,2908101,112
2021,CE,2311405,620
2021,CE,2309102,77
2021,CE,2304608,51
2021,BA,2925758,174
2021,BA,2932408,127
2021,BA,2903300,75
2021,CE,2310951,58
2021,BA,2916856,113
2021,BA,2913457,64
2021,BA,2909406,99
2021,BA,2902500,113
2021,CE,2301208,243
2021,BA,2928505,82
2021,BA,2900603,40
2021,BA,2915007,97
2021,BA,2916807,141
2021,BA,2922607,89
2021,BA,2920007,87
2021,BA,2928307,66
2021,BA,2910305,64
2021,BA,2924702,87
2021,BA,2912202,83
2021,BA,2911105,136
2021,BA,2919702,137
2021,BA,2927903,122
2021,BA,2910909,51
2021,BA,2901957,62
2021,BA,2907558,88
2021,CE,2300606,78
2021,BA,2928000,271
2021,BA,2920601,277
2021,BA,2912608,29
2021,BA,2904209,77
2021,CE,2300101,77
2021,BA,2932507,178
2021,BA,2900405,113
2021,BA,2922250,60
2021,BA,2911204,244
2021,BA,2919058,60
2021,BA,2929354,66
2021,BA,2915304,71
2021,BA,2925808,224
2021,BA,2923803,213
2021,BA,2919959,66
2021,BA,2911659,61
2021,BA,2929206,272
2021,BA,2918209,116
2021,BA,2926657,58
2021,BA,2905909,187
2021,BA,2920304,66
2021,BA,2923605,155
2021,BA,2907004,61
2021,BA,2905008,180
2021,BA,2929701,126
2021,CE,2307007,275
2021,CE,2303931,83
2021,BA,2904100,163
2021,BA,2923308,55
2021,BA,2909109,104
2021,CE,2301257,119
2021,CE,2301307,143
2021,BA,2930774,216
2021,CE,2305357,143
2021,CE,2312502,79
2021,CE,2303659,90
2021,CE,2304657,120
2021,CE,2303303,163
2021,BA,2909604,162
2021,BA,2906402,59
2021,BA,2913309,48
2021,BA,2915908,36
2021,AL,2704302,8051
2021,AL,2704708,421
2021,AL,2702306,367
2021,AM,1300060,58
2021,AL,2708907,148
2021,AL,2704203,162
2021,AM,1302702,249
2021,AM,1304260,75
2021,AM,1304104,82
2021,AM,1301407,188
2021,AM,,24
2021,AM,1300102,71
2021,AL,2706505,86
2021,AL,2708501,192
2021,AL,2701704,131
2021,AL,2700201,141
2021,AM,1303569,170
2021,AL,2708402,183
2021,AC,1200393,31
2021,AL,2702009,97
2021,AL,2703106,203
2021,AM,1303908,180
2021,AL,2709004,63
2021,AL,2707305,207
2021,AM,1301100,233
2021,AL,2704401,167
2021,AL,2700607,47
2021,AL,2703809,137
2021,AL,2703908,28
2021,AL,2704005,191
2021,AM,1302900,338
2021,AC,1200344,86
2021,AL,2706604,42
2021,AC,1200336,90
2021,AL,2707602,80
2021,AL,2706703,482
2021,AL,2706422,81
2021,AM,1303403,747
2021,AM,1300631,93
2021,AC,1200609,242
2021,AL,2708808,212
2021,AC,1200427,69
2021,AC,1200179,59
2021,AL,2701001,182
2021,AL,2708956,83
2021,AM,1300680,77
2021,AL,2701803,53
2021,AP,1600279,234
2021,AL,2702702,40
2021,AL,2705408,55
2021,AL,2703601,68
2021,AL,2702801,94
2021,AC,1200351,56
2021,AL,2703502,36
2021,AM,1303007,98
2021,AP,1600204,55
2021,TO,1721000,1674
2021,TO,1703206,38
2021,TO,1716653,30
2021,TO,1705607,36
2021,TO,1703073,38
2021,TO,1712405,23
2021,TO,1722107,102
2021,TO,1713205,191
2021,TO,1712157,11
2021,TO,1718303,60
2021,TO,1721208,166
2021,TO,1710508,62
2021,SP,3516200,3406
2021,SP,3524402,2142
2021,SP,3537602,910
2021,SP,3522307,1614
2021,SP,3513504,1047
2021,SP,3502754,185
2021,SP,3507803,253
2021,SP,3520509,2068
2021,SP,3522109,1335
2021,SP,3551702,1200
2021,SP,3538006,1616
2021,SP,3532868,13
2021,SP,3522901,157
2021,SP,3514106,310
2021,SP,3510807,356
2021,SP,3526100,220
2021,SP,,442
2021,SP,3521408,273
2021,SP,3501301,283
2021,SP,3524600,174
2021,SP,3538600,342
2021,SP,3516705,549
2021,SP,3525201,277
2021,SP,3546405,553
2021,SP,3548005,238
2021,SP,3504909,77
2021,SP,3540705,579
2021,SP,3504008,1184
2021,SP,3544103,359
2021,SP,3533700,34
2021,SP,3538709,3898
2021,SP,3519709,834
2021,SP,3522406,1107
2021,SP,3544251,180
2021,SP,3508603,361
2021,SP,3522604,965
2021,SP,3531803,579
2021,SP,3546801,573
2021,SP,3527009,92
2021,SP,3554607,37
2021,SP,3529401,3496
2021,SP,3547908,76
2021,SP,3518206,348
2021,SP,3511607,178
2021,SP,3552700,173
2021,SP,3528403,478
2021,SP,3552809,2226
2021,SP,3521507,103
2021,SP,3543253,74
2021,SP,3554201,43
2021,SP,3518305,274
2021,SP,3516804,24
2021,SP,3534302,383
2021,SP,3514502,147
2021,SP,3510153,69
2021,SP,3528601,112
2021,TO,1715259,14
2021,SP,3520426,181
2021,SP,3533403,572
2021,SP,3532009,159
2021,SP,3550605,837
2021,SP,3509452,74
2021,SP,3507001,577
2021,SP,3512407,260
2021,SP,3513603,269
2021,SP,3540002,211
2021,SP,3555000,918
2021,SP,3532827,83
2021,SP,3554102,3080
2021,SP,3554805,430
2021,SP,3545605,190
2021,SP,3515152,145
2021,SP,3513702,367
2021,SP,3544202,97
2021,SP,3553401,288
2021,SP,3527504,26
2021,SP,3534708,1423
2021,SP,3506805,133
2021,SP,3508108,196
2021,SP,3502101,688
2021,SP,3536208,194
2021,SP,3541505,408
2021,SP,3552304,65
2021,SP,3529708,240
2021,SP,3514601,63
2021,SP,3551504,323
2021,SP,3545001,160
2021,SP,3553609,142
2021,SP,3514205,27
2021,SP,3549250,15
2021,SP,3527900,29
2021,SP,3517703,213
2021,SP,3505500,1428
2021,SP,3534104,72
2021,SP,3533254,34
2021,SP,3538105,182
2021,SP,3514007,61
2021,SP,3519600,701
2021,SP,3546504,62
2021,SP,3553500,82
2021,SP,3534609,375
2021,TO,1707702,60
2021,TO,1701101,39
2021,TO,1702158,36
2021,SP,3515129,34
2021,SP,3515400,191
2021,SP,3512308,191
2021,SP,3502309,52
2021,SP,3522802,159
2021,TO,1720309,40
2021,TO,1711803,20
2021,TO,1712454,17
2021,SP,3517000,119
2021,TO,1707652,44
2021,TO,1709807,14
2021,TO,1714203,95
2021,SP,3554706,85
2021,SP,3539400,163
2021,TO,1716703,80
2021,SP,3536257,39
2021,TO,1717503,46
2021,TO,1720804,58
2021,SP,3505401,68
2021,TO,1715705,36
2021,TO,1718006,19
2021,TO,1713809,35
2021,TO,1708304,43
2021,TO,1713700,25
2021,TO,1720150,11
2021,TO,1718451,18
2021,SP,3513850,16
2021,SP,3555802,104
2021,SP,3531506,201
2021,SP,3544400,26
2021,SP,3554953,85
2021,SP,3512506,55
2021,SP,3528809,145
2021,SP,3530102,346
2021,SP,3518909,53
2021,SP,3526506,64
2021,SP,3531001,23
2021,SP,3555505,49
2021,SP,3540259,38
2021,SP,3521101,66
2021,SP,3525607,48
2021,SP,3540200,355
2021,SP,3516606,83
2021,SP,3533205,44
2021,SP,3540754,189
2021,SP,3532108,60
2021,SP,3504305,37
2021,SP,3502408,35
2021,SP,3533304,33
2021,SP,3527256,23
2021,SP,3533007,188
2021,SP,3512100,95
2021,SP,3542800,38
2021,SP,3503109,67
2021,SP,3538303,36
2021,SP,3554755,18
2021,SP,3503950,17
2021,SP,3556958,34
2021,SP,3547650,14
2021,SP,3541059,44
2021,SP,3541208,159
2021,SP,3549201,22
2021,SP,3551306,32
2021,SP,3524501,80
2021,SP,3532702,46
2021,SP,3539707,26
2021,SP,3534757,123
2021,SP,3549508,72
2021,SP,3530904,48
2021,SP,3532058,37
2021,SP,3503356,18
2021,SP,3534005,44
2021,SP,3506201,29
2021,SE,2805406,168
2021,SE,2802205,45
2021,SE,2803203,219
2021,SE,2800209,171
2021,SE,2801207,177
2021,SE,2807105,318
2021,SE,2805604,192
2021,SE,2807600,160
2021,SE,2804003,140
2021,RS,4321105,205
2021,RS,4318200,250
2021,RS,4309407,237
2021,RS,4317400,589
2021,SE,2805307,53
2021,RS,4321204,612
2021,RS,4316808,1410
2021,RS,4311304,347
2021,RS,4307005,895
2021,RS,4300406,970
2021,RS,4303103,1256
2021,SC,4209607,160
2021,RS,4304663,268
2021,RS,4313904,395
2021,RS,4314803,358
2021,RS,4320677,107
2021,SC,4217303,90
2021,SC,4203600,352
2021,SC,4210308,74
2021,RS,4306502,125
2021,RS,4312450,70
2021,RS,4304655,25
2021,SC,4209409,482
2021,RS,4307559,79
2021,RS,4312138,38
2021,RS,4321402,146
2021,SC,4215703,245
2021,SC,4210803,66
2021,RS,4302659,55
2021,SC,4201406,625
2021,RS,4322707,291
2021,RS,4321006,142
2021,RS,4317707,157
2021,SC,4215109,148
2021,RS,4317202,731
2021,RS,4315305,283
2021,RS,4303509,719
2021,RS,4316956,40
2021,SC,4208104,212
2021,RS,4307906,598
2021,RS,4309159,27
2021,RS,4306353,31
2021,RS,4301602,1496
2021,RS,4311981,35
2021,RS,4307708,892
2021,RS,4311205,213
2021,SC,4217402,142
2021,RS,4312500,105
2021,RS,4317301,362
2021,SC,4216206,515
2021,RS,4310306,48
2021,RS,4311254,54
2021,SC,4208906,1186
2021,SC,4205902,493
2021,RS,4303004,1136
2021,RS,4316428,22
2021,RS,4310207,796
2021,RS,4310801,177
2021,RS,4320701,177
2021,RS,4314464,20
2021,RS,4302709,208
2021,RS,4301552,42
2021,RS,4320404,129
2021,RS,4319372,34
2021,SC,4210001,92
2021,SC,4212205,186
2021,RS,4302006,100
2021,RS,4319208,63
2021,RS,4312476,62
2021,RS,4320552,71
2021,SC,4213609,378
2021,RS,4304804,243
2021,RS,4306932,93
2021,RS,4303608,71
2021,RS,4300877,56
2021,SC,4215307,62
2021,RS,4315131,20
2021,RS,4308102,118
2021,RS,4304689,105
2021,RS,4305157,28
2021,RS,4308904,166
2021,SC,4204707,144
2021,SC,4217709,225
2021,RS,4316451,144
2021,SC,4209706,140
2021,RS,4313086,25
2021,RS,4313953,112
2021,RS,4312708,149
2021,RS,4316709,104
2021,SC,4204558,169
2021,RS,4315057,20
2021,SC,4216008,110
2021,RS,4303202,42
2021,RS,4318481,45
2021,RS,4300901,53
2021,SC,4217253,48
2021,SC,4202503,38
2021,RS,4313359,38
2021,RS,4311627,35
2021,SC,4219606,34
2021,RS,4322350,16
2021,RS,4314555,34
2021,SC,4213807,74
2021,SC,4212650,83
2021,SC,4211108,83
2021,RS,4300034,50
2021,RS,4301057,107
2021,RS,4301636,166
2021,RS,4318101,190
2021,RS,4321709,244
2021,SC,4218905,112
2021,RS,4320503,69
2021,RS,4305702,72
2021,SC,4203154,26
2021,RS,4319109,73
2021,RS,4307831,34
2021,RS,4313508,498
2021,SE,2807204,54
2021,SE,2802601,38
2021,SE,2806206,163
2021,SE,2803807,32
2021,SC,4212908,152
2021,SC,4203501,85
2021,SC,4212007,55
2021,SC,4215455,78
2021,SC,4208500,246
2021,RS,4308607,276
2021,RS,4300646,85
2021,RS,4320230,35
2021,RS,4313441,27
2021,RS,4319125,33
2021,RS,4305306,111
2021,RS,4316204,62
2021,RS,4306924,16
2021,RS,4309258,13
2021,RS,4308409,105
2021,RS,4319406,177
2021,RS,4306700,36
2021,RS,4305900,103
2021,RS,4323408,41
2021,RS,4323705,28
2021,RS,4310850,50
2021,RS,4302154,25
2021,RS,4312625,12
2021,RS,4301875,23
2021,RS,4308854,18
2021,RS,4308433,36
2021,RS,4305850,40
2021,RS,4308706,70
2021,RS,4323358,23
2021,RS,4300471,26
2021,RS,4311718,26
2021,RS,4313102,57
2021,RS,4315073,21
2021,RS,4320859,22
2021,RS,4301503,100
2021,RS,4302220,12
2021,RS,4314308,43
2021,SC,4206702,196
2021,SC,4200408,70
2021,SC,4209003,247
2021,SC,4218251,57
2021,SC,4211876,24
2021,SC,4210605,122
2021,SC,4216354,43
2021,SC,4214607,104
2021,SC,4211751,170
2021,SC,4208609,50
2021,SC,4200101,153
2021,SC,4205175,26
2021,SC,4218756,45
2021,SE,2804102,98
2021,SC,4201505,105
2021,SC,4212056,25
2021,SC,4218202,298
2021,SC,4206306,166
2021,SC,4202578,23
2021,SC,4217204,338
2021,SC,4210902,41
2021,SC,4207759,33
2021,SC,4217154,20
2021,SC,4210209,21
2021,SC,4202701,36
2021,SC,4218608,74
2021,SC,4210852,23
2021,SC,4209151,31
2021,SC,4218350,34
2021,RS,4323606,25
2021,SC,4202081,32
2021,SC,4202099,18
2021,RS,4312104,53
2021,SC,4208955,16
2021,SC,4200556,31
2021,SC,4211850,19
2021,RS,4314027,91
2021,SC,4212239,46
2021,RS,4319356,26
2021,RS,4304309,72
2021,RS,4313334,22
2021,SC,4205191,24
2021,SC,4215604,19
2021,RS,4316733,11
2021,RS,4305116,35
2021,RS,4319752,19
2021,PR,4100608,127
2021,PR,4115200,3783
2021,PR,4103701,1083
2021,PR,4125100,111
2021,PR,4119251,26
2021,PR,4111209,134
2021,PR,4113502,226
2021,PR,4123303,109
2021,PR,4125506,2688
2021,PR,4122404,697
2021,PR,4103479,50
2021,PR,4113700,5700
2021,PR,4120408,47
2021,PR,4119509,987
2021,PR,4111704,56
2021,PR,4113205,439
2021,PR,4117800,162
2021,PR,4127601,172
2021,PR,4109807,557
2021,PR,4119954,359
2021,PR,4103107,131
2021,PR,4119905,3841
2021,PR,4104204,1203
2021,PR,4106407,543
2021,PR,4100202,88
2021,PR,4106605,278
2021,PR,4114401,153
2021,PR,4126256,952
2021,PR,4101804,1250
2021,PR,4108809,318
2021,PR,4123709,112
2021,PR,4113809,65
2021,PR,4105508,676
2021,PR,4106209,211
2021,PR,4119152,1159
2021,PR,4104907,712
2021,PR,4128708,82
2021,PR,4107157,59
2021,PR,4110102,293
2021,PR,4115309,82
2021,PR,4122206,345
2021,PR,4107702,52
2021,PR,4125209,100
2021,PR,4105607,124
2021,PR,4118501,772
2021,PR,4103024,24
2021,PR,4116059,116
2021,PR,4102703,26
2021,PR,4101655,36
2021,PR,4105201,171
2021,PR,4104253,247
2021,PR,4117909,273
2021,PR,4120507,130
2021,PR,4121307,42
2021,PR,4108502,117
2021,PR,4124806,104
2021,PR,4124103,530
2021,PR,4119301,281
2021,PR,4127106,943
2021,PR,4116604,34
2021,PR,4116950,54
2021,PR,4118402,930
2021,PR,4127304,178
2021,PR,4126108,49
2021,PR,4119103,117
2021,PR,4127007,78
2021,PR,4119806,135
2021,PR,4106308,166
2021,PR,4127965,138
2021,PR,4112108,269
2021,PR,4107124,43
2021,PR,4103453,136
2021,PR,4106001,92
2021,PR,4119004,69
2021,PR,4115002,76
2021,PR,4117271,66
2021,PR,4101853,30
2021,PR,4109906,97
2021,PR,4108320,81
2021,PR,4110409,57
2021,PR,4127858,150
2021,PR,4100459,40
2021,PR,4104055,36
2021,PR,4104451,117
2021,PR,4115358,77
2021,PR,4122156,95
2021,PR,4123956,44
2021,PR,4100905,58
2021,PR,4106704,49
2021,PR,4125407,57
2021,PR,4119657,27
2021,PR,4105102,139
2021,PR,4124202,44
2021,PR,4103156,43
2021,PR,4124004,78
2021,PR,4107900,77
2021,PR,4103206,67
2021,PR,4115903,22
2021,PR,4128302,17
2021,PR,4103040,39
2021,PR,4111605,26
2021,PR,4120101,67
2021,RR,1400050,199
2021,RO,1100924,72
2021,RN,2408003,2125
2021,RN,2407708,100
2021,RR,1400407,57
2021,RN,2408102,6877
2021,RN,2403004,85
2021,RN,2401107,228
2021,RN,2406908,35
2021,RN,2409407,249
2021,RN,2408300,287
2021,RN,2412005,774
2021,RR,1400027,118
2021,RO,1100288,483
2021,RN,2411809,17
2021,RO,1101609,84
2021,RN,2402204,229
2021,RN,2404705,113
2021,RN,2408953,62
2021,RN,2413201,33
2021,RO,1100155,363
2021,RN,2409803,124
2021,RN,2412708,53
2021,RN,2403103,400
2021,RN,2411700,24
2021,RN,2410603,27
2021,RN,2401800,104
2021,RN,2401701,64
2021,RO,1101104,53
2021,RN,2407104,559
2021,RN,2412609,175
2021,RN,2414704,44
2021,RN,2413904,89
2021,RN,2410009,30
2021,RN,2405108,51
2021,RN,2406809,35
2021,RN,2401453,164
2021,RN,2412104,51
2021,RO,1100304,772
2021,RO,1100031,49
2021,RO,1101401,100
2021,RR,1400308,105
2021,RO,1100148,138
2021,RN,2410207,68
2021,RN,2409209,29
2021,RN,2404002,51
2021,RN,2403707,54
2021,RN,2413359,73
2021,RO,1101757,67
2021,RO,1100700,63
2021,RO,1100056,150
2021,RJ,3300225,150
2021,RJ,3304557,74768
2021,RJ,3305802,2056
2021,RN,2406502,116
2021,RJ,3301702,9872
2021,RJ,3302403,1962
2021,RJ,3301900,2557
2021,RJ,3300704,2162
2021,RJ,3300803,608
2021,RJ,3302304,90
2021,RJ,3300209,1595
2021,RJ,3304003,282
2021,RJ,3305505,1094
2021,RJ,3301876,424
2021,RJ,3305133,83
2021,RJ,3306107,875
2021,RJ,3302205,1053
2021,RJ,3306206,486
2021,RJ,3302270,947
2021,RJ,3305554,891
2021,RJ,3302502,2832
2021,RJ,3300159,120
2021,RJ,3305000,522
2021,RO,1100601,43
2021,RJ,3300506,297
2021,RO,1101203,55
2021,RO,1100320,167
2021,RJ,3303609,600
2021,RJ,3304128,111
2021,RJ,3303104,173
2021,RJ,3301157,150
2021,RJ,3304110,209
2021,RJ,3302452,105
2021,RR,1400233,36
2021,RN,2400307,74
2021,RN,2406106,160
2021,RN,2400406,18
2021,RN,2401503,31
2021,RN,2410801,32
2021,RN,2410504,42
2021,RN,2403756,21
2021,RN,2405207,38
2021,RN,2409605,20
2021,RN,2404804,14
2021,RN,2402402,70
2021,RN,2412401,35
2021,RN,2400604,40
2021,RN,2413706,40
2021,RO,1101484,34
2021,RN,2414308,35
2021,PI,2201408,52
2021,PB,2500205,54
2021,PB,2504900,127
2021,PB,2507309,174
2021,PI,2203909,533
2021,PB,2500601,195
2021,PB,2509305,46
2021,PB,2513000,20
2021,PB,2502003,65
2021,PB,2516003,283
2021,PB,2501351,32
2021,PB,2503209,528
2021,PB,2507101,179
2021,PB,2510808,897
2021,PB,2514404,34
2021,PB,2507002,179
2021,PB,2515609,25
2021,PB,2503605,53
2021,PB,2514503,165
2021,PB,2501153,25
2021,PB,2513505,30
2021,PB,2515104,91
2021,PB,2511202,249
2021,PB,2501708,46
2021,PB,2505501,28
2021,PB,2506905,274
2021,PI,2202208,453
2021,PI,2200202,145
2021,PI,2203305,137
2021,PB,2513406,122
2021,PB,2504033,44
2021,PI,2200277,45
2021,PB,2510907,106
2021,PI,2201150,84
2021,PI,2202851,39
2021,PI,2203453,44
2021,PI,2200301,105
2021,PB,2502607,42
2021,PB,2500304,280
2021,PI,2206753,42
2021,PB,2508208,80
2021,PI,2204907,38
2021,PB,,26
2021,PB,2503555,57
2021,PI,2201101,92
2021,PI,2207751,22
2021,PI,2204550,24
2021,PI,2202778,58
2021,PB,2502409,75
2021,PI,2201556,31
2021,PB,2509339,23
2021,PB,2503753,25
2021,PB,2510402,52
2021,PB,2501302,171
2021,PI,2208874,39
2021,PI,2206605,66
2021,PB,2511608,55
2021,PI,2206696,49
2021,PI,2209658,44
2021,PI,2208502,94
2021,PB,2512606,12
2021,PI,2203420,29
2021,PI,2201929,29
2021,PI,2205854,42
2021,PI,2201002,32
2021,PB,2516151,23
2021,PB,2514107,42
2021,PI,2210979,16
2021,PI,2210706,114
2021,PI,2204402,66
2021,PB,2510600,21
2021,PB,2508703,34
2021,PB,2515500,126
2021,PI,2206803,48
2021,PA,1504208,1604
2021,PA,1500206,242
2021,PA,1503077,141
2021,PE,,220
2021,PB,2517100,23
2021,PA,1505031,218
2021,PE,2612505,544
2021,PE,2600906,183
2021,PE,2607208,651
2021,PE,2611606,16886
2021,PA,1505635,67
2021,PE,2601201,625
2021,PE,2602605,366
2021,PA,1507409,122
2021,PA,1503903,266
2021,PA,1503093,147
2021,PE,2605103,312
2021,PE,2602803,336
2021,PE,2609006,257
2021,PA,1500800,3484
2021,PA,1507706,89
2021,PE,2614006,129
2021,PA,1502939,261
2021,PA,1500859,205
2021,PE,2600609,130
2021,PA,1504604,177
2021,PE,2604700,125
2021,PE,2603306,74
2021,PA,1506203,309
2021,PB,2505303,18
2021,PE,2607505,196
2021,PA,1501576,99
2021,PE,2608305,144
2021,PE,2606200,682
2021,PE,2605004,235
2021,PE,2609303,107
2021,PA,1505536,1207
2021,PA,1507102,122
2021,PE,2614808,157
2021,PA,1506401,39
2021,PE,2606804,941
2021,PE,2601904,636
2021,PE,2608909,561
2021,PA,1501907,138
2021,PE,2601607,133
2021,PE,2614105,286
2021,PE,2605400,200
2021,PA,1500347,99
2021,PE,2603801,167
2021,PE,2600708,338
2021,PA,1508050,102
2021,PA,1504455,192
2021,PA,1506559,106
2021,PE,2602001,223
2021,PE,2614600,255
2021,PE,2602209,359
2021,PE,2613503,261
2021,PE,2608750,168
2021,PA,1505106,334
2021,PA,1507953,444
2021,PA,1506112,67
2021,PE,2609402,559
2021,PA,1501956,81
2021,PE,2605707,229
2021,PE,2600104,361
2021,PE,2609808,108
2021,PA,1502756,129
2021,PA,1505551,60
2021,PA,1503044,116
2021,PE,2615904,97
2021,PA,1507474,133
2021,PE,2611533,51
2021,PE,2614501,614
2021,PA,1502707,412
2021,PB,2509206,104
2021,PE,2612471,99
2021,PE,2610806,186
2021,PE,2608206,94
2021,PE,2609154,118
2021,PE,2604809,85
2021,PE,2611903,165
2021,PE,2615003,200
2021,PE,2607109,42
2021,PE,2607950,102
2021,PE,2608453,148
2021,PA,1507003,206
2021,PE,2601003,90
2021,PI,2206670,43
2021,PI,2207900,377
2021,PI,2205359,18
2021,PI,2205409,92
2021,PI,2206506,55
2021,PI,2207959,33
2021,PI,2200251,58
2021,PI,2210052,41
2021,PI,2202711,37
2021,PI,2210383,28
2021,PI,2202737,25
2021,PE,2606705,75
2021,PE,2604304,65
2021,PB,2513158,42
2021,PI,2206001,40
2021,PI,2207355,21
2021,PI,2207850,34
2021,PB,2513984,39
2021,PB,2509156,56
2021,PB,2512200,43
2021,PB,2514206,65
2021,PA,1504505,62
2021,PI,2202729,34
2021,PI,2202539,32
2021,PI,2205532,33
2021,PI,2211704,21
2021,PI,2205276,52
2021,PI,2211605,28
2021,PI,2201988,26
2021,PA,1504109,61
2021,PI,2211506,41
2021,PI,2209401,54
2021,PI,2207108,21
2021,PI,2210391,19
2021,PB,2506509,39
2021,PI,2203354,39
2021,PB,2513604,55
2021,PA,1501253,21
2021,MS,5004700,234
2021,MS,5006002,145
2021,MT,5105903,145
2021,MS,5003504,52
2021,MT,5103254,182
2021,MS,5007208,245
2021,MT,5107941,65
2021,MT,5101803,703
2021,MT,5106828,92
2021,MS,5004601,148
2021,MS,5007695,195
2021,MT,5105002,96
2021,MS,5004502,166
2021,MS,5004007,100
2021,MS,5000203,133
2021,MT,5107008,164
2021,MS,5004809,65
2021,MT,5104203,149
2021,MT,5105259,443
2021,MT,5107792,21
2021,MT,5107107,201
2021,MS,5004908,52
2021,MT,5103379,89
2021,MS,5005251,36
2021,MT,5108352,29
2021,MT,5103056,90
2021,MT,5107701,139
2021,MT,5107958,859
2021,MT,5101605,67
2021,MT,5107743,11
2021,MG,3107505,88
2021,MG,3136702,5988
2021,MG,3155405,72
2021,MG,3162922,274
2021,MG,3121407,96
2021,MG,3103504,1170
2021,MG,3111101,189
2021,MG,3146008,358
2021,MG,3146305,154
2021,MG,3101607,724
2021,MG,3145307,262
2021,MG,3118601,5106
2021,MG,3127701,2919
2021,MG,3129608,60
2021,MG,3135209,539
2021,MG,3158102,54
2021,MG,3137106,71
2021,MG,3134400,476
2021,MG,3166204,94
2021,MG,3102852,45
2021,MG,3151404,272
2021,MG,3138609,170
2021,MG,3163508,53
2021,MG,3164308,78
2021,MG,3116159,81
2021,MG,3129509,210
2021,MG,3107802,151
2021,MG,3101805,65
2021,MG,3118809,174
2021,MG,3159605,351
2021,MG,3142205,126
2021,MG,3111002,219
2021,MG,3101904,185
2021,MG,3158003,108
2021,MG,3157807,1782
2021,MG,3119302,290
2021,MG,3155900,45
2021,MG,3134004,135
2021,MG,3130051,66
2021,MG,3139805,156
2021,MG,3135050,245
2021,MG,3113701,207
2021,MG,3146552,45
2021,MG,3132206,128
2021,MG,3133501,240
2021,MG,3118908,84
2021,MG,3135001,29
2021,MG,3120151,37
2021,MG,3128006,257
2021,MG,3148509,80
2021,MG,3116803,58
2021,MG,3136959,41
2021,MG,3146909,168
2021,MG,3115458,78
2021,MG,3145604,392
2021,MG,3135704,56
2021,MG,3137205,490
2021,MG,3141900,56
2021,MG,3155801,172
2021,MG,3123858,70
2021,MG,3160306,81
2021,MG,3113503,54
2021,MG,3171303,659
2021,MG,3116506,70
2021,MG,3114402,213
2021,MG,3140902,169
2021,MG,3117876,49
2021,MG,3162807,141
2021,MG,3116001,66
2021,MG,3127107,681
2021,MG,3105004,99
2021,MG,3161403,62
2021,MG,3132909,124
2021,MG,3134202,1191
2021,MG,3136306,405
2021,MG,3117900,119
2021,MG,3169802,53
2021,MG,3129301,93
2021,MG,3150802,132
2021,MG,3102209,37
2021,MG,3169604,325
2021,MG,3156007,94
2021,MG,3149952,83
2021,MG,3138906,75
2021,MG,3134905,267
2021,MG,3120706,43
2021,MG,3162955,177
2021,MG,3140308,48
2021,MG,3171030,57
2021,MG,3101003,93
2021,MG,3148400,47
2021,MG,3118007,458
2021,MG,3106507,70
2021,MG,3165305,69
2021,MG,3114006,87
2021,MG,3135407,67
2021,MG,3120904,812
2021,MG,3112505,101
2021,MG,3160207,30
2021,MG,3171600,100
2021,MG,3131208,206
2021,MG,3132008,33
2021,MG,3122702,48
2021,MG,3131901,477
2021,MS,5004304,126
2021,MS,5005806,94
2021,MG,3157104,64
2021,MT,5106299,100
2021,MG,3135308,29
2021,MG,3107406,501
2021,MG,3153509,62
2021,MG,3106408,74
2021,MG,3143708,20
2021,MG,3116605,228
2021,MG,3161007,174
2021,MG,3162559,80
2021,MG,3152402,145
2021,MG,3156304,85
2021,MG,3128204,113
2021,MG,3153905,99
2021,MG,3103009,92
2021,MG,3108107,54
2021,MG,3127008,131
2021,MG,3112208,40
2021,MG,3151602,132
2021,MG,3124708,28
2021,MG,3127388,26
2021,MG,3157401,59
2021,MG,3138203,870
2021,MG,3128303,196
2021,MG,3162401,194
2021,MG,3128253,39
2021,MG,3146750,61
2021,MG,3164407,57
2021,MG,3113602,80
2021,MG,3133600,94
2021,MG,3162302,29
2021,MG,3100609,98
2021,MG,3101631,67
2021,MG,3122355,43
2021,MG,3148707,211
2021,MG,3142007,109
2021,MG,3166105,37
2021,MG,3128600,65
2021,MG,3112406,89
2021,MG,3151503,382
2021,MG,3133758,139
2021,MG,3153103,50
2021,MG,3147808,19
2021,MG,3106101,28
2021,MG,3160801,41
2021,MG,3157336,84
2021,MG,3144508,81
2021,MG,3111408,62
2021,MG,3163904,51
2021,MG,3125200,32
2021,MG,3145109,135
2021,MG,3137700,175
2021,MG,3123528,60
2021,MG,3130556,46
2021,MG,3154507,57
2021,MG,3166956,37
2021,MG,3123502,19
2021,MG,3121258,75
2021,MG,3168101,23
2021,MG,3165552,61
2021,MG,3119203,88
2021,MT,5102702,181
2021,MT,5103106,43
2021,MT,5102678,286
2021,MT,5106182,34
2021,MT,5107040,559
2021,MT,5106174,27
2021,MT,5105309,19
2021,MT,5106653,52
2021,MG,3158706,22
2021,MS,5006259,53
2021,MG,3152600,97
2021,MG,3144672,35
2021,MG,3127354,23
2021,MG,3127339,42
2021,MG,3169059,47
2021,MT,5107263,27
2021,MT,5108105,37
2021,MS,5000252,35
2021,MT,5100102,44
2021,MG,3166402,19
2021,MG,3105202,41
2021,MG,3159100,34
2021,MG,3120409,61
2021,MG,3102050,59
2021,MG,3154200,131
2021,MG,3112802,92
2021,MG,3168200,9
2021,MG,3156106,53
2021,MG,3141207,39
2021,MG,3159001,49
2021,MG,3112109,26
2021,MG,3130002,34
2021,MG,3142304,47
2021,MG,3109808,23
2021,MG,3165800,23
2021,MG,3163102,27
2021,MG,3123403,20
2021,MG,3103801,27
2021,ES,3201407,343
2021,MA,2105302,2393
2021,MA,2111607,157
2021,MA,2112902,198
2021,MA,2109270,93
2021,MA,2105153,96
2021,ES,3205036,184
2021,ES,3201308,3375
2021,ES,3202504,78
2021,ES,3205101,552
2021,MA,2101202,817
2021,MA,2102200,145
2021,MA,2110039,165
2021,ES,3202454,248
2021,ES,3202306,321
2021,MA,2111201,1285
2021,MA,2111102,217
2021,ES,3201902,279
2021,MA,2100600,241
2021,MA,2100055,800
2021,GO,5219209,30
2021,MA,2100477,177
2021,MA,2102507,77
2021,MA,2111532,90
2021,MA,2108801,103
2021,MA,2105989,48
2021,MA,2103752,119
2021,MA,2104081,48
2021,MA,2110005,429
2021,MA,2102002,229
2021,MA,2111003,89
2021,MA,2111904,59
2021,MA,2101350,31
2021,GO,5218706,48
2021,MA,2108603,524
2021,GO,5219738,83
2021,MA,2105476,84
2021,MA,2103505,231
2021,ES,3202207,185
2021,MA,2109452,173
2021,GO,5218300,269
2021,MA,2105203,87
2021,MA,2114007,319
2021,ES,3203056,217
2021,MA,2104552,167
2021,MA,2108108,133
2021,ES,3204401,97
2021,ES,3202603,92
2021,GO,5200829,25
2021,GO,5221858,946
2021,GO,5206701,31
2021,ES,3204658,86
2021,GO,5221601,392
2021,ES,3200706,73
2021,MA,2107902,117
2021,MA,2104008,134
2021,MA,2100832,71
2021,GO,5208004,864
2021,GO,5204904,165
2021,MA,2106904,159
2021,MA,2111672,21
2021,GO,5200134,178
2021,GO,5211800,472
2021,MA,2105807,58
2021,MA,2110708,196
2021,MA,2113009,219
2021,ES,3203130,144
2021,MA,2110658,46
2021,GO,5205901,101
2021,GO,5214051,64
2021,GO,5213707,95
2021,GO,5205000,85
2021,GO,5207402,93
2021,GO,5221403,1245
2021,GO,5219753,475
2021,GO,5214861,103
2021,GO,5203906,104
2021,GO,5214606,322
2021,GO,5210208,397
2021,GO,5218102,38
2021,GO,5203962,33
2021,GO,5200605,53
2021,ES,3202900,96
2021,ES,3200300,101
2021,GO,5220108,385
2021,MA,2100204,110
2021,GO,5206404,163
2021,GO,5205109,967
2021,MA,2101905,130
2021,MA,2111722,42
2021,MA,2104628,58
2021,MA,2104305,42
2021,GO,5214507,307
2021,GO,5202809,52
2021,GO,5201306,190
2021,GO,5219712,29
2021,GO,5204854,59
2021,GO,5211206,323
2021,GO,5216809,119
2021,GO,5221908,41
2021,GO,5221007,45
2021,GO,5213772,24
2021,GO,5213756,69
2021,GO,5219506,45
2021,GO,5207253,68
2021,GO,5204102,88
2021,GO,5209606,39
2021,GO,5216403,118
2021,GO,5201504,33
2021,GO,5209150,54
2021,GO,5219100,47
2021,GO,5203807,52
2021,GO,5201603,44
2021,GO,5208400,116
2021,MA,2111953,45
2021,GO,5203575,27
2021,GO,5215504,65
2021,MA,2111706,111
2021,MA,2104909,89
2021,MA,2108454,147
2021,MA,2106409,96
2021,MA,2105609,109
2021,ES,3200508,81
2021,GO,5207907,58
2021,MA,2109759,34
2021,GO,5221080,21
2021,GO,5214804,26
2021,GO,5208301,49
2021,GO,5215207,45
2021,GO,5216452,35
2021,GO,5221551,26
2021,GO,5215256,35
2021,GO,5206909,28
2021,CE,2301406,114
2021,CE,2304707,382
2021,CE,2305902,362
2021,CE,2313302,522
2021,CE,2306801,91
2021,CE,2311900,129
2021,BA,2919207,1604
2021,BA,2925204,257
2021,CE,2306900,254
2021,BA,2901809,89
2021,CE,2306603,157
2021,BA,2907202,474
2021,BA,2930709,894
2021,BA,2913705,270
2021,BA,2904506,122
2021,BA,2921500,396
2021,CE,2305266,105
2021,BA,2914653,308
2021,BA,2903102,42
2021,BA,2903235,121
2021,BA,2906857,86
2021,CE,2305332,110
2021,BA,2919926,132
2021,BA,2919553,437
2021,BA,2933000,184
2021,BA,2930600,138
2021,BA,2912905,193
2021,BA,2912707,184
2021,BA,2917300,179
2021,BA,2933505,164
2021,BA,2910057,580
2021,BA,2915809,212
2021,BA,2909208,101
2021,BA,2900306,141
2021,BA,2933257,51
2021,BA,2902302,50
2021,BA,2917805,120
2021,CE,2311801,572
2021,CE,2301109,550
2021,BA,2911808,149
2021,CE,2311264,173
2021,BA,2900702,1318
2021,CE,2313401,610
2021,BA,2933604,390
2021,BA,2928406,208
2021,BA,2927002,288
2021,BA,2920809,78
2021,BA,2922656,131
2021,BA,2929404,91
2021,CE,2305233,586
2021,BA,2905305,128
2021,BA,2914109,87
2021,CE,2310852,180
2021,CE,2309805,96
2021,CE,2307601,476
2021,CE,2308401,285
2021,CE,2304004,215
2021,CE,2304905,125
2021,CE,2304251,218
2021,CE,2313252,60
2021,CE,2303501,588
2021,CE,2312304,413
2021,CE,2313203,270
2021,CE,2302107,316
2021,BA,2910404,154
2021,BA,2920403,127
2021,BA,2931004,158
2021,BA,2921450,57
2021,BA,2910503,282
2021,BA,2926509,110
2021,CE,2307650,1991
2021,CE,2308302,255
2021,CE,2304350,200
2021,CE,2304236,150
2021,CE,2306405,849
2021,BA,2906873,264
2021,BA,2931509,135
2021,BA,2926004,307
2021,BA,2932606,90
2021,BA,2920106,115
2021,BA,2922854,58
2021,BA,2903607,118
2021,CE,2307254,169
2021,CE,2313906,114
2021,CE,2306108,163
2021,BA,2932804,140
2021,BA,2913804,111
2021,BA,2918605,79
2021,BA,2923035,96
2021,BA,2900108,82
2021,BA,2930907,57
2021,CE,2310605,62
2021,BA,2910107,84
2021,BA,2919306,53
2021,BA,2922102,138
2021,BA,2927804,56
2021,BA,2929370,61
2021,BA,2902054,74
2021,BA,2907400,17
2021,BA,2918100,279
2021,CE,2310001,74
2021,BA,2918704,25
2021,BA,2905107,93
2021,BA,2901908,149
2021,BA,2911907,245
2021,BA,2914208,50
2021,BA,2902252,66
2021,BA,2928802,429
2021,BA,2915700,56
2021,BA,2908705,141
2021,BA,2914307,68
2021,BA,2932101,165
2021,BA,2931806,153
2021,BA,2904852,124
2021,BA,2902203,62
2021,BA,2931608,92
2021,BA,2924058,105
2021,BA,2907707,67
2021,CE,2305100,32
2021,CE,2310803,125
2021,BA,2904803,47
2021,BA,2925402,70
2021,BA,2922706,124
2021,CE,2310209,298
2021,CE,2305654,132
2021,CE,2313807,156
2021,CE,2311231,41
2021,BA,2918555,54
2021,CE,2303600,86
2021,BA,2927309,115
2021,BA,2929255,130
2021,BA,2922805,59
2021,BA,2924108,42
2021,BA,2922730,56
2021,AL,2708006,389
2021,AL,2701308,144
2021,AM,1303601,91
2021,AM,1302603,18728
2021,AL,2707206,84
2021,AL,2700300,1893
2021,AM,1302504,743
2021,AL,2701407,264
2021,AM,1304302,96
2021,AM,1300706,178
2021,AM,1301209,457
2021,AL,2701902,47
2021,AL,2702603,169
2021,AL,2703205,178
2021,AM,1302801,58
2021,AP,1600600,702
2021,AL,2706406,191
2021,AL,2700102,165
2021,AL,2703759,47
2021,AL,2702207,40
2021,AL,2705101,172
2021,AM,1302207,49
2021,AL,2704807,104
2021,AM,1303502,89
2021,AL,2706448,101
2021,AL,2702900,262
2021,AL,2707701,712
2021,AL,2708600,410
2021,AM,1301159,80
2021,AL,2704609,84
2021,AL,2706109,113
2021,AL,2700508,139
2021,AM,1302306,93
2021,AL,2708303,187
2021,AL,2703007,109
2021,AM,1301001,135
2021,AL,2700904,29
2021,AL,2703700,44
2021,AL,2704906,22
2021,AP,1600709,65
2021,AM,1300144,91
2021,AL,2707503,163
2021,AM,1303304,98
2021,AL,2703304,156
2021,AL,2705507,210
2021,AP,1600055,13
2021,AM,1301852,469
2021,AM,1302108,23
2021,AL,2709202,136
2021,AL,2708105,91
2021,AM,1300086,42
2021,AL,2702504,69
2021,AM,1300839,49
2021,AL,2701605,109
2021,AL,2707008,17
2021,AC,1200138,53
2021,AL,2703403,32
2021,AM,1303957,35
2021,AL,2707404,63
2021,AL,,1
2021,AM,1304005,65
2021,TO,1703800,77
2021,TO,,2
2021,TO,1718204,537
2021,TO,1714880,100
2021,TO,1716208,66
2021,TO,1710904,34
2021,TO,1703107,66
2021,TO,1717206,11
2021,TO,1718709,31
2021,TO,1717008,33
2021,TO,1703842,57
2021,TO,1718758,29
2021,TO,1718881,18
2021,SP,3503406,112
2021,TO,1701309,26
2021,TO,1707108,62
2021,SP,3513405,930
2021,SP,3534807,87
2021,SP,3549904,5699
2021,SP,3539806,1092
2021,SP,3552403,2222
2021,SP,3547304,939
2021,SP,3556206,1088
2021,SP,3518701,3029
2021,SP,3527108,967
2021,SP,3526605,88
2021,SP,3514700,72
2021,SP,3552205,7065
2021,SP,3551405,93
2021,SP,3513801,3114
2021,SP,3550209,355
2021,SP,3535507,514
2021,SP,3519071,1903
2021,SP,3503901,754
2021,SP,3521903,180
2021,SP,3537800,624
2021,SP,3515707,1532
2021,SP,3542107,98
2021,SP,3505708,2695
2021,SP,3547809,7754
2021,SP,3530508,858
2021,SP,3550506,78
2021,SP,3541653,39
2021,SP,3510500,1246
2021,SP,3509601,766
2021,SP,3529005,2733
2021,SP,3504503,983
2021,SP,3520202,125
2021,SP,3511003,260
2021,SP,3500709,391
2021,SP,3528502,793
2021,SP,3513207,81
2021,SP,3516101,35
2021,SP,3501608,2249
2021,SP,3509106,40
2021,SP,3519055,98
2021,SP,3554904,64
2021,SP,3537909,290
2021,SP,3550704,559
2021,SP,3537701,83
2021,SP,3542909,114
2021,SP,3552502,2717
2021,SP,3515103,706
2021,SP,3530300,650
2021,SP,3511300,121
2021,SP,3540507,103
2021,SP,3540804,197
2021,SP,3504701,13
2021,SP,3522208,1473
2021,SP,3551801,122
2021,SP,3516408,1191
2021,SP,3515004,2096
2021,SP,3508306,45
2021,SP,3540903,127
2021,SP,3537107,436
2021,SP,3503158,26
2021,SP,3516002,140
2021,SP,3518602,350
2021,SP,3523206,624
2021,SP,3508009,246
2021,SP,3522653,21
2021,SP,3522158,41
2021,SP,3556453,425
2021,SP,3556503,815
2021,SP,3508405,397
2021,SP,3501152,169
2021,SP,3512902,100
2021,SP,3557303,102
2021,SP,3505609,238
2021,SP,3554409,116
2021,SP,3506102,966
2021,SP,3545308,512
2021,SP,3535101,92
2021,SP,3523503,173
2021,SP,3516903,116
2021,SP,3550100,477
2021,SP,3555356,51
2021,SP,3529906,225
2021,SP,3549706,614
2021,SP,3538204,195
2021,SP,3509809,55
2021,SP,3527306,313
2021,SP,3544905,112
2021,SP,3514403,694
2021,SP,3532207,49
2021,SP,3553708,616
2021,SP,3536307,148
2021,SP,3532801,81
2021,SP,3552551,37
2021,SP,3517802,105
2021,SP,3527702,53
2021,SP,3548054,82
2021,SP,3547601,242
2021,SP,3527603,90
2021,SP,3502606,64
2021,SP,3526407,347
2021,SP,3549409,486
2021,SP,3554508,345
2021,SP,3540408,54
2021,SP,3526001,274
2021,SP,3528858,44
2021,SP,3515202,79
2021,SP,3530706,1726
2021,SP,3503307,1255
2021,SP,3517406,452
2021,SP,3522703,485
2021,SP,3521309,143
2021,SP,3546702,206
2021,SP,3553203,58
2021,SP,3511904,65
2021,SP,3545100,75
2021,SP,3519006,122
2021,SP,3550803,121
2021,SP,3515186,484
2021,SP,3519303,319
2021,SP,3517901,116
2021,TO,1718865,47
2021,SP,3537503,89
2021,SP,3505005,29
2021,SP,3507902,247
2021,SP,3505203,404
2021,SP,3541307,421
2021,SP,3555109,168
2021,SP,3535408,167
2021,SP,3520608,54
2021,SP,3543238,27
2021,TO,1712504,35
2021,TO,1710706,54
2021,TO,1716307,34
2021,TO,1703602,21
2021,TO,1700251,15
2021,SP,3507456,23
2021,SP,3542503,78
2021,SP,3501707,306
2021,SP,3500907,43
2021,TO,1707405,64
2021,TO,1703883,21
2021,TO,1718840,26
2021,TO,1715002,34
2021,TO,1706258,11
2021,SP,3514809,134
2021,SP,3547106,37
2021,SP,3541802,19
2021,SP,3536000,129
2021,SP,3518107,65
2021,SP,3508207,45
2021,SP,3548302,27
2021,SP,3500600,59
2021,SP,3545159,97
2021,SP,3512605,74
2021,SP,3521606,108
2021,SP,3548203,55
2021,SP,3539004,139
2021,SP,3507753,24
2021,SP,3536570,21
2021,SP,3528106,88
2021,SP,3540101,40
2021,SP,3519402,126
2021,SP,3523602,121
2021,SP,3546108,31
2021,SP,3531704,38
2021,SP,3515657,18
2021,SP,3507159,28
2021,SP,3519808,98
2021,SP,3511201,85
2021,SP,3531407,256
2021,SP,3521150,64
2021,SP,3528908,45
2021,SP,3540853,22
2021,SP,3520806,36
2021,SP,3528700,38
2021,SP,3528205,56
2021,SP,3539905,69
2021,SP,3518008,19
2021,SP,3536901,37
2021,SP,3522000,35
2021,SP,3555901,17
2021,SP,3530003,42
2021,SE,2804458,76
2021,SE,2807402,400
2021,SE,2802304,101
2021,SE,2803500,751
2021,SE,2802403,84
2021,SE,2804201,77
2021,SE,2803906,117
2021,SE,2805505,194
2021,SE,2805802,154
2021,SE,2806404,52
2021,SE,2804508,237
2021,SE,2801702,136
2021,SE,2807006,28
2021,SE,2805000,17
2021,SE,,1
2021,SE,2804300,66
2021,SC,4208302,508
2021,RS,4309209,2660
2021,RS,4314100,1930
2021,RS,4313409,2515
2021,RS,4309308,1039
2021,RS,4304507,628
2021,RS,4319901,767
2021,RS,4305124,87
2021,SC,4219853,39
2021,RS,4321956,79
2021,RS,4318309,844
2021,RS,4321600,648
2021,SC,4216107,89
2021,RS,4321303,298
2021,RS,4323002,2547
2021,RS,4321501,379
2021,RS,4313375,241
2021,SC,4216602,1809
2021,SC,4203808,544
2021,SC,4202107,348
2021,RS,4322608,671
2021,RS,4301073,29
2021,RS,4314902,15488
2021,RS,4305504,63
2021,RS,4312054,38
2021,RS,4304200,363
2021,SC,4219176,27
2021,SC,4211900,1255
2021,RS,4316402,444
2021,RS,4305603,45
2021,SC,4217550,20
2021,RS,4302303,126
2021,RS,4303673,22
2021,SC,4211801,64
2021,RS,4314076,83
2021,RS,4304630,559
2021,RS,4314209,120
2021,SC,4203204,554
2021,SC,4213203,275
2021,SC,4212809,205
2021,RS,4312609,59
2021,SC,4218301,212
2021,RS,4304614,20
2021,RS,4321626,26
2021,RS,4301404,101
2021,RS,4321907,294
2021,RS,4308656,31
2021,RS,4318002,717
2021,RS,4306106,734
2021,SC,4215505,150
2021,SC,4209300,1718
2021,RS,4305173,83
2021,RS,4318408,220
2021,RS,4312617,28
2021,RS,4310553,22
2021,RS,4305439,25
2021,SC,4201000,87
2021,RS,4310363,42
2021,RS,4322004,307
2021,SC,4207684,60
2021,RS,4306601,437
2021,RS,4305108,4275
2021,SC,4209201,21
2021,RS,4308201,247
2021,RS,4312757,32
2021,SC,4205803,132
2021,SC,4201950,166
2021,RS,4301750,53
2021,SC,4206900,151
2021,RS,4308078,49
2021,SC,4210506,217
2021,RS,4306007,148
2021,RS,4313490,53
2021,RS,4312427,30
2021,SC,4200051,17
2021,RS,4320107,225
2021,RS,4303301,47
2021,SC,4215000,423
2021,RS,4310405,74
2021,RS,4304101,49
2021,RS,4312302,53
2021,RS,4315206,64
2021,RS,4319703,39
2021,RS,4310702,30
2021,SC,4207304,468
2021,RS,4315909,53
2021,RS,4320909,174
2021,RS,4318507,285
2021,RS,4323200,34
2021,RS,4306056,87
2021,RS,4316758,57
2021,RS,4322376,30
2021,SC,4200903,61
2021,RS,4311106,126
2021,RS,4307609,393
2021,SC,4211892,16
2021,RS,4319711,25
2021,RS,4322533,104
2021,RS,4318622,33
2021,SC,4216503,287
2021,RS,4315156,73
2021,RS,4311122,42
2021,RS,4312807,45
2021,RS,4318457,23
2021,RS,4320453,22
2021,RS,4313607,36
2021,RS,4314456,26
2021,RS,4311908,58
2021,RS,4306957,27
2021,SE,2806107,62
2021,SE,2804607,195
2021,SC,4204459,13
2021,SC,4203709,107
2021,SC,4204301,648
2021,RS,4312377,28
2021,RS,4312252,91
2021,RS,4318614,24
2021,RS,4306072,22
2021,RS,4314035,36
2021,RS,4311791,28
2021,RS,4316006,225
2021,RS,4321857,51
2021,RS,4304713,72
2021,RS,4322855,22
2021,RS,4309506,117
2021,RS,4305447,34
2021,RS,4314001,82
2021,RS,4319158,71
2021,RS,4309951,35
2021,RS,4315008,70
2021,RS,4305371,26
2021,RS,4314472,38
2021,RS,4311130,25
2021,RS,4318440,41
2021,RS,4317905,156
2021,RS,4304952,25
2021,RS,4318606,75
2021,RS,4322558,18
2021,RS,4309803,60
2021,RS,4310579,21
2021,RS,4315552,36
2021,RS,4320602,41
2021,RS,4305009,101
2021,RS,4310900,38
2021,RS,4323770,30
2021,RS,4314605,217
2021,RS,4319737,21
2021,RS,4302238,26
2021,SC,4206801,44
2021,SC,4205209,42
2021,SC,4215059,29
2021,SC,4207700,58
2021,SC,4207601,49
2021,SC,4211256,27
2021,RS,4312443,30
2021,SC,4216404,75
2021,SC,4204509,126
2021,SC,4205100,30
2021,SC,4206405,132
2021,SC,4217600,119
2021,SE,2800407,83
2021,SC,4207205,123
2021,SC,4217105,40
2021,SC,4213302,48
2021,SC,4212700,81
2021,SC,4201604,36
2021,SC,4203105,68
2021,SC,4211405,34
2021,SC,4207858,14
2021,SC,4204103,46
2021,SC,4209904,103
2021,SC,4202438,30
2021,SC,4204178,30
2021,SC,4210407,71
2021,SC,4212502,274
2021,SE,2800100,15
2021,SE,2801900,25
2021,SE,2802502,26
2021,SC,4217907,81
2021,SC,4215554,21
2021,RS,4311155,78
2021,SC,4211454,29
2021,RS,4310751,20
2021,RS,4310876,22
2021,RS,4306130,12
2021,RS,4309704,55
2021,SC,4206603,58
2021,SC,4215208,46
2021,SC,4214904,46
2021,RS,4320263,57
2021,RS,4315172,26
2021,RS,4309654,42
2021,RS,4323457,57
2021,SC,4201802,39
2021,SC,4215695,9
2021,SC,4212403,44
2021,SC,4210555,25
2021,RS,4315321,19
2021,RS,4303806,56
2021,RS,4316972,24
2021,SC,4209854,39
2021,SC,4212601,29
2021,RS,4322103,68
2021,SC,4208401,128
2021,RS,4311643,10
2021,RS,4301925,14
2021,RS,4320578,30
2021,PR,4126272,51
2021,PR,4112207,74
2021,PR,4128203,598
2021,PR,4118204,1567
2021,PR,4123006,130
2021,PR,4110508,139
2021,PR,4102307,136
2021,PR,4125605,361
2021,PR,4114500,125
2021,PR,4117305,276
2021,PR,4111308,36
2021,PR,4108304,2456
2021,PR,4108403,787
2021,PR,4106803,154
2021,PR,4104709,159
2021,PR,4109609,434
2021,PR,4124400,188
2021,PR,4114005,134
2021,PR,4117602,451
2021,PR,4121901,181
2021,PR,4118709,63
2021,PR,4110078,131
2021,PR,4109708,399
2021,PR,4122800,33
2021,PR,4100400,1104
2021,PR,4114203,380
2021,PR,4106506,266
2021,PR,4100103,80
2021,PR,4102406,385
2021,PR,4116406,33
2021,PR,4117453,74
2021,PR,4102901,152
2021,PR,4104303,978
2021,PR,4102752,35
2021,PR,4119608,297
2021,PR,4114609,536
2021,PR,4102802,238
2021,PR,4121257,27
2021,PR,4100301,109
2021,PR,4110300,29
2021,PR,4101408,1369
2021,PR,4112009,394
2021,PR,4108700,71
2021,PR,4128633,46
2021,PR,4119400,278
2021,PR,4122651,65
2021,PR,4110953,80
2021,PR,4127403,193
2021,PR,4113908,113
2021,PR,4101507,1269
2021,PR,4111902,163
2021,PR,4115804,409
2021,PR,4125704,233
2021,PR,4108007,118
2021,PR,4117255,100
2021,PR,4116109,156
2021,PR,4120309,48
2021,PR,4100707,112
2021,PR,4108205,108
2021,PR,4113452,32
2021,PR,4112702,127
2021,PR,4107405,49
2021,PR,4128500,307
2021,PR,4107207,322
2021,PR,4113254,47
2021,PR,4110201,80
2021,PR,4107553,40
2021,PR,4107504,121
2021,PR,4121109,39
2021,PR,4110706,626
2021,PR,4115408,141
2021,PR,4115853,63
2021,PR,4126801,151
2021,PR,4103222,31
2021,PR,4106456,66
2021,PR,4107603,206
2021,PR,4114906,93
2021,PR,4122701,87
2021,PR,4101309,78
2021,PR,4109757,88
2021,PR,4113007,57
2021,PR,4103800,96
2021,PR,4101101,287
2021,PR,4126405,64
2021,PR,4107751,109
2021,PR,4102109,287
2021,PR,4117107,135
2021,PR,4122172,32
2021,PR,4102604,119
2021,PR,4126306,159
2021,PR,4120333,43
2021,PR,4118303,23
2021,PR,4101150,29
2021,PR,4109104,18
2021,PR,4121356,31
2021,PR,4128807,67
2021,PR,4128559,117
2021,PR,4110052,31
2021,PR,4121752,41
2021,PR,4120606,559
2021,PR,4109203,41
2021,PR,4128625,42
2021,PR,4103370,41
2021,PR,4110607,187
2021,PR,4112801,153
2021,PR,4107538,44
2021,PR,4127809,92
2021,PR,4115101,117
2021,PR,4121406,166
2021,PR,4118600,63
2021,PR,4122909,84
2021,PR,4125803,106
2021,PR,4107520,26
2021,PR,4125357,66
2021,PR,4106100,51
2021,PR,4125555,20
2021,PR,4120150,29
2021,PR,4109658,38
2021,PR,4115507,59
2021,PR,4107108,50
2021,PR,4113106,73
2021,PR,4116505,14
2021,RO,1100205,4126
2021,RO,1100023,927
2021,RN,2403251,1653
2021,RN,,4
2021,RN,2400703,119
2021,RN,2414209,92
2021,RN,2400208,422
2021,RN,2411205,312
2021,RN,2409100,97
2021,RR,1400472,173
2021,RN,2411056,46
2021,RN,2409506,28
2021,RN,2406205,40
2021,RN,2409308,106
2021,RN,2412203,382
2021,RN,2405801,269
2021,RN,2413805,14
2021,RN,2403806,71
2021,RN,2402501,82
2021,RN,2401859,39
2021,RO,1100064,148
2021,RO,1100114,455
2021,RN,2402907,34
2021,RN,2411007,49
2021,RN,2410306,75
2021,RO,1100940,104
2021,RN,2406007,66
2021,RN,2414753,24
2021,RN,2404903,60
2021,RN,2413607,49
2021,RN,2403202,61
2021,RO,1100072,54
2021,RR,1400605,38
2021,RN,2413508,53
2021,RJ,3303401,2280
2021,RJ,,764
2021,RN,2414456,34
2021,RJ,3305109,5112
2021,RJ,3306305,3202
2021,RJ,3303708,499
2021,RJ,3303500,9151
2021,RJ,3304706,525
2021,RJ,3304755,543
2021,RJ,3300308,1114
2021,RJ,3300407,1997
2021,RJ,3302908,331
2021,RJ,3303203,2053
2021,RJ,3302254,285
2021,RJ,3306008,933
2021,RJ,3304805,478
2021,RJ,3301108,248
2021,RJ,3304144,1588
2021,RJ,3301801,201
2021,RO,1100106,384
2021,RO,1100049,766
2021,RO,1101500,85
2021,RJ,3305752,339
2021,RJ,3300951,93
2021,RJ,3300233,372
2021,RJ,3300936,96
2021,RJ,3300902,172
2021,RJ,3305901,94
2021,RJ,3304151,264
2021,RN,2408409,39
2021,RN,2412807,57
2021,RN,2404200,224
2021,RN,2401206,113
2021,RN,2406304,58
2021,RN,2410108,97
2021,RN,2414902,12
2021,RN,2410256,27
2021,RN,2403905,19
2021,RN,2401651,22
2021,RO,1100296,61
2021,RO,1101468,16
2021,RN,2404101,10
2021,RJ,3301603,107
2021,RN,2405405,44
2021,RN,2408508,38
2021,RN,2411429,14
2021,RN,2401602,13
2021,RJ,3304607,98
2021,RN,2411106,6
2021,PB,2511905,134
2021,PB,2501005,127
2021,PB,2500536,60
2021,PB,2509404,117
2021,PI,2208007,607
2021,PB,2516805,81
2021,PB,2508901,349
2021,PB,2502805,120
2021,PB,2510105,96
2021,PI,2205508,336
2021,PI,2203255,28
2021,PB,2512077,45
2021,PB,2505600,52
2021,PI,2201572,31
2021,PI,2205300,46
2021,PI,2207793,24
2021,PB,2511301,143
2021,PB,2509008,65
2021,PB,2504801,130
2021,PI,2204709,111
2021,PB,2503001,133
2021,PB,2501575,64
2021,PB,2501104,205
2021,PB,2515005,47
2021,PB,2514305,39
2021,PB,2507804,43
2021,PB,2508307,229
2021,PI,2210508,131
2021,PB,2505279,40
2021,PB,2504009,3708
2021,PB,2512804,58
2021,PB,2502300,45
2021,PB,2501401,68
2021,PB,2500775,74
2021,PB,2516300,199
2021,PI,2209708,63
2021,PB,2513208,66
2021,PB,2516508,137
2021,PB,2514008,45
2021,PB,2509057,53
2021,PI,2207777,50
2021,PB,2509800,69
2021,PB,2500403,179
2021,PB,2513356,16
2021,PB,2506707,83
2021,PB,2505402,69
2021,PI,2210300,61
2021,PI,2211308,225
2021,PB,2516607,114
2021,PB,2516409,82
2021,PI,2207504,123
2021,PB,2500908,131
2021,PB,2501203,57
2021,PB,2514909,83
2021,PI,2205003,90
2021,PB,2513927,28
2021,PI,2202604,188
2021,PI,2206308,10
2021,PB,2511103,37
2021,PI,2202307,179
2021,PB,2506103,131
2021,PB,2502102,55
2021,PB,2512036,35
2021,PI,2202083,77
2021,PI,2204154,22
2021,PI,2202026,54
2021,PI,2207207,59
2021,PI,2209872,34
2021,PI,2209153,30
2021,PI,2205557,63
2021,PI,2201051,51
2021,PB,2513802,45
2021,PI,2204501,83
2021,PI,2205201,153
2021,PB,2505907,21
2021,PB,2500106,67
2021,PI,2209609,26
2021,PI,2208304,274
2021,PI,2207801,125
2021,PB,2517209,29
2021,PI,2210201,50
2021,PA,1501402,11890
2021,PA,1501709,751
2021,PE,2610707,2831
2021,PE,2606101,212
2021,PI,2210375,21
2021,PA,1507458,166
2021,PA,1503705,289
2021,PA,1506195,152
2021,PE,2607703,155
2021,PE,2606002,1224
2021,PE,2610301,148
2021,PA,1508308,260
2021,PA,1502103,617
2021,PA,1503507,201
2021,PA,1508084,265
2021,PE,2600401,222
2021,PE,2601409,377
2021,PE,2611200,131
2021,PE,2606903,102
2021,PE,2608008,152
2021,PI,2200806,29
2021,PA,,82
2021,PE,2612455,96
2021,PA,1500404,379
2021,PA,1503754,132
2021,PE,2609907,481
2021,PE,2608107,286
2021,PA,1505650,102
2021,PA,1505494,45
2021,PE,2603009,246
2021,PA,1505502,622
2021,PA,1503606,929
2021,PA,1500602,900
2021,PE,2609204,92
2021,PE,2610103,70
2021,PE,2614204,261
2021,PE,2604908,141
2021,PA,1502954,212
2021,PA,1504901,137
2021,PA,1505486,251
2021,PA,1507151,164
2021,PE,2610400,144
2021,PE,2612406,171
2021,PA,1506351,135
2021,PE,2616308,243
2021,PA,1504059,248
2021,PA,1506161,155
2021,PA,1503457,170
2021,PE,2606408,707
2021,PE,2615409,271
2021,PE,2610004,521
2021,PA,1504406,178
2021,PA,1507466,49
2021,PE,2605301,253
2021,PA,1501782,263
2021,PE,2608701,123
2021,PA,1508407,335
2021,PE,2608255,96
2021,PA,1504422,763
2021,PE,2611705,187
2021,PE,2613107,329
2021,PE,2605202,604
2021,PE,2609501,345
2021,PE,2604155,87
2021,PA,1507805,60
2021,PE,2605608,182
2021,PA,1505601,56
2021,PE,2613800,154
2021,PA,1501451,136
2021,PE,2601805,105
2021,PE,2608602,117
2021,PE,2605806,136
2021,PE,2604601,224
2021,PE,2605509,116
2021,PE,2603900,140
2021,PE,2616001,144
2021,PE,2601300,73
2021,PE,2612703,152
2021,PE,2613206,177
2021,PE,2607604,170
2021,PE,2602704,105
2021,PB,2502151,60
2021,PA,1502004,92
2021,PA,1502855,81
2021,PA,1508126,136
2021,PI,2210805,136
2021,PI,2211357,35
2021,PI,2204600,26
2021,PI,2203271,22
2021,PI,2208106,76
2021,PI,2209856,43
2021,PI,2210003,151
2021,PI,2205904,46
2021,PI,2203230,33
2021,PA,1508357,107
2021,PB,2505105,172
2021,PB,2509909,69
2021,PI,2205524,28
2021,PI,2209559,35
2021,PB,2511400,193
2021,PB,2510659,14
2021,PE,2607307,208
2021,PE,2600203,113
2021,PE,2611002,236
2021,PB,2500734,20
2021,PB,2513653,17
2021,PA,1502608,79
2021,PI,2206050,47
2021,PI,2205599,37
2021,PI,2211407,36
2021,PI,2202091,34
2021,PB,2506202,39
2021,PI,2203859,17
2021,PI,2203404,60
2021,PI,2200905,43
2021,PB,2513851,58
2021,PI,2210656,77
2021,PI,2205581,33
2021,PI,2209955,26
2021,PB,2512788,22
2021,MT,5101407,135
2021,MS,5003454,133
2021,MS,5006200,401
2021,MT,5105150,368
2021,MS,5006358,100
2021,MT,5103700,69
2021,MT,5103403,5763
2021,MT,5102793,85
2021,MT,5106208,39
2021,MT,5103205,319
2021,MS,5002209,170
2021,MT,5104906,66
2021,MS,5000856,82
2021,MT,5100201,220
2021,MS,5005152,68
2021,MT,5105101,298
2021,MS,5006903,116
2021,MT,5107909,1107
2021,MS,5003207,1034
2021,MS,5003702,2041
2021,MS,5002803,53
2021,MS,5008305,1223
2021,MT,5101258,146
2021,MT,5106224,263
2021,MS,5000906,82
2021,MS,5001243,72
2021,MT,5105606,161
2021,MS,5008404,78
2021,MS,5007406,182
2021,MT,5104807,246
2021,MT,5106505,307
2021,MT,5107156,21
2021,MT,5104609,90
2021,MG,3136108,59
2021,MG,3131307,1955
2021,MG,3170206,6554
2021,MG,3146107,638
2021,MG,3161502,94
2021,MG,3116308,73
2021,MG,3165008,97
2021,MG,3166808,104
2021,MG,3170651,30
2021,MG,3104106,113
2021,MG,3131703,1083
2021,MG,3160702,584
2021,MG,3144359,71
2021,MG,3162104,295
2021,MG,3136801,29
2021,MG,3161700,54
2021,MG,3121209,69
2021,MG,3151800,1688
2021,MG,3129806,1337
2021,MG,3120300,40
2021,MG,3169505,69
2021,MG,3170800,332
2021,MG,3162450,72
2021,MG,3109907,128
2021,MG,3108701,57
2021,MG,3126208,46
2021,MG,3141405,179
2021,MG,3113008,181
2021,MG,3117801,104
2021,MG,3163409,66
2021,MG,3145208,526
2021,MG,3144003,253
2021,MG,3141603,123
2021,MG,3155603,178
2021,MG,3108305,194
2021,MG,3169000,172
2021,MG,3120607,56
2021,MG,3171501,34
2021,MG,3109501,116
2021,MG,3161106,429
2021,MG,3118205,60
2021,MG,3158953,282
2021,MG,3139003,383
2021,MG,3168408,177
2021,MG,3168606,1347
2021,MG,3144375,25
2021,MG,3132602,44
2021,MG,3143203,239
2021,MG,3155306,39
2021,MG,3168002,264
2021,MG,3169307,785
2021,MG,3168804,70
2021,MG,3148004,1435
2021,MG,3156809,100
2021,MG,3110103,42
2021,MG,3152105,617
2021,MG,3131158,127
2021,MG,3151206,430
2021,MG,3171154,40
2021,MG,3136579,26
2021,MG,3157005,383
2021,MG,3126703,187
2021,MG,3129707,95
2021,MG,3142700,135
2021,MG,3113206,233
2021,MG,3135357,59
2021,MG,3151305,129
2021,MG,3123908,152
2021,MG,3130507,107
2021,MG,3136009,150
2021,MG,3152170,93
2021,MG,3108255,56
2021,MG,3133808,973
2021,MG,3164100,57
2021,MG,3117504,193
2021,MG,3150539,54
2021,MG,3124203,232
2021,MG,3167905,50
2021,MG,3122470,22
2021,MG,3102803,119
2021,MG,3136405,38
2021,MG,3154606,2383
2021,MG,3128402,94
2021,MG,3103900,74
2021,MG,3156452,50
2021,MG,3135506,135
2021,MG,3149804,103
2021,MG,3115102,203
2021,MG,3138302,25
2021,MG,3139706,54
2021,MG,3106606,45
2021,MG,3142106,75
2021,MG,3157906,157
2021,MG,3130655,50
2021,MG,3144201,27
2021,MG,3142809,214
2021,MG,3126950,19
2021,MG,3104403,46
2021,MG,3121001,30
2021,MG,3102308,135
2021,MG,3114907,22
2021,MG,3150307,61
2021,MG,3167103,160
2021,MG,3153608,97
2021,MG,3108909,173
2021,MG,3148756,47
2021,MG,3153004,25
2021,MG,3167608,162
2021,MG,3144656,76
2021,MG,3139409,722
2021,MG,3134608,164
2021,MS,5007109,175
2021,MS,5005608,249
2021,MG,3123205,152
2021,MG,3140506,121
2021,MG,3166006,59
2021,MG,3146206,67
2021,MG,3143500,73
2021,MG,3160405,267
2021,MG,3120805,176
2021,MG,3125705,129
2021,MG,3136603,55
2021,MG,3138104,52
2021,MG,3113107,20
2021,MG,3172004,427
2021,MG,3160454,49
2021,MG,3151107,133
2021,MG,3154903,157
2021,MG,3115706,87
2021,MG,3148608,132
2021,MG,3133709,125
2021,MG,3150604,84
2021,MG,3150109,42
2021,MG,3102506,60
2021,MG,3158904,67
2021,MG,3153301,29
2021,MG,3153202,31
2021,MG,3161056,32
2021,MG,3170008,90
2021,MG,3111804,105
2021,MG,3110608,278
2021,MG,3101409,25
2021,MG,3124500,104
2021,MG,3124401,52
2021,MG,3107901,110
2021,MG,3109709,91
2021,MG,3119906,33
2021,MG,3126505,64
2021,MG,3171071,41
2021,MG,3138351,30
2021,MG,3160900,36
2021,MG,3110400,32
2021,MG,3114501,159
2021,MG,3119807,31
2021,MG,3145000,85
2021,MG,3124807,74
2021,MG,3134806,83
2021,MG,3128105,144
2021,MG,3126604,30
2021,MG,3149150,68
2021,MG,3106655,23
2021,MG,3135605,75
2021,MG,3103603,25
2021,MG,3162005,251
2021,MG,3154101,117
2021,MG,3119104,240
2021,MG,3159902,158
2021,MG,3168309,18
2021,MG,3114709,45
2021,MG,3108404,182
2021,MG,3147204,204
2021,MG,3123601,251
2021,MG,3136900,78
2021,MG,3154150,55
2021,MG,3149200,48
2021,MG,3130903,219
2021,MG,3122207,66
2021,MG,3166501,14
2021,MG,3164472,42
2021,MG,3127909,15
2021,MG,3115805,130
2021,MG,3156403,43
2021,MG,3100104,70
2021,MG,3155108,41
2021,MG,3172202,33
2021,MG,3107703,42
2021,MG,3165602,16
2021,MG,3162575,59
2021,MT,5107354,52
2021,MS,5003488,81
2021,MT,5106265,43
2021,MT,5108808,33
2021,MT,5107404,41
2021,MT,5106778,69
2021,MG,3137536,94
2021,MG,3151909,95
2021,MG,3162948,50
2021,MG,3131109,69
2021,MG,3125507,24
2021,MG,3149002,26
2021,MG,3145877,63
2021,MG,3133105,158
2021,MG,3120508,85
2021,MG,3164902,32
2021,MG,3145505,20
2021,MG,3122801,39
2021,MG,3117207,25
2021,MG,3128907,65
2021,MG,3110707,124
2021,MT,5106240,67
2021,MS,5003900,20
2021,MG,3168051,43
2021,MT,5106703,18
2021,MT,5105234,40
2021,MT,5103809,29
2021,MS,5007307,52
2021,MS,5007554,38
2021,MG,3155702,107
2021,MG,3142502,12
2021,MG,3145372,40
2021,MG,3143450,56
2021,MG,3168507,133
2021,MG,3121506,39
2021,MG,3127404,31
2021,MG,3147956,36
2021,MG,3144409,54
2021,MG,3163607,29
2021,MG,3163201,40
2021,MG,3154705,54
2021,MG,3143609,27
2021,MG,3119005,37
2021,MG,3114600,42
2021,MG,3113800,19
2021,MG,3111150,31
2021,MG,3157609,25
2021,MG,3161304,63
2021,MG,3147600,150
2021,MG,3164431,21
2021,MG,3115607,14
2021,MG,3121704,20
2021,MT,5104500,19
2021,ES,3204559,299
2021,ES,3201209,1694
2021,ES,3201506,1010
2021,ES,3204005,150
2021,MA,2108306,214
2021,MA,2102705,115
2021,MA,2106326,98
2021,MA,2110906,99
2021,GO,,80
2021,GO,5208707,13642
2021,MA,2101939,47
2021,MA,2108256,97
2021,ES,3204500,81
2021,MA,2106805,79
2021,MA,2102309,176
2021,GO,5212501,1479
2021,ES,3202405,1105
2021,MA,2103703,223
2021,MA,2111300,7341
2021,MA,2111250,44
2021,MA,2102408,52
2021,MA,2104602,83
2021,MA,2101707,292
2021,ES,3200805,327
2021,MA,2104800,474
2021,GO,5204508,760
2021,MA,2109239,31
2021,MA,2110500,251
2021,GO,5204656,38
2021,ES,3203502,188
2021,GO,5209200,197
2021,GO,5215603,235
2021,GO,5200258,1032
2021,ES,3203106,130
2021,MA,2107506,780
2021,MA,2109601,258
2021,MA,2102754,89
2021,MA,2100709,151
2021,MA,2106375,58
2021,MA,,52
2021,MA,2101301,91
2021,MA,2106607,209
2021,MA,2107100,50
2021,MA,2112407,122
2021,MA,2112456,103
2021,MA,2111409,99
2021,MA,2105500,211
2021,ES,3200409,225
2021,GO,5213103,564
2021,MA,2111029,66
2021,GO,5222302,48
2021,GO,5201207,10
2021,MA,2105427,163
2021,ES,3200136,104
2021,MA,2102556,99
2021,MA,2108702,169
2021,MA,2107803,212
2021,MA,2103174,73
2021,GO,5209952,143
2021,MA,2104099,95
2021,ES,3203809,159
2021,ES,3201605,257
2021,MA,2101251,103
2021,ES,3201100,95
2021,ES,3204203,196
2021,MA,2110856,47
2021,ES,3204252,65
2021,MA,2110278,33
2021,GO,5220454,1018
2021,ES,3203601,32
2021,GO,5215231,569
2021,GO,5218607,133
2021,GO,5214408,96
2021,GO,5222054,82
2021,GO,5201702,210
2021,GO,5210802,51
2021,GO,5209408,37
2021,GO,5220405,184
2021,GO,5200100,137
2021,GO,5209705,229
2021,GO,5210901,171
2021,GO,5219902,54
2021,GO,5221452,32
2021,GO,5205513,185
2021,GO,5210109,279
2021,GO,5208103,67
2021,GO,5215801,38
2021,ES,3203353,101
2021,GO,5200175,32
2021,ES,3203908,457
2021,ES,3201159,90
2021,GO,5218508,506
2021,GO,5208608,698
2021,GO,5211701,59
2021,GO,5217203,154
2021,GO,5203559,89
2021,GO,5212808,100
2021,MA,2109809,181
2021,MA,2110104,129
2021,MA,2106631,36
2021,MA,2110609,174
2021,MA,2105922,72
2021,GO,5220157,55
2021,GO,5215009,93
2021,GO,5207501,37
2021,GO,5215306,133
2021,GO,5221502,52
2021,GO,5205059,52
2021,GO,5205208,67
2021,GO,5203609,31
2021,GO,5212105,84
2021,GO,5212006,41
2021,GO,5208152,40
2021,GO,5210562,66
2021,GO,5203104,29
2021,GO,5220280,23
2021,GO,5220702,7
2021,GO,5221304,42
2021,ES,3200169,112
2021,MA,2105963,75
2021,MA,2109106,338
2021,MA,2103109,56
2021,GO,5200555,52
2021,GO,5216007,26
2021,GO,5207808,120
2021,GO,5206305,31
2021,MA,2105450,42
2021,GO,5202601,36
2021,GO,5221577,29
2021,MA,2105906,93
2021,GO,5205471,64
2021,GO,5212055,23
2021,MA,2111631,24
2021,MA,2111573,24
2021,GO,5203939,21
2021,GO,5204557,27
2021,GO,5220058,21
2021,GO,5206800,23
2021,GO,5215405,44
2021,MA,2110807,31
2021,CE,2311009,119
2021,CE,2309409,265
2021,CE,2300903,120
2021,CE,2313005,182
2021,BA,2922508,246
2021,BA,2907103,222
2021,CE,2301851,127
2021,BA,2909901,218
2021,CE,2305209,162
2021,BA,2916005,177
2021,BA,2929602,170
2021,BA,2928604,509
2021,BA,2910776,41
2021,BA,2900207,116
2021,BA,2921104,230
2021,BA,2901007,348
2021,CE,2301703,186
2021,BA,2931103,75
2021,BA,2905404,78
2021,BA,2932903,643
2021,BA,2927705,222
2021,BA,2908507,222
2021,BA,2921005,352
2021,BA,2906907,176
2021,BA,2902708,373
2021,CE,2303808,254
2021,CE,2304103,695
2021,BA,2930758,88
2021,BA,2911709,688
2021,BA,2900801,177
2021,BA,2913002,128
2021,BA,2904605,601
2021,CE,2302602,495
2021,CE,2303709,2582
2021,BA,2928703,781
2021,BA,2929503,340
2021,BA,2921054,80
2021,CE,2312007,274
2021,CE,2313104,270
2021,BA,2907806,293
2021,CE,2310704,327
2021,BA,2926202,201
2021,CE,2302008,188
2021,CE,2304285,444
2021,CE,2301000,667
2021,BA,2933455,107
2021,BA,2906204,202
2021,CE,2304806,40
2021,BA,2914406,194
2021,BA,2901304,111
2021,BA,2921906,76
2021,BA,2930105,665
2021,CE,2310407,94
2021,CE,2302800,630
2021,CE,2312908,1738
2021,CE,2305803,387
2021,CE,2304301,171
2021,CE,2304277,56
2021,CE,2300150,128
2021,CE,2306009,120
2021,CE,2311603,266
2021,CE,2313955,171
2021,BA,2904704,183
2021,BA,2914000,493
2021,BA,2910750,129
2021,BA,2915403,59
2021,BA,2912103,242
2021,BA,2926103,134
2021,CE,2302305,244
2021,BA,2916906,104
2021,BA,2923100,206
2021,BA,2923050,63
2021,CE,2309706,571
2021,CE,2313351,97
2021,CE,2303105,181
2021,CE,2312106,124
2021,CE,2312205,333
2021,CE,2307205,70
2021,CE,2311959,126
2021,CE,2303204,222
2021,CE,2307700,791
2021,BA,2908309,143
2021,BA,2905206,375
2021,BA,2911501,64
2021,BA,2915502,238
2021,BA,2911006,94
2021,BA,2910859,128
2021,CE,2304509,116
2021,CE,2307403,237
2021,BA,2921203,244
2021,BA,2903276,108
2021,BA,2917359,49
2021,BA,2925931,60
2021,BA,2908804,42
2021,BA,2910008,92
2021,BA,2933059,97
2021,BA,2923357,136
2021,BA,2931400,79
2021,BA,2911303,81
2021,BA,2928059,110
2021,BA,2920700,113
2021,BA,2903003,114
2021,BA,2930402,144
2021,BA,2918753,62
2021,BA,2911600,183
2021,BA,2921807,111
2021,BA,2926905,71
2021,BA,2903706,115
2021,BA,2900900,73
2021,BA,2924801,153
2021,BA,2921609,92
2021,BA,2901353,135
2021,BA,2921401,98
2021,BA,2929305,234
2021,BA,2931053,131
2021,BA,2918456,61
2021,BA,2902658,88
2021,BA,2912301,131
2021,BA,2923704,194
2021,BA,2925600,127
2021,BA,2921302,105
2021,BA,2906808,278
2021,BA,2916708,53
2021,BA,2916609,72
2021,BA,2922201,59
2021,BA,2922755,56
2021,BA,2924207,76
2021,BA,2904308,90
2021,BA,2932457,86
2021,BA,2902005,101
2021,BA,2929107,169
2021,BA,2925907,191
2021,BA,2901205,165
2021,BA,2912509,104
2021,CE,2308807,75
2021,CE,2306504,146
2021,CE,2307908,86
2021,CE,2301950,169
2021,BA,2915353,81
2021,BA,2933109,63
2021,BA,2919405,95
2021,BA,2916302,90
2021,CE,2300507,98
2021,CE,2301505,67
2021,CE,2310100,80
2021,CE,2308377,67
2021,CE,2309003,179
2021,BA,2933174,63
2021,BA,2924652,74
2021,BA,2905503,84
2021,CE,2311702,184
2021,AM,1301704,293
2021,AM,1300201,59
2021,AC,1200385,99
2021,AC,1200302,188
2021,AM,1303700,110
2021,AL,2706000,91
2021,AL,2701506,64
2021,AM,1301605,111
2021,AP,1600402,102
2021,AC,1200252,127
2021,AL,2702355,197
2021,AL,2705606,68
2021,AM,1301506,91
2021,AL,2708709,66
2021,AM,1303205,102
2021,AC,1200104,177
2021,AM,1304203,400
2021,AL,2708204,62
2021,AL,2706802,131
2021,AM,1303106,153
2021,AL,2704104,156
2021,AL,2709103,170
2021,AL,2702405,443
2021,AM,1304401,87
2021,AL,2709152,268
2021,AL,2705705,161
2021,AM,1301951,37
2021,AC,1200450,166
2021,AL,2701209,98
2021,AC,,11
2021,AC,1200807,109
2021,AL,2700706,117
2021,AL,2701100,68
2021,AM,1303536,209
2021,AC,1200328,12
2021,AM,1301654,64
2021,AL,2705804,50
2021,AM,1302009,68
2021,AP,1600105,32
2021,AP,1600253,12
2021,TO,1700707,86
2021,TO,1701903,56
2021,TO,1715101,30
2021,TO,1711902,88
2021,TO,1707009,142
2021,TO,1716604,93
2021,TO,1707207,49
2021,TO,1720002,16
2021,TO,1701002,70
2021,TO,1705557,44
2021,TO,1702109,1281
2021,TO,1713304,140
2021,TO,1720200,69
2021,TO,1702406,87
2021,TO,1711951,30
2021,TO,1706001,33
2021,TO,1708254,27
2021,TO,1719004,29
2021,SP,3550308,105942
2021,SP,3525904,4260
2021,SP,3526902,3032
2021,SP,3548708,6860
2021,SP,3523107,2601
2021,SP,3509502,10661
2021,SP,3542305,48
2021,SP,3554300,200
2021,SP,3557006,1220
2021,SP,3553955,167
2021,SP,3518503,137
2021,SP,3520103,290
2021,SP,3534401,6446
2021,SP,3541406,2550
2021,SP,3543402,6555
2021,SP,3501103,88
2021,SP,3507100,204
2021,SP,3503802,437
2021,SP,3532157,24
2021,SP,3524105,453
2021,SP,3535606,164
2021,SP,3539202,249
2021,SP,3522505,1759
2021,SP,3546009,136
2021,SP,3549102,1103
2021,SP,3508504,907
2021,SP,3520400,185
2021,SP,3530409,57
2021,SP,3507605,1853
2021,SP,3530805,1051
2021,SP,3518404,1292
2021,SP,3512803,552
2021,SP,3501400,35
2021,SP,3535804,187
2021,SP,3508702,202
2021,SP,3552908,75
2021,SP,3509908,115
2021,SP,3508801,207
2021,SP,3512209,272
2021,SP,3517505,209
2021,SP,3519907,87
2021,SP,3517208,112
2021,SP,3551009,3598
2021,SP,3507506,1403
2021,SP,3521002,267
2021,SP,3544301,113
2021,SP,3536505,750
2021,TO,1712702,14
2021,SP,3509403,255
2021,SP,3525003,798
2021,SP,3549607,43
2021,SP,3541901,101
2021,SP,3524303,864
2021,SP,3557204,149
2021,SP,3501509,35
2021,SP,3543006,173
2021,SP,3505906,658
2021,SP,3556107,149
2021,SP,3510302,211
2021,SP,3540606,501
2021,SP,3503208,2379
2021,SP,3515509,908
2021,SP,3524808,609
2021,SP,3543907,2070
2021,SP,3520442,294
2021,SP,3520301,368
2021,SP,3509254,273
2021,SP,3532405,209
2021,SP,3511508,423
2021,SP,3509205,676
2021,SP,3506508,1367
2021,SP,3537305,773
2021,SP,3524006,420
2021,SP,3529302,781
2021,SP,3501905,795
2021,SP,3531209,87
2021,SP,3549003,34
2021,SP,3543600,57
2021,SP,3544004,270
2021,SP,3546306,294
2021,SP,3557105,1008
2021,SP,3520004,256
2021,SP,3543501,81
2021,SP,3507407,154
2021,SP,3506706,110
2021,SP,3531308,509
2021,SP,3528007,182
2021,SP,3500105,448
2021,SP,3541703,117
2021,SP,3513306,22
2021,SP,3506300,129
2021,SP,3509957,39
2021,SP,3502903,340
2021,SP,3511409,247
2021,SP,3521804,311
2021,SP,3553302,232
2021,SP,3504800,131
2021,TO,1703867,29
2021,TO,1700350,66
2021,TO,1700400,39
2021,TO,1712801,21
2021,TO,1703891,33
2021,TO,1709005,95
2021,TO,1718907,34
2021,SP,3509700,452
2021,SP,3508900,46
2021,SP,3529203,294
2021,SP,3532306,66
2021,SP,3545506,27
2021,SP,3515301,28
2021,TO,1707553,30
2021,TO,1703909,48
2021,TO,1717909,44
2021,TO,1703057,24
2021,TO,1700301,32
2021,TO,1720937,8
2021,TO,1713601,43
2021,TO,1717800,38
2021,SP,3536703,432
2021,SP,3517109,53
2021,SP,3526209,277
2021,TO,1720655,50
2021,SP,3506904,102
2021,TO,1703305,22
2021,TO,1721307,9
2021,TO,1720259,17
2021,TO,1707306,33
2021,TO,1702703,33
2021,TO,1704105,12
2021,TO,1715150,21
2021,TO,1704600,11
2021,SP,3529609,58
2021,SP,3547403,36
2021,SP,3531605,41
2021,SP,3529807,127
2021,SP,3532843,21
2021,SP,3519204,70
2021,SP,3520707,65
2021,SP,3521705,210
2021,SP,3503703,87
2021,SP,3515608,63
2021,SP,3500402,105
2021,SP,3534203,57
2021,SP,3543808,103
2021,SP,3512001,191
2021,SP,3540309,25
2021,SP,3532603,136
2021,SP,3510906,26
2021,SP,3536604,106
2021,SP,3521200,34
2021,SP,3542008,82
2021,SP,3551900,168
2021,SP,3548104,66
2021,SP,3529500,69
2021,SP,3500758,68
2021,SP,3556602,142
2021,SP,3544509,34
2021,SP,3555208,21
2021,SP,3529658,15
2021,SP,3557154,28
2021,SP,3506409,106
2021,SP,3523800,77
2021,SP,3544707,18
2021,SP,3544806,88
2021,SP,3515806,30
2021,TO,1712009,24
2021,SP,3543105,42
2021,SP,3519253,68
2021,SP,3554656,32
2021,SP,3546207,53
2021,SP,3546256,23
2021,SP,3507209,10
2021,SE,2805703,245
2021,SE,2804409,129
2021,SE,2802908,772
2021,SE,2807501,84
2021,SE,2801603,46
2021,SE,2804904,85
2021,SE,2800506,153
2021,SE,2803609,176
2021,SE,2800308,4934
2021,SE,2806008,127
2021,SE,2806503,21
2021,SE,2806305,97
2021,SE,2800605,244
2021,RS,4305355,351
2021,RS,4304606,3893
2021,SC,4205704,188
2021,SC,4220000,158
2021,RS,4304705,766
2021,SC,4204202,1776
2021,RS,4321477,65
2021,RS,4314407,3979
2021,RS,4301909,143
2021,SC,4218004,290
2021,SC,4202404,2438
2021,RS,4304903,82
2021,RS,4322541,47
2021,RS,4303400,48
2021,SC,4212304,63
2021,SC,4209102,4828
2021,RS,4317004,99
2021,RS,4306452,41
2021,RS,4304622,15
2021,RS,4319604,302
2021,RS,4306304,53
2021,RS,4312385,27
2021,RS,4302600,36
2021,RS,4307500,145
2021,RS,4316303,77
2021,RS,4311007,354
2021,RS,4306551,24
2021,RS,4321667,96
2021,SC,4201257,80
2021,RS,4313656,156
2021,SC,4202008,964
2021,RS,4300059,33
2021,RS,4308300,101
2021,RS,4318705,2251
2021,RS,4302808,415
2021,SC,4214805,592
2021,RS,4302451,78
2021,RS,4302907,111
2021,RS,4307302,72
2021,RS,4322525,37
2021,RS,4309571,32
2021,RS,4316501,67
2021,RS,4301651,52
2021,RS,4322186,23
2021,RS,4321436,134
2021,SC,4205407,3523
2021,SC,4214409,59
2021,RS,4313201,308
2021,SC,4204004,106
2021,SC,4216701,144
2021,SC,4215653,86
2021,RS,4316600,137
2021,SC,4202305,533
2021,RS,4312658,188
2021,SC,4210035,57
2021,RS,4321451,315
2021,RS,4300604,2115
2021,SC,4202859,39
2021,SC,4215901,34
2021,SC,4213351,32
2021,SC,4215406,39
2021,RS,4302105,965
2021,RS,4315453,30
2021,SC,4213906,13
2021,RS,4319802,116
2021,SC,4202800,268
2021,RS,4310009,228
2021,RS,4305975,23
2021,RS,4302402,139
2021,RS,4313060,174
2021,RS,4313805,77
2021,RS,4301800,55
2021,SC,4219309,424
2021,RS,4315602,2226
2021,RS,4321832,26
2021,RS,4320354,84
2021,RS,4320305,48
2021,SC,4213153,36
2021,SC,4200754,20
2021,RS,4314498,46
2021,SC,4213708,147
2021,RS,4322806,231
2021,RS,4305207,152
2021,RS,4305454,234
2021,RS,4323804,125
2021,RS,4323101,62
2021,RS,4312906,78
2021,RS,4311759,52
2021,RS,4306809,223
2021,RS,4322327,37
2021,SC,4217758,17
2021,RS,4304697,27
2021,RS,4311700,44
2021,RS,4311601,50
2021,RS,4315404,106
2021,RS,4305587,32
2021,RS,4309605,201
2021,RS,4301859,36
2021,SC,4208450,212
2021,RS,4313003,44
2021,RS,4313425,39
2021,RS,,6
2021,SE,2805901,65
2021,SE,2803104,40
2021,SE,2806602,71
2021,SC,4202602,80
2021,SC,4201208,65
2021,SC,4204251,120
2021,RS,4322251,39
2021,RS,4300109,186
2021,RS,4319364,21
2021,RS,4309126,25
2021,RS,4301958,29
2021,RS,4312955,14
2021,RS,4323309,53
2021,RS,4314068,34
2021,RS,4300851,46
2021,RS,4304671,40
2021,SC,4206751,21
2021,RS,4314423,42
2021,RS,4314779,33
2021,RS,4300802,123
2021,RS,4318432,43
2021,RS,4312203,51
2021,RS,4311270,17
2021,RS,4317806,148
2021,RS,4316477,28
2021,RS,4312351,14
2021,RS,4303558,28
2021,RS,4321493,31
2021,RS,4317756,21
2021,RS,4321329,33
2021,RS,4308250,15
2021,RS,4305934,17
2021,SC,4201273,32
2021,SC,4205555,20
2021,RS,4311734,20
2021,SC,4200200,91
2021,SC,4217808,167
2021,SC,4219150,20
2021,SC,4213401,126
2021,SC,4214300,23
2021,SC,4219002,196
2021,SE,2806800,97
2021,SE,2803708,56
2021,SC,4217006,95
2021,SC,4211702,228
2021,SC,4208807,221
2021,SC,4203402,66
2021,SC,4205308,115
2021,SC,4211009,79
2021,SC,4205431,20
2021,SC,4215075,67
2021,SC,4204400,104
2021,SC,4205001,172
2021,SC,4209177,20
2021,SC,4214201,106
2021,SC,4200507,58
2021,SC,4200804,57
2021,SC,4215687,28
2021,SE,2805109,65
2021,SC,4206009,134
2021,SC,4203956,193
2021,SC,4209508,74
2021,SC,4216800,82
2021,RS,4307203,43
2021,RS,4305959,42
2021,SC,4211603,128
2021,SE,2800704,45
2021,RS,4308052,26
2021,RS,4310538,54
2021,SE,2806909,30
2021,SE,2801108,34
2021,SC,4219200,55
2021,SC,4216255,61
2021,SC,4206108,60
2021,SC,4202537,28
2021,RS,4308003,85
2021,RS,4307815,40
2021,SC,4201901,56
2021,SC,4214102,16
2021,SC,4204756,24
2021,SC,4218103,44
2021,SC,4209458,14
2021,SC,4204194,22
2021,SC,4207650,88
2021,RS,4314548,18
2021,RS,4300307,85
2021,SC,4219408,22
2021,RS,4305835,21
2021,RS,4314134,19
2021,RS,4317251,15
2021,SC,4213005,36
2021,SC,4214151,28
2021,RS,4312005,10
2021,RS,4302584,33
2021,RS,4305871,24
2021,PR,4127957,70
2021,PR,4117222,100
2021,PR,4100806,132
2021,PR,4128104,1133
2021,PR,4112306,51
2021,PR,4121000,118
2021,PR,4116802,80
2021,PR,4105904,278
2021,PR,4123600,13
2021,PR,4107736,46
2021,PR,4118857,78
2021,PR,4120002,157
2021,PR,4102000,390
2021,PR,4123105,41
2021,PR,4118808,156
2021,PR,4112504,125
2021,PR,4128005,317
2021,PR,4123501,263
2021,PR,4111100,81
2021,PR,4104659,161
2021,PR,4123402,130
2021,PR,4111001,80
2021,PR,4124509,59
2021,PR,4110904,41
2021,PR,4111506,375
2021,PR,4125902,18
2021,PR,4123907,160
2021,PR,4122602,88
2021,PR,4114302,288
2021,PR,4108957,75
2021,PR,4117057,96
2021,PR,4104402,154
2021,PR,4122305,313
2021,PR,4126900,60
2021,PR,4103008,54
2021,PR,4114351,28
2021,PR,4123808,119
2021,PR,4124707,113
2021,PR,4103503,114
2021,PR,4107256,85
2021,PR,4110805,117
2021,PR,4109005,61
2021,PR,4117404,41
2021,PR,4124301,30
2021,PR,4121208,211
2021,PR,4117701,361
2021,PR,4128534,110
2021,PR,4103909,183
2021,PR,4120655,44
2021,PR,4113734,67
2021,PR,4127882,73
2021,PR,4126603,278
2021,PR,4101606,233
2021,PR,4116703,135
2021,PR,4107850,68
2021,PR,4115754,81
2021,PR,4105003,83
2021,PR,4117214,65
2021,PR,4111803,423
2021,PR,4103602,279
2021,PR,4123204,41
2021,PR,4117503,364
2021,PR,4102208,49
2021,PR,4108106,34
2021,PR,4119707,39
2021,PR,4108551,42
2021,PR,4113759,55
2021,PR,4126678,101
2021,PR,4108601,287
2021,PR,4113601,48
2021,PR,4126702,58
2021,PR,4118907,176
2021,PR,4114708,43
2021,PR,4103057,104
2021,PR,4107009,147
2021,PR,4101903,165
2021,PR,4122008,138
2021,PR,4125456,51
2021,PR,4107306,62
2021,PR,4115739,33
2021,PR,4103305,107
2021,PR,4121604,66
2021,PR,4103354,53
2021,PR,4125001,113
2021,PR,4120200,29
2021,PR,4112603,8
2021,PR,4106555,59
2021,PR,4113429,51
2021,PR,4107801,55
2021,PR,4103404,28
2021,PR,4122107,33
2021,RN,2412500,242
2021,RN,2414803,106
2021,RO,1100122,1250
2021,RN,2402600,566
2021,RN,2410900,56
2021,RN,2404606,72
2021,RN,2411502,192
2021,RN,2413557,46
2021,RR,1400456,97
2021,RN,2409332,42
2021,RN,2406700,106
2021,RN,2407302,67
2021,RO,1100403,123
2021,RO,1100262,28
2021,RN,2407500,69
2021,RN,2408607,41
2021,RN,2406155,27
2021,RO,1101492,121
2021,RN,2405009,87
2021,RN,2407807,133
2021,RN,2403509,59
2021,RO,1100098,254
2021,RN,2412559,54
2021,RN,2402709,92
2021,RN,2414506,102
2021,RO,1100346,108
2021,RO,1100379,102
2021,RN,2404507,148
2021,RO,1100254,192
2021,RN,2411601,17
2021,RO,1101476,23
2021,RO,1101302,76
2021,RN,2406403,21
2021,RN,2407203,209
2021,RN,2413300,45
2021,RN,2409902,129
2021,RO,1101807,52
2021,RJ,3304904,10424
2021,RJ,3303302,6409
2021,RJ,3305158,237
2021,RJ,3304409,196
2021,RJ,3301009,5635
2021,RJ,3301504,249
2021,RJ,3304201,1292
2021,RJ,3305208,1079
2021,RJ,3302007,1308
2021,RJ,3302700,2110
2021,RJ,3303906,4008
2021,RJ,3304102,160
2021,RO,1101005,52
2021,RO,1100130,251
2021,RO,1100189,321
2021,RJ,3301306,410
2021,RJ,3303955,256
2021,RN,2407906,24
2021,RJ,3301405,218
2021,RJ,3301850,587
2021,RJ,3304508,85
2021,RJ,3300605,467
2021,RJ,3302106,329
2021,RN,2414100,85
2021,RN,2400109,88
2021,RN,2408805,37
2021,RN,2405702,124
2021,RN,2406601,65
2021,RN,2401909,21
2021,RO,1100502,73
2021,RJ,3302056,157
2021,RN,2413003,38
2021,RN,2405504,10
2021,PI,2211001,6782
2021,PB,2507507,7191
2021,PB,2513703,1235
2021,PB,2509107,204
2021,PB,2500502,118
2021,PB,2501807,812
2021,PB,2503704,583
2021,PB,2501500,212
2021,PB,2512309,220
2021,PI,2201739,43
2021,PI,2211100,349
2021,PI,2201507,210
2021,PI,2201200,285
2021,PB,2514453,46
2021,PI,2206902,65
2021,PI,2202901,197
2021,PB,2505352,40
2021,PI,2202000,190
2021,PI,2208403,703
2021,PI,2205151,41
2021,PI,2209757,24
2021,PB,2508000,64
2021,PB,2505808,53
2021,PI,2207306,28
2021,PB,2502904,64
2021,PB,2509370,19
2021,PB,2512101,336
2021,PB,2508406,32
2021,PB,2500809,158
2021,PI,2208205,141
2021,PI,2201705,40
2021,PB,2510006,67
2021,PI,2208858,27
2021,PB,2516755,19
2021,PB,2503308,93
2021,PI,2210623,20
2021,PI,2207553,22
2021,PI,2201960,63
2021,PB,2505238,44
2021,PB,2512507,372
2021,PI,2203701,340
2021,PI,2207603,47
2021,PB,2516102,116
2021,PB,2512002,143
2021,PB,2505204,79
2021,PI,2209203,35
2021,PB,2508802,65
2021,PB,2516201,649
2021,PI,2209971,66
2021,PI,2208809,145
2021,PB,2502052,36
2021,PI,2206100,78
2021,PI,2204105,34
2021,PI,2209377,47
2021,PI,2201804,55
2021,PB,2503506,108
2021,PB,2514800,29
2021,PI,2205953,60
2021,PB,2510501,28
2021,PI,2204352,44
2021,PB,2507606,70
2021,PI,2206407,111
2021,PB,2508505,62
2021,PI,2205458,38
2021,PB,2504355,59
2021,PB,2515807,63
2021,PI,2202752,50
2021,PI,2207405,33
2021,PB,2504207,49
2021,PB,2515203,21
2021,PB,2509396,57
2021,PB,2502706,55
2021,PI,2202174,34
2021,PI,2201770,40
2021,PB,2503902,48
2021,PI,2210102,25
2021,PB,2503803,54
2021,PB,2517001,81
2021,PB,2513968,26
2021,PI,2209302,43
2021,PB,2512762,39
2021,PB,2513307,65
2021,PI,2203602,63
2021,PA,1506609,215
2021,PA,1501725,113
2021,PA,1506708,226
2021,PA,1508100,613
2021,PE,2608503,204
2021,PE,2613909,658
2021,PE,2613701,1027
2021,PI,2209500,40
2021,PB,2511806,75
2021,PA,1500107,879
2021,PA,1502772,174
2021,PA,1507508,78
2021,PA,1505205,120
2021,PA,1501303,660
2021,PA,1501501,423
2021,PA,1502202,538
2021,PE,2604106,2825
2021,PE,2602100,401
2021,PE,2612604,244
2021,PA,1505304,408
2021,PA,1503804,293
2021,PA,1507201,146
2021,PE,2616407,1344
2021,PE,2611804,345
2021,PA,1504752,130
2021,PE,2611101,2457
2021,PA,1502764,76
2021,PE,2603702,204
2021,PE,2613008,418
2021,PA,1506302,150
2021,PA,1505437,201
2021,PE,2602308,343
2021,PE,2612208,454
2021,PE,2610905,652
2021,PE,2612307,147
2021,PA,1505908,131
2021,PE,2600807,234
2021,PE,2613305,175
2021,PE,2604007,732
2021,PE,2603603,89
2021,PA,1501758,37
2021,PE,2612802,75
2021,PE,2612901,96
2021,PE,2607000,122
2021,PA,1504950,92
2021,PE,2608404,152
2021,PE,2600500,319
2021,PA,1506104,83
2021,PE,2616209,167
2021,PE,2615607,230
2021,PE,2600054,922
2021,PA,1503408,64
2021,PE,2616100,95
2021,PA,1508159,286
2021,PA,1508035,153
2021,PA,1502806,113
2021,PE,2601052,157
2021,PE,2615201,61
2021,PA,1501808,422
2021,PE,2603454,1415
2021,PA,1506500,443
2021,PE,2613404,167
2021,PA,1505403,118
2021,PE,2610509,252
2021,PA,1507755,42
2021,PA,1501600,71
2021,PE,2602506,77
2021,PE,2612109,45
2021,PE,2614303,74
2021,PE,2604403,121
2021,PE,2607653,275
2021,PE,2606507,138
2021,PA,1504307,190
2021,PE,2603108,181
2021,PE,2616506,149
2021,PE,2607752,188
2021,PB,2502508,152
2021,PE,2604502,183
2021,PE,2614709,84
2021,PE,2609105,116
2021,PE,2612000,109
2021,PE,2614857,174
2021,PA,1506906,31
2021,PA,1503002,65
2021,PB,2506251,66
2021,PI,2204808,97
2021,PI,2205573,50
2021,PI,2202133,43
2021,PI,2200053,32
2021,PI,2203503,133
2021,PI,2211209,211
2021,PI,2200608,58
2021,PI,2201176,33
2021,PI,2201919,54
2021,PA,1506005,165
2021,PB,2500577,18
2021,PI,2206654,27
2021,PI,2202455,39
2021,PI,2200707,67
2021,PI,2210359,37
2021,PB,2514552,21
2021,PE,2606309,51
2021,PI,2201309,17
2021,PI,2200954,16
2021,PI,2205516,28
2021,PI,2204659,101
2021,PI,2202554,32
2021,PI,2202117,20
2021,PB,2503100,35
2021,PB,2517407,22
2021,PI,2202653,36
2021,PI,2207934,7
2021,PI,2205540,28
2021,MS,5003801,219
2021,MS,5002704,8719
2021,MS,5001102,482
2021,MS,5008008,162
2021,MS,5002001,90
2021,MT,5106158,92
2021,MT,5107578,13
2021,MT,5106802,36
2021,MT,5101852,47
2021,MS,5003157,133
2021,MT,5102850,62
2021,MT,5100359,46
2021,MT,5102637,212
2021,MT,5108501,82
2021,MS,5000609,346
2021,MT,5101902,127
2021,MT,5107925,510
2021,MT,5102603,123
2021,MS,5003256,210
2021,MS,5003306,322
2021,MT,5103601,79
2021,MS,5005400,301
2021,MT,5107065,123
2021,MS,5005707,532
2021,MT,5102504,914
2021,MT,5104559,38
2021,MT,5104104,280
2021,MS,5007950,81
2021,MT,5107875,118
2021,MS,5005103,13
2021,MT,5106307,164
2021,MT,5107180,104
2021,MT,5103007,188
2021,MS,5007976,28
2021,MT,5103353,235
2021,MT,5107305,134
2021,MT,5101704,209
2021,MT,5103908,46
2021,MS,5000807,72
2021,MT,5107297,16
2021,MT,5104542,32
2021,MG,3168705,773
2021,MG,3138005,90
2021,MG,3113305,461
2021,MG,3161601,42
2021,MG,3134707,101
2021,MG,3132701,224
2021,MG,3116100,60
2021,MG,3124609,38
2021,MG,3137502,186
2021,MG,3170057,103
2021,MG,3112604,167
2021,MG,3104304,182
2021,MG,3165701,81
2021,MG,3123809,73
2021,MG,3167202,2022
2021,MG,3104502,130
2021,MG,3119401,934
2021,MG,3150505,93
2021,MG,3109451,44
2021,MG,3170404,712
2021,MG,3162906,290
2021,MG,3109402,192
2021,MG,3161908,92
2021,MG,3171808,101
2021,MG,3112703,123
2021,MG,3140001,416
2021,MG,3123106,34
2021,MG,3130200,90
2021,MG,3166303,54
2021,MG,3149507,36
2021,MG,3129004,94
2021,MG,3118106,50
2021,MG,3144607,245
2021,MG,3163805,65
2021,MG,3127305,78
2021,MG,3169406,573
2021,MG,3123304,59
2021,MG,3104601,136
2021,MG,3162708,171
2021,MG,3131406,50
2021,MG,3139300,172
2021,MG,3112307,234
2021,MG,3104809,47
2021,MG,3133402,156
2021,MG,3100401,43
2021,MG,3159506,50
2021,MG,3124005,160
2021,MG,3104700,133
2021,MG,3156908,223
2021,MG,3104908,180
2021,MG,3152501,1410
2021,MG,3127073,38
2021,MG,3137601,512
2021,MG,3149705,76
2021,MG,3154804,89
2021,MG,3118304,1183
2021,MG,3109204,101
2021,MG,3109006,353
2021,MG,3112059,29
2021,MG,3104007,982
2021,MG,3145901,263
2021,MG,3100807,42
2021,MG,3100203,238
2021,MG,3154457,53
2021,MG,3109600,38
2021,MG,3141801,168
2021,MG,3123700,104
2021,MG,3132107,129
2021,MG,3152204,306
2021,MG,3122900,78
2021,MG,3137809,245
2021,MG,3125903,101
2021,MG,3121902,38
2021,MG,3101706,356
2021,MG,3105608,1229
2021,MG,3162252,34
2021,MG,3105509,54
2021,MG,3127503,56
2021,MG,3161650,37
2021,MG,3129400,68
2021,MG,3140209,42
2021,MG,3129103,49
2021,MG,3150000,42
2021,MG,3143401,205
2021,MG,3117836,39
2021,MG,3158409,42
2021,MG,3161809,91
2021,MG,3122009,226
2021,MG,3136504,84
2021,MG,3108800,51
2021,MG,3117603,49
2021,MG,3141504,60
2021,MG,3138401,584
2021,MG,3155504,112
2021,MG,3115409,28
2021,MG,3117306,284
2021,MG,3160959,40
2021,MG,3139201,175
2021,MG,3101102,293
2021,MG,3143807,64
2021,MG,3140159,120
2021,MG,3138807,193
2021,MG,3126802,63
2021,MG,3105400,263
2021,MG,3142908,209
2021,MG,3165909,33
2021,MG,3162609,77
2021,MG,3109105,98
2021,MG,3125002,48
2021,MG,3110004,381
2021,MG,3147105,863
2021,MG,3117405,43
2021,MG,3112901,85
2021,MS,5007505,45
2021,MS,5002951,159
2021,MS,5006309,498
2021,MS,5002308,86
2021,MS,5002159,64
2021,MG,3139607,308
2021,MG,3169356,244
2021,MG,3149309,618
2021,MG,3149903,201
2021,MG,3157203,255
2021,MG,3135456,51
2021,MG,3113909,110
2021,MG,3170701,1199
2021,MG,3138708,55
2021,MG,3100302,112
2021,MG,3110202,52
2021,MG,3143906,1196
2021,MG,3140605,40
2021,MT,5108055,120
2021,MT,5103437,52
2021,MG,3108008,205
2021,MS,5007802,63
2021,MG,3116407,21
2021,MG,3111507,118
2021,MG,3156502,52
2021,MG,3154408,45
2021,MG,3148301,95
2021,MG,3103702,71
2021,MG,3133204,122
2021,MG,3124302,262
2021,MG,3169208,102
2021,MG,3127206,32
2021,MG,3106903,189
2021,MG,3167509,32
2021,MG,3121308,57
2021,MG,3155009,29
2021,MG,3118700,117
2021,MG,3165537,212
2021,MG,3145455,27
2021,MG,3105905,232
2021,MG,3110509,237
2021,MG,3131505,112
2021,MG,3105301,70
2021,MG,3104452,21
2021,MG,3163003,35
2021,MG,3159407,27
2021,MG,3122454,62
2021,MG,3102704,72
2021,MG,3150570,41
2021,MG,3140803,177
2021,MG,3115359,50
2021,MG,3152808,282
2021,MG,3152907,107
2021,MG,3126307,39
2021,MG,3147907,1082
2021,MG,3102001,161
2021,MG,3119609,25
2021,MG,3158607,47
2021,MG,3145406,19
2021,MG,3106804,43
2021,MG,3156205,24
2021,MG,3157708,109
2021,MG,3116902,20
2021,MG,3127057,45
2021,MG,3135076,34
2021,MG,3128808,70
2021,MG,3109253,30
2021,MG,3115474,33
2021,MG,3148202,70
2021,MG,3102407,26
2021,MG,3140852,60
2021,MG,3126406,23
2021,MG,3171105,37
2021,MG,3149408,22
2021,MG,3151008,110
2021,MG,3139904,153
2021,MG,3165404,41
2021,MG,3169109,83
2021,MG,3146602,17
2021,MS,5006408,71
2021,MT,5106273,30
2021,MT,5107750,39
2021,MT,5107206,57
2021,MT,5105200,108
2021,MT,5106315,19
2021,MT,5102694,29
2021,MT,5107248,44
2021,MT,5101308,102
2021,MT,5108204,50
2021,MG,3106002,92
2021,MG,3114808,50
2021,MG,3108503,40
2021,MG,3114105,111
2021,MG,3167806,63
2021,MT,5108006,72
2021,MG,3167301,24
2021,MG,3124906,118
2021,MG,3139250,63
2021,MG,3137304,31
2021,MT,5108857,20
2021,MT,5101001,36
2021,MT,5106851,40
2021,MS,,3
2021,MG,3165206,50
2021,MG,3101201,77
2021,MG,3170503,108
2021,MG,3130804,28
2021,MG,3148806,23
2021,MG,3150901,65
2021,MG,3101300,41
2021,MG,3150208,37
2021,MG,3166600,7
2021,MG,3160009,37
2021,MG,3141306,22
2021,MG,3167400,52
2021,MG,3164803,7
2021,MG,3150703,52
2021,MG,3153806,19
2021,MG,3167004,21
2021,MG,3158300,48
2021,MG,3146404,52
2021,MG,3107000,22
2021,MT,5101209,5
2021,ES,3205200,4077
2021,ES,3201704,101
2021,MA,2100873,48
2021,MA,2106672,33
2021,ES,3205069,185
2021,ES,3205309,2846
2021,ES,3205002,3712
2021,MA,2102325,405
2021,MA,2107704,149
2021,MA,2101608,550
2021,GO,5220603,191
2021,MA,2102101,221
2021,ES,3203346,151
2021,MA,2105351,66
2021,MA,2103307,831
2021,ES,3200201,268
2021,ES,3203205,1215
2021,GO,5217708,190
2021,GO,5208905,252
2021,MA,2109502,151
2021,MA,2103406,355
2021,MA,2110401,88
2021,GO,5211909,930
2021,ES,3204609,247
2021,MA,2100105,21
2021,MA,2100436,162
2021,ES,,116
2021,MA,2101509,161
2021,MA,2112704,285
2021,ES,3203403,283
2021,MA,2103158,51
2021,MA,2103802,185
2021,MA,2102606,80
2021,ES,3204906,953
2021,MA,2108900,123
2021,MA,2107456,68
2021,ES,3204351,128
2021,MA,2111052,73
2021,MA,2100402,37
2021,MA,2105005,119
2021,ES,3202553,68
2021,ES,3202108,226
2021,ES,3203304,144
2021,MA,2109700,45
2021,MA,2107357,101
2021,MA,2112233,198
2021,ES,3202652,104
2021,MA,2100501,70
2021,MA,2100907,231
2021,ES,3204302,130
2021,ES,3203700,155
2021,ES,3203007,239
2021,MA,2112605,115
2021,GO,5219605,36
2021,GO,5200803,93
2021,ES,3203163,100
2021,MA,2103257,109
2021,ES,3204708,264
2021,MA,2105708,337
2021,MA,2104073,51
2021,MA,2102804,202
2021,MA,2108504,216
2021,MA,2101004,184
2021,MA,2102150,42
2021,MA,2112803,329
2021,GO,5210000,615
2021,MA,2108058,60
2021,MA,2106359,22
2021,MA,2107001,69
2021,MA,2109205,53
2021,MA,2102077,61
2021,ES,3200607,652
2021,GO,5218904,239
2021,GO,5203500,254
2021,MA,2105948,67
2021,GO,5203203,84
2021,GO,5210406,362
2021,GO,5213087,284
2021,GO,5205307,57
2021,GO,5211503,1242
2021,GO,5202502,79
2021,GO,5209101,374
2021,GO,5212204,204
2021,GO,5200050,112
2021,GO,5213004,76
2021,GO,5213905,58
2021,GO,5212709,58
2021,GO,5200852,70
2021,GO,5217609,637
2021,GO,5209457,23
2021,MA,2105104,116
2021,MA,2110203,207
2021,MA,2101772,63
2021,MA,2101806,30
2021,GO,5222005,133
2021,GO,5221700,146
2021,GO,5205406,236
2021,GO,5200209,23
2021,GO,5220504,81
2021,GO,5214838,92
2021,GO,5221197,73
2021,GO,5215702,255
2021,GO,5219456,23
2021,GO,5211305,65
2021,GO,5204300,133
2021,GO,5214002,117
2021,MA,2111805,102
2021,MA,2104701,54
2021,MA,2111748,47
2021,MA,2111789,48
2021,MA,2107308,38
2021,MA,2101970,36
2021,MA,2104503,79
2021,GO,5219258,60
2021,GO,5204953,63
2021,GO,5203401,100
2021,GO,5214705,24
2021,MA,2107258,32
2021,GO,5211602,33
2021,GO,5219357,38
2021,MA,2106102,55
2021,MA,2103901,62
2021,MA,2106003,105
2021,GO,5204003,63
2021,GO,5209937,66
2021,GO,5219704,111
2021,MA,2104651,42
2021,GO,5202353,30
2021,GO,5201454,20
2021,GO,5220686,58
2021,GO,5200159,25
2021,GO,5208509,45
2021,GO,5212253,18
2021,GO,5200506,37
2021,GO,5214101,50
2021,GO,5216908,29
2021,GO,5215900,37
2021,GO,5214879,33
2021,CE,2308500,374
2021,CE,2305407,556
2021,CE,2300200,453
2021,CE,2309607,569
2021,CE,2300309,427
2021,CE,2302909,142
2021,CE,2314102,443
2021,CE,2304202,979
2021,BA,2910602,207
2021,BA,2927101,67
2021,BA,2931350,1300
2021,CE,2300754,265
2021,CE,2311306,663
2021,CE,2306256,364
2021,BA,2927408,22328
2021,BA,2916203,103
2021,BA,2930154,232
2021,BA,2917508,724
2021,BA,2918001,1404
2021,BA,2905701,2146
2021,BA,2910701,440
2021,BA,2919108,66
2021,BA,2929909,386
2021,CE,2304400,21592
2021,BA,2906501,667
2021,CE,2310902,135
2021,BA,2922904,162
2021,BA,2930808,128
2021,BA,2914604,549
2021,CE,2307635,135
2021,BA,2923407,177
2021,CE,2300804,66
2021,BA,2928208,183
2021,BA,2925501,303
2021,BA,2930766,76
2021,BA,2909802,457
2021,BA,2907301,220
2021,BA,2904001,114
2021,BA,2908200,193
2021,CE,2301901,589
2021,BA,2927507,170
2021,BA,2916401,637
2021,BA,2915601,596
2021,BA,2923209,174
2021,BA,2927606,117
2021,BA,2910800,4669
2021,BA,2914703,551
2021,BA,2926301,320
2021,BA,2925303,1034
2021,BA,2918407,1761
2021,BA,2925105,453
2021,BA,2903805,124
2021,BA,2924603,156
2021,BA,2933307,2836
2021,BA,2929008,75
2021,BA,2920502,234
2021,BA,2903409,182
2021,BA,2920205,109
2021,BA,2918506,109
2021,BA,2930204,247
2021,CE,2303956,177
2021,CE,2305001,385
2021,CE,2310308,311
2021,CE,2305308,188
2021,CE,2302503,465
2021,BA,2932002,228
2021,BA,2922409,205
2021,CE,2313708,72
2021,BA,2917003,290
2021,BA,2902104,350
2021,BA,2930303,125
2021,BA,2920452,63
2021,BA,2917334,76
2021,CE,2306207,81
2021,CE,2311355,159
2021,CE,2302057,111
2021,CE,2301604,179
2021,CE,2307106,225
2021,CE,2311504,183
2021,CE,2309201,132
2021,CE,2309300,339
2021,CE,2308005,286
2021,CE,2308203,117
2021,CE,2303006,158
2021,BA,,292
2021,BA,2910206,48
2021,BA,2926707,120
2021,BA,2913507,191
2021,CE,2305605,234
2021,CE,2302404,447
2021,BA,2908606,148
2021,BA,2913903,417
2021,CE,2313559,130
2021,CE,2303402,168
2021,CE,2306553,237
2021,CE,2304954,186
2021,BA,2931905,318
2021,BA,2901502,77
2021,BA,2909703,100
2021,BA,2906105,61
2021,BA,2902807,178
2021,BA,2913606,1742
2021,BA,2904407,87
2021,BA,2927200,298
2021,BA,2922300,263
2021,BA,2908002,219
2021,BA,2900355,107
2021,BA,2919603,93
2021,BA,2902906,271
2021,BA,2913101,120
2021,BA,2915205,133
2021,CE,2302206,428
2021,BA,2932200,185
2021,BA,2902609,159
2021,BA,2901106,190
2021,BA,2933406,64
2021,BA,2909505,32
2021,BA,2925709,96
2021,BA,2922052,89
2021,BA,2906303,290
2021,BA,2918308,134
2021,BA,2917201,150
2021,CE,2305704,99
2021,BA,2901155,105
2021,BA,2933158,114
2021,BA,2909307,173
2021,BA,2914505,225
2021,BA,2904753,134
2021,BA,2916500,196
2021,BA,2906709,228
2021,BA,2931202,126
2021,BA,2923902,83
2021,BA,2920908,106
2021,BA,2924900,50
2021,BA,2926608,369
2021,BA,2918803,192
2021,BA,2930501,622
2021,BA,2907905,144
2021,BA,2913200,233
2021,BA,2919009,31
2021,BA,2903508,150
2021,BA,2911402,125
2021,BA,2905156,73
2021,BA,2926806,109
2021,BA,2900504,78
2021,BA,2919900,49
2021,BA,2931301,76
2021,BA,2906600,117
2021,BA,2911253,46
2021,BA,2906899,73
2021,CE,2304459,131
2021,CE,2308708,570
2021,BA,2909000,47
2021,CE,2300705,121
2021,CE,2311207,69
2021,BA,2924678,56
2021,BA,2912004,85
2021,BA,2930006,65
2021,CE,2312809,50
2021,CE,2304269,85
2021,CE,2301802,51
2021,CE,2309904,64
2021,BA,2928950,62
2021,CE,,2
2021,AC,1200401,2865
2021,AC,1200203,529
2021,AL,2702553,148
2021,AL,2705200,123
2021,AM,1300508,178
2021,AM,1304062,372
2021,AP,1600303,3181
2021,AL,2706307,698
2021,AL,2704500,225
2021,AM,1303809,329
2021,AM,1301902,724
2021,AM,1300607,180
2021,AL,2709400,201
2021,AM,1300805,194
2021,AL,2700409,296
2021,AC,1200435,42
2021,AM,1302405,203
2021,AM,1300029,68
2021,AP,1600238,33
2021,AP,1600808,59
2021,AL,2700805,43
2021,AC,1200054,59
2021,AM,1300300,208
2021,AP,1600212,10
2021,AL,2706901,271
2021,AC,1200500,235
2021,AL,2709301,525
2021,AP,1600535,81
2021,AL,2705903,35
2021,AL,2702108,141
2021,AM,1301803,56
2021,AL,2705002,135
2021,AP,1600154,44
2021,AC,1200013,92
2021,AL,2705309,44
2021,AL,2707107,148
2021,AM,1301308,114
2021,AL,2701357,48
2021,AL,2707909,48
2021,AP,1600501,116
2021,AC,1200708,99
2021,AL,2707800,41
2021,AL,2706208,34
2021,AM,1302553,105
2021,AM,1304237,77
2021,AM,1300409,96
2021,AM,1300904,40
2021,AP,1600550,11
